[0m13:58:49.427652 [debug] [MainThread]: Sending event: {'category': 'dbt', 'action': 'invocation', 'label': 'start', 'context': [<snowplow_tracker.self_describing_json.SelfDescribingJson object at 0x00000232E6D19400>, <snowplow_tracker.self_describing_json.SelfDescribingJson object at 0x00000232E4523ED0>, <snowplow_tracker.self_describing_json.SelfDescribingJson object at 0x00000232E90DB9D0>]}


============================== 13:58:49.430646 | 07ba44ed-84ee-4b47-9a1a-8777da983886 ==============================
[0m13:58:49.430646 [info ] [MainThread]: Running with dbt=1.11.11
[0m13:58:49.431045 [debug] [MainThread]: running dbt with arguments {'static_parser': 'True', 'no_print': 'None', 'version_check': 'True', 'target_path': 'None', 'warn_error_options': 'WarnErrorOptionsV2(error=[], warn=[], silence=[])', 'printer_width': '80', 'write_json': 'True', 'introspect': 'True', 'log_cache_events': 'False', 'empty': 'None', 'cache_selected_only': 'False', 'log_format': 'default', 'debug': 'False', 'fail_fast': 'False', 'profiles_dir': '.', 'send_anonymous_usage_stats': 'True', 'quiet': 'False', 'warn_error': 'None', 'partial_parse': 'True', 'use_colors': 'True', 'invocation_command': 'dbt debug --profiles-dir .', 'indirect_selection': 'eager', 'use_experimental_parser': 'False', 'log_path': 'C:\\Users\\antoniou.athanasis\\Desktop\\adtech-analytics\\logs'}
[0m13:58:49.442458 [info ] [MainThread]: dbt version: 1.11.11
[0m13:58:49.442765 [info ] [MainThread]: python version: 3.14.3
[0m13:58:49.443004 [info ] [MainThread]: python path: C:\Users\antoniou.athanasis\Desktop\adtech-analytics\.venv\Scripts\python.exe
[0m13:58:49.443238 [info ] [MainThread]: os info: Windows-11-10.0.26100-SP0
[0m13:58:49.507512 [info ] [MainThread]: Using profiles dir at .
[0m13:58:49.507878 [info ] [MainThread]: Using profiles.yml file at .\profiles.yml
[0m13:58:49.508215 [info ] [MainThread]: Using dbt_project.yml file at C:\Users\antoniou.athanasis\Desktop\adtech-analytics\dbt_project.yml
[0m13:58:49.509651 [info ] [MainThread]: adapter type: duckdb
[0m13:58:49.509958 [info ] [MainThread]: adapter version: 1.10.1
[0m13:58:49.573115 [info ] [MainThread]: Configuration:
[0m13:58:49.573543 [info ] [MainThread]:   profiles.yml file [[32mOK found and valid[0m]
[0m13:58:49.573905 [info ] [MainThread]:   dbt_project.yml file [[32mOK found and valid[0m]
[0m13:58:49.574230 [info ] [MainThread]: Required dependencies:
[0m13:58:49.574541 [debug] [MainThread]: Executing "git --help"
[0m13:58:49.595887 [debug] [MainThread]: STDOUT: "b"usage: git [-v | --version] [-h | --help] [-C <path>] [-c <name>=<value>]\n           [--exec-path[=<path>]] [--html-path] [--man-path] [--info-path]\n           [-p | --paginate | -P | --no-pager] [--no-replace-objects] [--no-lazy-fetch]\n           [--no-optional-locks] [--no-advice] [--bare] [--git-dir=<path>]\n           [--work-tree=<path>] [--namespace=<name>] [--config-env=<name>=<envvar>]\n           <command> [<args>]\n\nThese are common Git commands used in various situations:\n\nstart a working area (see also: git help tutorial)\n   clone      Clone a repository into a new directory\n   init       Create an empty Git repository or reinitialize an existing one\n\nwork on the current change (see also: git help everyday)\n   add        Add file contents to the index\n   mv         Move or rename a file, a directory, or a symlink\n   restore    Restore working tree files\n   rm         Remove files from the working tree and from the index\n\nexamine the history and state (see also: git help revisions)\n   bisect     Use binary search to find the commit that introduced a bug\n   diff       Show changes between commits, commit and working tree, etc\n   grep       Print lines matching a pattern\n   log        Show commit logs\n   show       Show various types of objects\n   status     Show the working tree status\n\ngrow, mark and tweak your common history\n   backfill   Download missing objects in a partial clone\n   branch     List, create, or delete branches\n   commit     Record changes to the repository\n   history    EXPERIMENTAL: Rewrite history\n   merge      Join two or more development histories together\n   rebase     Reapply commits on top of another base tip\n   reset      Set `HEAD` or the index to a known state\n   switch     Switch branches\n   tag        Create, list, delete or verify tags\n\ncollaborate (see also: git help workflows)\n   fetch      Download objects and refs from another repository\n   pull       Fetch from and integrate with another repository or a local branch\n   push       Update remote refs along with associated objects\n\n'git help -a' and 'git help -g' list available subcommands and some\nconcept guides. See 'git help <command>' or 'git help <concept>'\nto read about a specific subcommand or concept.\nSee 'git help git' for an overview of the system.\n""
[0m13:58:49.596238 [debug] [MainThread]: STDERR: "b''"
[0m13:58:49.596495 [info ] [MainThread]:  - git [[32mOK found[0m]

[0m13:58:49.596723 [info ] [MainThread]: Connection:
[0m13:58:49.596932 [info ] [MainThread]:   database: dev
[0m13:58:49.597122 [info ] [MainThread]:   schema: main
[0m13:58:49.597300 [info ] [MainThread]:   path: dev.duckdb
[0m13:58:49.597475 [info ] [MainThread]:   config_options: None
[0m13:58:49.597698 [info ] [MainThread]:   extensions: None
[0m13:58:49.597917 [info ] [MainThread]:   settings: {}
[0m13:58:49.598106 [info ] [MainThread]:   external_root: .
[0m13:58:49.598287 [info ] [MainThread]:   use_credential_provider: None
[0m13:58:49.598466 [info ] [MainThread]:   attach: None
[0m13:58:49.598640 [info ] [MainThread]:   filesystems: None
[0m13:58:49.598921 [info ] [MainThread]:   remote: None
[0m13:58:49.599177 [info ] [MainThread]:   plugins: None
[0m13:58:49.599391 [info ] [MainThread]:   disable_transactions: False
[0m13:58:49.599742 [info ] [MainThread]: Registered adapter: duckdb=1.10.1
[0m13:58:49.723173 [debug] [MainThread]: Acquiring new duckdb connection 'debug'
[0m13:58:51.432775 [debug] [MainThread]: Using duckdb connection "debug"
[0m13:58:51.433150 [debug] [MainThread]: On debug: select 1 as id
[0m13:58:51.433413 [debug] [MainThread]: Opening a new connection, currently in state init
[0m13:58:51.451240 [debug] [MainThread]: SQL status: OK in 0.018 seconds
[0m13:58:51.452053 [debug] [MainThread]: On debug: Close
[0m13:58:51.452392 [info ] [MainThread]:   Connection test: [[32mOK connection ok[0m]

[0m13:58:51.452727 [info ] [MainThread]: [32mAll checks passed![0m
[0m13:58:51.453396 [debug] [MainThread]: Command `dbt debug` succeeded at 13:58:51.453309 after 2.12 seconds
[0m13:58:51.453657 [debug] [MainThread]: Connection 'debug' was properly closed.
[0m13:58:51.453952 [debug] [MainThread]: Sending event: {'category': 'dbt', 'action': 'invocation', 'label': 'end', 'context': [<snowplow_tracker.self_describing_json.SelfDescribingJson object at 0x00000232E8F3A650>, <snowplow_tracker.self_describing_json.SelfDescribingJson object at 0x00000232E78F1130>, <snowplow_tracker.self_describing_json.SelfDescribingJson object at 0x00000232E9475BF0>]}
[0m13:58:51.454306 [debug] [MainThread]: Flushing usage events
[0m13:58:52.346007 [debug] [MainThread]: An error was encountered while trying to flush usage events
[0m14:01:43.578313 [debug] [MainThread]: Sending event: {'category': 'dbt', 'action': 'invocation', 'label': 'start', 'context': [<snowplow_tracker.self_describing_json.SelfDescribingJson object at 0x000001B3DF759400>, <snowplow_tracker.self_describing_json.SelfDescribingJson object at 0x000001B3DCF33D90>, <snowplow_tracker.self_describing_json.SelfDescribingJson object at 0x000001B3E1B63C50>]}


============================== 14:01:43.581129 | ed209394-2503-4fc0-b773-aa63adad01ff ==============================
[0m14:01:43.581129 [info ] [MainThread]: Running with dbt=1.11.11
[0m14:01:43.581530 [debug] [MainThread]: running dbt with arguments {'version_check': 'True', 'no_print': 'None', 'static_parser': 'True', 'warn_error_options': 'WarnErrorOptionsV2(error=[], warn=[], silence=[])', 'target_path': 'None', 'printer_width': '80', 'write_json': 'True', 'empty': 'False', 'log_cache_events': 'False', 'introspect': 'True', 'cache_selected_only': 'False', 'log_format': 'default', 'debug': 'False', 'fail_fast': 'False', 'profiles_dir': '.', 'send_anonymous_usage_stats': 'True', 'quiet': 'False', 'warn_error': 'None', 'partial_parse': 'True', 'invocation_command': 'dbt run --profiles-dir .', 'indirect_selection': 'eager', 'use_colors': 'True', 'use_experimental_parser': 'False', 'log_path': 'C:\\Users\\antoniou.athanasis\\Desktop\\adtech-analytics\\logs'}
[0m14:01:43.732308 [debug] [MainThread]: Sending event: {'category': 'dbt', 'action': 'project_id', 'label': 'ed209394-2503-4fc0-b773-aa63adad01ff', 'context': [<snowplow_tracker.self_describing_json.SelfDescribingJson object at 0x000001B3E1C275C0>]}
[0m14:01:43.773910 [debug] [MainThread]: Sending event: {'category': 'dbt', 'action': 'adapter_info', 'label': 'ed209394-2503-4fc0-b773-aa63adad01ff', 'context': [<snowplow_tracker.self_describing_json.SelfDescribingJson object at 0x000001B3E023FBD0>]}
[0m14:01:43.775523 [info ] [MainThread]: Registered adapter: duckdb=1.10.1
[0m14:01:43.907064 [debug] [MainThread]: checksum: 30a8cc8fdcbf66701b0944d4ccce3fa46dd04b61e5df68b9f16d57b2e0e3f0be, vars: {}, profile: , target: , version: 1.11.11
[0m14:01:43.907630 [info ] [MainThread]: Unable to do partial parsing because saved manifest not found. Starting full parse.
[0m14:01:43.907906 [debug] [MainThread]: Sending event: {'category': 'dbt', 'action': 'partial_parser', 'label': 'ed209394-2503-4fc0-b773-aa63adad01ff', 'context': [<snowplow_tracker.self_describing_json.SelfDescribingJson object at 0x000001B3E1CFE450>]}
[0m14:01:45.170441 [warn ] [MainThread]: [[33mWARNING[0m]: Configuration paths exist in your dbt_project.yml file which do not apply to any resources.
There are 1 unused configuration paths:
- models.adtech.marts
[0m14:01:45.175519 [debug] [MainThread]: Sending event: {'category': 'dbt', 'action': 'load_project', 'label': 'ed209394-2503-4fc0-b773-aa63adad01ff', 'context': [<snowplow_tracker.self_describing_json.SelfDescribingJson object at 0x000001B3E2725D60>]}
[0m14:01:45.216609 [debug] [MainThread]: Wrote artifact WritableManifest to C:\Users\antoniou.athanasis\Desktop\adtech-analytics\target\manifest.json
[0m14:01:45.218554 [debug] [MainThread]: Wrote artifact SemanticManifest to C:\Users\antoniou.athanasis\Desktop\adtech-analytics\target\semantic_manifest.json
[0m14:01:45.225651 [debug] [MainThread]: Sending event: {'category': 'dbt', 'action': 'resource_counts', 'label': 'ed209394-2503-4fc0-b773-aa63adad01ff', 'context': [<snowplow_tracker.self_describing_json.SelfDescribingJson object at 0x000001B3E2AB8D70>]}
[0m14:01:45.225905 [info ] [MainThread]: Found 1 model, 3 sources, 485 macros
[0m14:01:45.226185 [debug] [MainThread]: Sending event: {'category': 'dbt', 'action': 'runnable_timing', 'label': 'ed209394-2503-4fc0-b773-aa63adad01ff', 'context': [<snowplow_tracker.self_describing_json.SelfDescribingJson object at 0x000001B3E2B0D570>]}
[0m14:01:45.227318 [info ] [MainThread]: 
[0m14:01:45.227592 [info ] [MainThread]: Concurrency: 4 threads (target='dev')
[0m14:01:45.227806 [info ] [MainThread]: 
[0m14:01:45.228130 [debug] [MainThread]: Acquiring new duckdb connection 'master'
[0m14:01:45.228730 [debug] [ThreadPool]: Acquiring new duckdb connection 'list_dev'
[0m14:01:45.263297 [debug] [ThreadPool]: Using duckdb connection "list_dev"
[0m14:01:45.263524 [debug] [ThreadPool]: On list_dev: /* {"app": "dbt", "dbt_version": "1.11.11", "profile_name": "adtech", "target_name": "dev", "connection_name": "list_dev"} */

    
    select schema_name
    from system.information_schema.schemata
    
    where lower(catalog_name) = '"dev"'
    
  
  
[0m14:01:45.263684 [debug] [ThreadPool]: Opening a new connection, currently in state init
[0m14:01:45.278823 [debug] [ThreadPool]: SQL status: OK in 0.015 seconds
[0m14:01:45.279585 [debug] [ThreadPool]: On list_dev: Close
[0m14:01:45.280013 [debug] [ThreadPool]: Re-using an available connection from the pool (formerly list_dev, now create_dev_main)
[0m14:01:45.280333 [debug] [ThreadPool]: Creating schema "database: "dev"
schema: "main"
"
[0m14:01:45.283964 [debug] [ThreadPool]: Using duckdb connection "create_dev_main"
[0m14:01:45.284158 [debug] [ThreadPool]: On create_dev_main: /* {"app": "dbt", "dbt_version": "1.11.11", "profile_name": "adtech", "target_name": "dev", "connection_name": "create_dev_main"} */

    
        select type from duckdb_databases()
        where lower(database_name)='dev'
        and type='sqlite'
    
  
[0m14:01:45.284305 [debug] [ThreadPool]: Opening a new connection, currently in state closed
[0m14:01:45.284850 [debug] [ThreadPool]: SQL status: OK in 0.001 seconds
[0m14:01:45.285446 [debug] [ThreadPool]: Using duckdb connection "create_dev_main"
[0m14:01:45.285609 [debug] [ThreadPool]: On create_dev_main: BEGIN
[0m14:01:45.285859 [debug] [ThreadPool]: SQL status: OK in 0.000 seconds
[0m14:01:45.286014 [debug] [ThreadPool]: Using duckdb connection "create_dev_main"
[0m14:01:45.286146 [debug] [ThreadPool]: On create_dev_main: /* {"app": "dbt", "dbt_version": "1.11.11", "profile_name": "adtech", "target_name": "dev", "connection_name": "create_dev_main"} */

    
    
        create schema if not exists "dev"."main"
    
[0m14:01:45.286434 [debug] [ThreadPool]: SQL status: OK in 0.000 seconds
[0m14:01:45.286849 [debug] [ThreadPool]: On create_dev_main: COMMIT
[0m14:01:45.287004 [debug] [ThreadPool]: Using duckdb connection "create_dev_main"
[0m14:01:45.287136 [debug] [ThreadPool]: On create_dev_main: COMMIT
[0m14:01:45.287397 [debug] [ThreadPool]: SQL status: OK in 0.000 seconds
[0m14:01:45.287573 [debug] [ThreadPool]: On create_dev_main: Close
[0m14:01:45.288308 [debug] [ThreadPool]: Acquiring new duckdb connection 'list_dev_main'
[0m14:01:45.291136 [debug] [ThreadPool]: Using duckdb connection "list_dev_main"
[0m14:01:45.291303 [debug] [ThreadPool]: On list_dev_main: BEGIN
[0m14:01:45.291441 [debug] [ThreadPool]: Opening a new connection, currently in state init
[0m14:01:45.291705 [debug] [ThreadPool]: SQL status: OK in 0.000 seconds
[0m14:01:45.291862 [debug] [ThreadPool]: Using duckdb connection "list_dev_main"
[0m14:01:45.292007 [debug] [ThreadPool]: On list_dev_main: /* {"app": "dbt", "dbt_version": "1.11.11", "profile_name": "adtech", "target_name": "dev", "connection_name": "list_dev_main"} */
select
      'dev' as database,
      table_name as name,
      table_schema as schema,
      CASE table_type
        WHEN 'BASE TABLE' THEN 'table'
        WHEN 'VIEW' THEN 'view'
        WHEN 'LOCAL TEMPORARY' THEN 'table'
        END as type
    from system.information_schema.tables
    where lower(table_schema) = 'main'
    and lower(table_catalog) = 'dev'
  
[0m14:01:45.294025 [debug] [ThreadPool]: SQL status: OK in 0.002 seconds
[0m14:01:45.294581 [debug] [ThreadPool]: On list_dev_main: ROLLBACK
[0m14:01:45.295173 [debug] [ThreadPool]: Failed to rollback 'list_dev_main'
[0m14:01:45.295339 [debug] [ThreadPool]: On list_dev_main: Close
[0m14:01:45.295684 [debug] [MainThread]: Sending event: {'category': 'dbt', 'action': 'runnable_timing', 'label': 'ed209394-2503-4fc0-b773-aa63adad01ff', 'context': [<snowplow_tracker.self_describing_json.SelfDescribingJson object at 0x000001B3E3B222D0>]}
[0m14:01:45.295946 [debug] [MainThread]: Using duckdb connection "master"
[0m14:01:45.296096 [debug] [MainThread]: On master: BEGIN
[0m14:01:45.296227 [debug] [MainThread]: Opening a new connection, currently in state init
[0m14:01:45.296494 [debug] [MainThread]: SQL status: OK in 0.000 seconds
[0m14:01:45.296653 [debug] [MainThread]: On master: COMMIT
[0m14:01:45.296785 [debug] [MainThread]: Using duckdb connection "master"
[0m14:01:45.296910 [debug] [MainThread]: On master: COMMIT
[0m14:01:45.297194 [debug] [MainThread]: SQL status: OK in 0.000 seconds
[0m14:01:45.297414 [debug] [MainThread]: On master: Close
[0m14:01:45.314655 [debug] [Thread-1 (]: Began running node model.adtech.stg_ad_events
[0m14:01:45.314987 [info ] [Thread-1 (]: 1 of 1 START sql view model main.stg_ad_events ................................. [RUN]
[0m14:01:45.315346 [debug] [Thread-1 (]: Acquiring new duckdb connection 'model.adtech.stg_ad_events'
[0m14:01:45.315527 [debug] [Thread-1 (]: Began compiling node model.adtech.stg_ad_events
[0m14:01:45.319365 [debug] [Thread-1 (]: Writing injected SQL for node "model.adtech.stg_ad_events"
[0m14:01:45.320294 [debug] [Thread-1 (]: Began executing node model.adtech.stg_ad_events
[0m14:01:45.338539 [debug] [Thread-1 (]: Writing runtime sql for node "model.adtech.stg_ad_events"
[0m14:01:45.339444 [debug] [Thread-1 (]: Using duckdb connection "model.adtech.stg_ad_events"
[0m14:01:45.339644 [debug] [Thread-1 (]: On model.adtech.stg_ad_events: BEGIN
[0m14:01:45.339807 [debug] [Thread-1 (]: Opening a new connection, currently in state init
[0m14:01:45.340405 [debug] [Thread-1 (]: SQL status: OK in 0.001 seconds
[0m14:01:45.340597 [debug] [Thread-1 (]: Using duckdb connection "model.adtech.stg_ad_events"
[0m14:01:45.340764 [debug] [Thread-1 (]: On model.adtech.stg_ad_events: /* {"app": "dbt", "dbt_version": "1.11.11", "profile_name": "adtech", "target_name": "dev", "node_id": "model.adtech.stg_ad_events"} */

  
  create view "dev"."main"."stg_ad_events__dbt_tmp" as (
    with source as (
    select * from read_parquet('data/raw/ad_events/*/part.parquet', hive_partitioning=true)
)
select
    event_id,
    event_ts,
    cast(event_date as date)        as event_date,
    campaign_id,
    device,
    country,
    event_type,
    revenue
from source
  );

[0m14:01:45.347385 [debug] [Thread-1 (]: SQL status: OK in 0.006 seconds
[0m14:01:45.350727 [debug] [Thread-1 (]: Using duckdb connection "model.adtech.stg_ad_events"
[0m14:01:45.350925 [debug] [Thread-1 (]: On model.adtech.stg_ad_events: /* {"app": "dbt", "dbt_version": "1.11.11", "profile_name": "adtech", "target_name": "dev", "node_id": "model.adtech.stg_ad_events"} */
alter view "dev"."main"."stg_ad_events__dbt_tmp" rename to "stg_ad_events"
[0m14:01:45.351343 [debug] [Thread-1 (]: SQL status: OK in 0.000 seconds
[0m14:01:45.357621 [debug] [Thread-1 (]: On model.adtech.stg_ad_events: COMMIT
[0m14:01:45.357821 [debug] [Thread-1 (]: Using duckdb connection "model.adtech.stg_ad_events"
[0m14:01:45.357989 [debug] [Thread-1 (]: On model.adtech.stg_ad_events: COMMIT
[0m14:01:45.360782 [debug] [Thread-1 (]: SQL status: OK in 0.003 seconds
[0m14:01:45.363610 [debug] [Thread-1 (]: Using duckdb connection "model.adtech.stg_ad_events"
[0m14:01:45.363808 [debug] [Thread-1 (]: On model.adtech.stg_ad_events: /* {"app": "dbt", "dbt_version": "1.11.11", "profile_name": "adtech", "target_name": "dev", "node_id": "model.adtech.stg_ad_events"} */

      drop view if exists "dev"."main"."stg_ad_events__dbt_backup" cascade
    
[0m14:01:45.364236 [debug] [Thread-1 (]: SQL status: OK in 0.000 seconds
[0m14:01:45.365561 [debug] [Thread-1 (]: On model.adtech.stg_ad_events: Close
[0m14:01:45.366713 [debug] [Thread-1 (]: Sending event: {'category': 'dbt', 'action': 'run_model', 'label': 'ed209394-2503-4fc0-b773-aa63adad01ff', 'context': [<snowplow_tracker.self_describing_json.SelfDescribingJson object at 0x000001B3DFBF6410>]}
[0m14:01:45.367082 [info ] [Thread-1 (]: 1 of 1 OK created sql view model main.stg_ad_events ............................ [[32mOK[0m in 0.05s]
[0m14:01:45.367507 [debug] [Thread-1 (]: Finished running node model.adtech.stg_ad_events
[0m14:01:45.368354 [debug] [MainThread]: Using duckdb connection "master"
[0m14:01:45.368531 [debug] [MainThread]: On master: BEGIN
[0m14:01:45.368669 [debug] [MainThread]: Opening a new connection, currently in state closed
[0m14:01:45.368932 [debug] [MainThread]: SQL status: OK in 0.000 seconds
[0m14:01:45.369093 [debug] [MainThread]: On master: COMMIT
[0m14:01:45.369226 [debug] [MainThread]: Using duckdb connection "master"
[0m14:01:45.369348 [debug] [MainThread]: On master: COMMIT
[0m14:01:45.369565 [debug] [MainThread]: SQL status: OK in 0.000 seconds
[0m14:01:45.369725 [debug] [MainThread]: On master: Close
[0m14:01:45.369925 [debug] [MainThread]: Connection 'master' was properly closed.
[0m14:01:45.370059 [debug] [MainThread]: Connection 'create_dev_main' was properly closed.
[0m14:01:45.370173 [debug] [MainThread]: Connection 'list_dev_main' was properly closed.
[0m14:01:45.370282 [debug] [MainThread]: Connection 'model.adtech.stg_ad_events' was properly closed.
[0m14:01:45.370416 [info ] [MainThread]: 
[0m14:01:45.370657 [info ] [MainThread]: Finished running 1 view model in 0 hours 0 minutes and 0.14 seconds (0.14s).
[0m14:01:45.371050 [debug] [MainThread]: Command end result
[0m14:01:45.385817 [debug] [MainThread]: Wrote artifact WritableManifest to C:\Users\antoniou.athanasis\Desktop\adtech-analytics\target\manifest.json
[0m14:01:45.387121 [debug] [MainThread]: Wrote artifact SemanticManifest to C:\Users\antoniou.athanasis\Desktop\adtech-analytics\target\semantic_manifest.json
[0m14:01:45.390806 [debug] [MainThread]: Wrote artifact RunExecutionResult to C:\Users\antoniou.athanasis\Desktop\adtech-analytics\target\run_results.json
[0m14:01:45.390989 [info ] [MainThread]: 
[0m14:01:45.391316 [info ] [MainThread]: [32mCompleted successfully[0m
[0m14:01:45.391554 [info ] [MainThread]: 
[0m14:01:45.391773 [info ] [MainThread]: Done. PASS=1 WARN=0 ERROR=0 SKIP=0 NO-OP=0 TOTAL=1
[0m14:01:45.392199 [debug] [MainThread]: Command `dbt run` succeeded at 14:01:45.392137 after 1.90 seconds
[0m14:01:45.392396 [debug] [MainThread]: Sending event: {'category': 'dbt', 'action': 'invocation', 'label': 'end', 'context': [<snowplow_tracker.self_describing_json.SelfDescribingJson object at 0x000001B3DBD0DBD0>, <snowplow_tracker.self_describing_json.SelfDescribingJson object at 0x000001B3E4008290>, <snowplow_tracker.self_describing_json.SelfDescribingJson object at 0x000001B3E3E9F0D0>]}
[0m14:01:45.392590 [debug] [MainThread]: Flushing usage events
[0m14:01:46.237285 [debug] [MainThread]: An error was encountered while trying to flush usage events
[0m14:02:55.150046 [debug] [MainThread]: Sending event: {'category': 'dbt', 'action': 'invocation', 'label': 'start', 'context': [<snowplow_tracker.self_describing_json.SelfDescribingJson object at 0x00000218E2589400>, <snowplow_tracker.self_describing_json.SelfDescribingJson object at 0x00000218DFD63D90>, <snowplow_tracker.self_describing_json.SelfDescribingJson object at 0x00000218E4993C50>]}


============================== 14:02:55.152903 | baee2667-97d6-482f-84bf-2138e7e26fbc ==============================
[0m14:02:55.152903 [info ] [MainThread]: Running with dbt=1.11.11
[0m14:02:55.153303 [debug] [MainThread]: running dbt with arguments {'version_check': 'True', 'no_print': 'None', 'static_parser': 'True', 'target_path': 'None', 'warn_error_options': 'WarnErrorOptionsV2(error=[], warn=[], silence=[])', 'printer_width': '80', 'write_json': 'True', 'introspect': 'True', 'log_cache_events': 'False', 'empty': 'None', 'cache_selected_only': 'False', 'log_format': 'default', 'debug': 'False', 'fail_fast': 'False', 'profiles_dir': '.', 'send_anonymous_usage_stats': 'True', 'quiet': 'False', 'warn_error': 'None', 'partial_parse': 'True', 'use_colors': 'True', 'invocation_command': 'dbt show --select stg_ad_events --profiles-dir .', 'indirect_selection': 'eager', 'use_experimental_parser': 'False', 'log_path': 'C:\\Users\\antoniou.athanasis\\Desktop\\adtech-analytics\\logs'}
[0m14:02:55.285955 [debug] [MainThread]: Sending event: {'category': 'dbt', 'action': 'project_id', 'label': 'baee2667-97d6-482f-84bf-2138e7e26fbc', 'context': [<snowplow_tracker.self_describing_json.SelfDescribingJson object at 0x00000218E4A575C0>]}
[0m14:02:55.327017 [debug] [MainThread]: Sending event: {'category': 'dbt', 'action': 'adapter_info', 'label': 'baee2667-97d6-482f-84bf-2138e7e26fbc', 'context': [<snowplow_tracker.self_describing_json.SelfDescribingJson object at 0x00000218E3073BD0>]}
[0m14:02:55.334115 [info ] [MainThread]: Registered adapter: duckdb=1.10.1
[0m14:02:55.451122 [debug] [MainThread]: checksum: 30a8cc8fdcbf66701b0944d4ccce3fa46dd04b61e5df68b9f16d57b2e0e3f0be, vars: {}, profile: , target: , version: 1.11.11
[0m14:02:55.579823 [debug] [MainThread]: Partial parsing enabled: 0 files deleted, 0 files added, 0 files changed.
[0m14:02:55.580089 [debug] [MainThread]: Nothing changed, skipping partial parsing.
[0m14:02:55.580239 [debug] [MainThread]: Partial parsing enabled, no changes found, skipping parsing
[0m14:02:55.583755 [warn ] [MainThread]: [[33mWARNING[0m]: Configuration paths exist in your dbt_project.yml file which do not apply to any resources.
There are 1 unused configuration paths:
- models.adtech.marts
[0m14:02:55.599007 [debug] [MainThread]: Sending event: {'category': 'dbt', 'action': 'load_project', 'label': 'baee2667-97d6-482f-84bf-2138e7e26fbc', 'context': [<snowplow_tracker.self_describing_json.SelfDescribingJson object at 0x00000218E4FF2D50>]}
[0m14:02:55.644053 [debug] [MainThread]: Wrote artifact WritableManifest to C:\Users\antoniou.athanasis\Desktop\adtech-analytics\target\manifest.json
[0m14:02:55.645396 [debug] [MainThread]: Wrote artifact SemanticManifest to C:\Users\antoniou.athanasis\Desktop\adtech-analytics\target\semantic_manifest.json
[0m14:02:55.646732 [debug] [MainThread]: Sending event: {'category': 'dbt', 'action': 'resource_counts', 'label': 'baee2667-97d6-482f-84bf-2138e7e26fbc', 'context': [<snowplow_tracker.self_describing_json.SelfDescribingJson object at 0x00000218E4D637A0>]}
[0m14:02:55.646973 [info ] [MainThread]: Found 1 model, 3 sources, 485 macros
[0m14:02:55.647235 [debug] [MainThread]: Sending event: {'category': 'dbt', 'action': 'runnable_timing', 'label': 'baee2667-97d6-482f-84bf-2138e7e26fbc', 'context': [<snowplow_tracker.self_describing_json.SelfDescribingJson object at 0x00000218E51AB310>]}
[0m14:02:55.648164 [info ] [MainThread]: 
[0m14:02:55.648394 [info ] [MainThread]: Concurrency: 4 threads (target='dev')
[0m14:02:55.648578 [info ] [MainThread]: 
[0m14:02:55.648885 [debug] [MainThread]: Acquiring new duckdb connection 'master'
[0m14:02:55.649454 [debug] [ThreadPool]: Acquiring new duckdb connection 'list_dev_main'
[0m14:02:55.685038 [debug] [ThreadPool]: Using duckdb connection "list_dev_main"
[0m14:02:55.685311 [debug] [ThreadPool]: On list_dev_main: BEGIN
[0m14:02:55.685463 [debug] [ThreadPool]: Opening a new connection, currently in state init
[0m14:02:55.700835 [debug] [ThreadPool]: SQL status: OK in 0.015 seconds
[0m14:02:55.701082 [debug] [ThreadPool]: Using duckdb connection "list_dev_main"
[0m14:02:55.701249 [debug] [ThreadPool]: On list_dev_main: /* {"app": "dbt", "dbt_version": "1.11.11", "profile_name": "adtech", "target_name": "dev", "connection_name": "list_dev_main"} */
select
      'dev' as database,
      table_name as name,
      table_schema as schema,
      CASE table_type
        WHEN 'BASE TABLE' THEN 'table'
        WHEN 'VIEW' THEN 'view'
        WHEN 'LOCAL TEMPORARY' THEN 'table'
        END as type
    from system.information_schema.tables
    where lower(table_schema) = 'main'
    and lower(table_catalog) = 'dev'
  
[0m14:02:55.703716 [debug] [ThreadPool]: SQL status: OK in 0.002 seconds
[0m14:02:55.704508 [debug] [ThreadPool]: On list_dev_main: ROLLBACK
[0m14:02:55.705111 [debug] [ThreadPool]: Failed to rollback 'list_dev_main'
[0m14:02:55.705280 [debug] [ThreadPool]: On list_dev_main: Close
[0m14:02:55.705843 [debug] [MainThread]: Sending event: {'category': 'dbt', 'action': 'runnable_timing', 'label': 'baee2667-97d6-482f-84bf-2138e7e26fbc', 'context': [<snowplow_tracker.self_describing_json.SelfDescribingJson object at 0x00000218E53A8FC0>]}
[0m14:02:55.708036 [debug] [Thread-1 (]: Began running node model.adtech.stg_ad_events
[0m14:02:55.708320 [debug] [Thread-1 (]: Acquiring new duckdb connection 'model.adtech.stg_ad_events'
[0m14:02:55.708510 [debug] [Thread-1 (]: Began compiling node model.adtech.stg_ad_events
[0m14:02:55.712336 [debug] [Thread-1 (]: Writing injected SQL for node "model.adtech.stg_ad_events"
[0m14:02:55.712871 [debug] [Thread-1 (]: Began executing node model.adtech.stg_ad_events
[0m14:02:55.733290 [debug] [Thread-1 (]: Using duckdb connection "model.adtech.stg_ad_events"
[0m14:02:55.733581 [debug] [Thread-1 (]: On model.adtech.stg_ad_events: /* {"app": "dbt", "dbt_version": "1.11.11", "profile_name": "adtech", "target_name": "dev", "node_id": "model.adtech.stg_ad_events"} */

  
  with source as (
    select * from read_parquet('data/raw/ad_events/*/part.parquet', hive_partitioning=true)
)
select
    event_id,
    event_ts,
    cast(event_date as date)        as event_date,
    campaign_id,
    device,
    country,
    event_type,
    revenue
from source
  
  limit 5

[0m14:02:55.733884 [debug] [Thread-1 (]: Opening a new connection, currently in state init
[0m14:02:55.737402 [debug] [Thread-1 (]: SQL status: OK in 0.004 seconds
[0m14:02:55.738778 [debug] [Thread-1 (]: On model.adtech.stg_ad_events: Close
[0m14:02:55.739185 [debug] [Thread-1 (]: Finished running node model.adtech.stg_ad_events
[0m14:02:55.739969 [debug] [MainThread]: Connection 'master' was properly closed.
[0m14:02:55.740143 [debug] [MainThread]: Connection 'list_dev_main' was properly closed.
[0m14:02:55.740278 [debug] [MainThread]: Connection 'model.adtech.stg_ad_events' was properly closed.
[0m14:02:55.740593 [debug] [MainThread]: Command end result
[0m14:02:55.754593 [debug] [MainThread]: Wrote artifact WritableManifest to C:\Users\antoniou.athanasis\Desktop\adtech-analytics\target\manifest.json
[0m14:02:55.755820 [debug] [MainThread]: Wrote artifact SemanticManifest to C:\Users\antoniou.athanasis\Desktop\adtech-analytics\target\semantic_manifest.json
[0m14:02:55.759850 [debug] [MainThread]: Wrote artifact RunExecutionResult to C:\Users\antoniou.athanasis\Desktop\adtech-analytics\target\run_results.json
[0m14:02:55.760113 [info ] [MainThread]: Previewing node 'stg_ad_events':
| event_id   |            event_ts | event_date | campaign_id | device | country | ... |
| ---------- | ------------------- | ---------- | ----------- | ------ | ------- | --- |
| 20260501-0 | 2026-05-01 07:14:09 | 2026-05-01 |         128 | mobile | DE      | ... |
| 20260501-1 | 2026-05-01 17:43:33 | 2026-05-01 |          65 | mobile | CY      | ... |
| 20260501-2 | 2026-05-01 19:49:22 | 2026-05-01 |         155 | ctv    | IT      | ... |
| 20260501-3 | 2026-05-01 07:36:42 | 2026-05-01 |         118 | mobile | RO      | ... |
| 20260501-4 | 2026-05-01 02:58:48 | 2026-05-01 |         191 | mobile | RO      | ... |

[0m14:02:55.760773 [debug] [MainThread]: Command `dbt show` succeeded at 14:02:55.760674 after 0.69 seconds
[0m14:02:55.760985 [debug] [MainThread]: Sending event: {'category': 'dbt', 'action': 'invocation', 'label': 'end', 'context': [<snowplow_tracker.self_describing_json.SelfDescribingJson object at 0x00000218E53816D0>, <snowplow_tracker.self_describing_json.SelfDescribingJson object at 0x00000218E2A42BA0>, <snowplow_tracker.self_describing_json.SelfDescribingJson object at 0x00000218E5542620>]}
[0m14:02:55.761189 [debug] [MainThread]: Flushing usage events
[0m14:02:57.773784 [debug] [MainThread]: An error was encountered while trying to flush usage events
[0m14:04:02.226063 [debug] [MainThread]: Sending event: {'category': 'dbt', 'action': 'invocation', 'label': 'start', 'context': [<snowplow_tracker.self_describing_json.SelfDescribingJson object at 0x00000157D7D69400>, <snowplow_tracker.self_describing_json.SelfDescribingJson object at 0x00000157D55A3D90>, <snowplow_tracker.self_describing_json.SelfDescribingJson object at 0x00000157DA173C50>]}


============================== 14:04:02.229073 | 3b2aa1b0-3142-4746-bc4e-0867e063c24f ==============================
[0m14:04:02.229073 [info ] [MainThread]: Running with dbt=1.11.11
[0m14:04:02.229474 [debug] [MainThread]: running dbt with arguments {'static_parser': 'True', 'no_print': 'None', 'version_check': 'True', 'target_path': 'None', 'warn_error_options': 'WarnErrorOptionsV2(error=[], warn=[], silence=[])', 'printer_width': '80', 'write_json': 'True', 'empty': 'None', 'log_cache_events': 'False', 'introspect': 'True', 'cache_selected_only': 'False', 'log_format': 'default', 'debug': 'False', 'fail_fast': 'False', 'profiles_dir': '.', 'send_anonymous_usage_stats': 'True', 'quiet': 'False', 'warn_error': 'None', 'partial_parse': 'True', 'use_colors': 'True', 'invocation_command': 'dbt show --select stg_advertisers --profiles-dir .', 'indirect_selection': 'eager', 'use_experimental_parser': 'False', 'log_path': 'C:\\Users\\antoniou.athanasis\\Desktop\\adtech-analytics\\logs'}
[0m14:04:02.363362 [debug] [MainThread]: Sending event: {'category': 'dbt', 'action': 'project_id', 'label': '3b2aa1b0-3142-4746-bc4e-0867e063c24f', 'context': [<snowplow_tracker.self_describing_json.SelfDescribingJson object at 0x00000157DA23B5C0>]}
[0m14:04:02.405150 [debug] [MainThread]: Sending event: {'category': 'dbt', 'action': 'adapter_info', 'label': '3b2aa1b0-3142-4746-bc4e-0867e063c24f', 'context': [<snowplow_tracker.self_describing_json.SelfDescribingJson object at 0x00000157D8853BD0>]}
[0m14:04:02.412431 [info ] [MainThread]: Registered adapter: duckdb=1.10.1
[0m14:04:02.535986 [debug] [MainThread]: checksum: 30a8cc8fdcbf66701b0944d4ccce3fa46dd04b61e5df68b9f16d57b2e0e3f0be, vars: {}, profile: , target: , version: 1.11.11
[0m14:04:02.655732 [debug] [MainThread]: Partial parsing enabled: 0 files deleted, 0 files added, 0 files changed.
[0m14:04:02.655999 [debug] [MainThread]: Nothing changed, skipping partial parsing.
[0m14:04:02.656145 [debug] [MainThread]: Partial parsing enabled, no changes found, skipping parsing
[0m14:04:02.659717 [warn ] [MainThread]: [[33mWARNING[0m]: Configuration paths exist in your dbt_project.yml file which do not apply to any resources.
There are 1 unused configuration paths:
- models.adtech.marts
[0m14:04:02.675440 [debug] [MainThread]: Sending event: {'category': 'dbt', 'action': 'load_project', 'label': '3b2aa1b0-3142-4746-bc4e-0867e063c24f', 'context': [<snowplow_tracker.self_describing_json.SelfDescribingJson object at 0x00000157DA862D50>]}
[0m14:04:02.719917 [debug] [MainThread]: Wrote artifact WritableManifest to C:\Users\antoniou.athanasis\Desktop\adtech-analytics\target\manifest.json
[0m14:04:02.721226 [debug] [MainThread]: Wrote artifact SemanticManifest to C:\Users\antoniou.athanasis\Desktop\adtech-analytics\target\semantic_manifest.json
[0m14:04:02.722518 [debug] [MainThread]: Sending event: {'category': 'dbt', 'action': 'resource_counts', 'label': '3b2aa1b0-3142-4746-bc4e-0867e063c24f', 'context': [<snowplow_tracker.self_describing_json.SelfDescribingJson object at 0x00000157DA5D37A0>]}
[0m14:04:02.722757 [info ] [MainThread]: Found 1 model, 3 sources, 485 macros
[0m14:04:02.723024 [debug] [MainThread]: Sending event: {'category': 'dbt', 'action': 'runnable_timing', 'label': '3b2aa1b0-3142-4746-bc4e-0867e063c24f', 'context': [<snowplow_tracker.self_describing_json.SelfDescribingJson object at 0x00000157DAA1F310>]}
[0m14:04:02.723381 [warn ] [MainThread]: The selection criterion 'stg_advertisers' does not match any enabled nodes
[0m14:04:02.724137 [warn ] [MainThread]: Nothing to do. Try checking your model configs and model specification args
[0m14:04:02.725283 [debug] [MainThread]: Command end result
[0m14:04:02.741148 [debug] [MainThread]: Wrote artifact WritableManifest to C:\Users\antoniou.athanasis\Desktop\adtech-analytics\target\manifest.json
[0m14:04:02.742577 [debug] [MainThread]: Wrote artifact SemanticManifest to C:\Users\antoniou.athanasis\Desktop\adtech-analytics\target\semantic_manifest.json
[0m14:04:02.744505 [debug] [MainThread]: Wrote artifact RunExecutionResult to C:\Users\antoniou.athanasis\Desktop\adtech-analytics\target\run_results.json
[0m14:04:02.744940 [debug] [MainThread]: Command `dbt show` succeeded at 14:04:02.744872 after 0.60 seconds
[0m14:04:02.745148 [debug] [MainThread]: Sending event: {'category': 'dbt', 'action': 'invocation', 'label': 'end', 'context': [<snowplow_tracker.self_describing_json.SelfDescribingJson object at 0x00000157DA125570>, <snowplow_tracker.self_describing_json.SelfDescribingJson object at 0x00000157DA953650>, <snowplow_tracker.self_describing_json.SelfDescribingJson object at 0x00000157DA953A10>]}
[0m14:04:02.745376 [debug] [MainThread]: Flushing usage events
[0m14:04:04.218492 [debug] [MainThread]: An error was encountered while trying to flush usage events
[0m14:13:51.467180 [debug] [MainThread]: Sending event: {'category': 'dbt', 'action': 'invocation', 'label': 'start', 'context': [<snowplow_tracker.self_describing_json.SelfDescribingJson object at 0x00000209E9669400>, <snowplow_tracker.self_describing_json.SelfDescribingJson object at 0x00000209E6E53ED0>, <snowplow_tracker.self_describing_json.SelfDescribingJson object at 0x00000209EBA73C50>]}


============================== 14:13:51.470122 | 7d9b2489-dec0-43a3-a422-fda6b8e57eeb ==============================
[0m14:13:51.470122 [info ] [MainThread]: Running with dbt=1.11.11
[0m14:13:51.470628 [debug] [MainThread]: running dbt with arguments {'version_check': 'True', 'no_print': 'None', 'static_parser': 'True', 'target_path': 'None', 'warn_error_options': 'WarnErrorOptionsV2(error=[], warn=[], silence=[])', 'printer_width': '80', 'write_json': 'True', 'empty': 'None', 'log_cache_events': 'False', 'introspect': 'True', 'cache_selected_only': 'False', 'log_format': 'default', 'debug': 'False', 'fail_fast': 'False', 'profiles_dir': '.', 'send_anonymous_usage_stats': 'True', 'quiet': 'False', 'warn_error': 'None', 'partial_parse': 'True', 'indirect_selection': 'eager', 'use_colors': 'True', 'invocation_command': 'dbt show --select stg_advertisers --profiles-dir .', 'use_experimental_parser': 'False', 'log_path': 'C:\\Users\\antoniou.athanasis\\Desktop\\adtech-analytics\\logs'}
[0m14:13:51.609163 [debug] [MainThread]: Sending event: {'category': 'dbt', 'action': 'project_id', 'label': '7d9b2489-dec0-43a3-a422-fda6b8e57eeb', 'context': [<snowplow_tracker.self_describing_json.SelfDescribingJson object at 0x00000209EBB3B5C0>]}
[0m14:13:51.651576 [debug] [MainThread]: Sending event: {'category': 'dbt', 'action': 'adapter_info', 'label': '7d9b2489-dec0-43a3-a422-fda6b8e57eeb', 'context': [<snowplow_tracker.self_describing_json.SelfDescribingJson object at 0x00000209EA153BD0>]}
[0m14:13:51.659043 [info ] [MainThread]: Registered adapter: duckdb=1.10.1
[0m14:13:51.785952 [debug] [MainThread]: checksum: 30a8cc8fdcbf66701b0944d4ccce3fa46dd04b61e5df68b9f16d57b2e0e3f0be, vars: {}, profile: , target: , version: 1.11.11
[0m14:13:51.917706 [debug] [MainThread]: Partial parsing enabled: 0 files deleted, 2 files added, 0 files changed.
[0m14:13:51.918046 [debug] [MainThread]: Partial parsing: added file: adtech://models\staging\stg_campings.sql
[0m14:13:51.918224 [debug] [MainThread]: Partial parsing: added file: adtech://models\staging\stg_advertisers.sql
[0m14:13:52.037881 [error] [MainThread]: Encountered an error:
Compilation Error
  Model 'model.adtech.stg_campings' (models\staging\stg_campings.sql) depends on a source named 'raw.campings' which was not found
[0m14:13:52.038655 [debug] [MainThread]: Command `dbt show` failed at 14:13:52.038577 after 0.66 seconds
[0m14:13:52.038875 [debug] [MainThread]: Sending event: {'category': 'dbt', 'action': 'invocation', 'label': 'end', 'context': [<snowplow_tracker.self_describing_json.SelfDescribingJson object at 0x00000209EC0F3450>, <snowplow_tracker.self_describing_json.SelfDescribingJson object at 0x00000209EC0F3550>, <snowplow_tracker.self_describing_json.SelfDescribingJson object at 0x00000209EC36A120>]}
[0m14:13:52.039078 [debug] [MainThread]: Flushing usage events
[0m14:13:52.849113 [debug] [MainThread]: An error was encountered while trying to flush usage events
[0m14:14:23.758473 [debug] [MainThread]: Sending event: {'category': 'dbt', 'action': 'invocation', 'label': 'start', 'context': [<snowplow_tracker.self_describing_json.SelfDescribingJson object at 0x000001DED1859400>, <snowplow_tracker.self_describing_json.SelfDescribingJson object at 0x000001DECF053ED0>, <snowplow_tracker.self_describing_json.SelfDescribingJson object at 0x000001DED3C63C50>]}


============================== 14:14:23.761411 | 2548e551-7ff3-4533-94a4-84371b723ac6 ==============================
[0m14:14:23.761411 [info ] [MainThread]: Running with dbt=1.11.11
[0m14:14:23.761833 [debug] [MainThread]: running dbt with arguments {'version_check': 'True', 'no_print': 'None', 'static_parser': 'True', 'warn_error_options': 'WarnErrorOptionsV2(error=[], warn=[], silence=[])', 'target_path': 'None', 'printer_width': '80', 'write_json': 'True', 'introspect': 'True', 'log_cache_events': 'False', 'empty': 'None', 'cache_selected_only': 'False', 'log_format': 'default', 'debug': 'False', 'fail_fast': 'False', 'partial_parse': 'True', 'send_anonymous_usage_stats': 'True', 'quiet': 'False', 'warn_error': 'None', 'profiles_dir': '.', 'invocation_command': 'dbt show --select stg_campings --profiles-dir .', 'indirect_selection': 'eager', 'use_colors': 'True', 'use_experimental_parser': 'False', 'log_path': 'C:\\Users\\antoniou.athanasis\\Desktop\\adtech-analytics\\logs'}
[0m14:14:23.895965 [debug] [MainThread]: Sending event: {'category': 'dbt', 'action': 'project_id', 'label': '2548e551-7ff3-4533-94a4-84371b723ac6', 'context': [<snowplow_tracker.self_describing_json.SelfDescribingJson object at 0x000001DED3D075C0>]}
[0m14:14:23.938264 [debug] [MainThread]: Sending event: {'category': 'dbt', 'action': 'adapter_info', 'label': '2548e551-7ff3-4533-94a4-84371b723ac6', 'context': [<snowplow_tracker.self_describing_json.SelfDescribingJson object at 0x000001DED233FBD0>]}
[0m14:14:23.945516 [info ] [MainThread]: Registered adapter: duckdb=1.10.1
[0m14:14:24.070037 [debug] [MainThread]: checksum: 30a8cc8fdcbf66701b0944d4ccce3fa46dd04b61e5df68b9f16d57b2e0e3f0be, vars: {}, profile: , target: , version: 1.11.11
[0m14:14:24.192291 [debug] [MainThread]: Partial parsing enabled: 0 files deleted, 2 files added, 0 files changed.
[0m14:14:24.192654 [debug] [MainThread]: Partial parsing: added file: adtech://models\staging\stg_advertisers.sql
[0m14:14:24.192842 [debug] [MainThread]: Partial parsing: added file: adtech://models\staging\stg_campings.sql
[0m14:14:24.314520 [error] [MainThread]: Encountered an error:
Compilation Error
  Model 'model.adtech.stg_campings' (models\staging\stg_campings.sql) depends on a source named 'raw.campings' which was not found
[0m14:14:24.315168 [debug] [MainThread]: Command `dbt show` failed at 14:14:24.315088 after 0.64 seconds
[0m14:14:24.315391 [debug] [MainThread]: Sending event: {'category': 'dbt', 'action': 'invocation', 'label': 'end', 'context': [<snowplow_tracker.self_describing_json.SelfDescribingJson object at 0x000001DED4303450>, <snowplow_tracker.self_describing_json.SelfDescribingJson object at 0x000001DED4303550>, <snowplow_tracker.self_describing_json.SelfDescribingJson object at 0x000001DED457A120>]}
[0m14:14:24.315596 [debug] [MainThread]: Flushing usage events
[0m14:14:25.146384 [debug] [MainThread]: An error was encountered while trying to flush usage events
[0m14:16:02.732929 [debug] [MainThread]: Sending event: {'category': 'dbt', 'action': 'invocation', 'label': 'start', 'context': [<snowplow_tracker.self_describing_json.SelfDescribingJson object at 0x0000021D18229400>, <snowplow_tracker.self_describing_json.SelfDescribingJson object at 0x0000021D15A93ED0>, <snowplow_tracker.self_describing_json.SelfDescribingJson object at 0x0000021D1A633C50>]}


============================== 14:16:02.735842 | 4cc4b3d8-58f7-4924-bf8d-43f126effb96 ==============================
[0m14:16:02.735842 [info ] [MainThread]: Running with dbt=1.11.11
[0m14:16:02.736236 [debug] [MainThread]: running dbt with arguments {'static_parser': 'True', 'no_print': 'None', 'version_check': 'True', 'target_path': 'None', 'warn_error_options': 'WarnErrorOptionsV2(error=[], warn=[], silence=[])', 'printer_width': '80', 'write_json': 'True', 'empty': 'None', 'log_cache_events': 'False', 'introspect': 'True', 'cache_selected_only': 'False', 'fail_fast': 'False', 'debug': 'False', 'log_format': 'default', 'profiles_dir': '.', 'send_anonymous_usage_stats': 'True', 'quiet': 'False', 'warn_error': 'None', 'partial_parse': 'True', 'indirect_selection': 'eager', 'invocation_command': 'dbt show --select stg_campaings --profiles-dir .', 'use_colors': 'True', 'use_experimental_parser': 'False', 'log_path': 'C:\\Users\\antoniou.athanasis\\Desktop\\adtech-analytics\\logs'}
[0m14:16:02.870406 [debug] [MainThread]: Sending event: {'category': 'dbt', 'action': 'project_id', 'label': '4cc4b3d8-58f7-4924-bf8d-43f126effb96', 'context': [<snowplow_tracker.self_describing_json.SelfDescribingJson object at 0x0000021D1A6F75C0>]}
[0m14:16:02.912486 [debug] [MainThread]: Sending event: {'category': 'dbt', 'action': 'adapter_info', 'label': '4cc4b3d8-58f7-4924-bf8d-43f126effb96', 'context': [<snowplow_tracker.self_describing_json.SelfDescribingJson object at 0x0000021D18D13BD0>]}
[0m14:16:02.919907 [info ] [MainThread]: Registered adapter: duckdb=1.10.1
[0m14:16:03.043903 [debug] [MainThread]: checksum: 30a8cc8fdcbf66701b0944d4ccce3fa46dd04b61e5df68b9f16d57b2e0e3f0be, vars: {}, profile: , target: , version: 1.11.11
[0m14:16:03.173015 [debug] [MainThread]: Partial parsing enabled: 0 files deleted, 2 files added, 0 files changed.
[0m14:16:03.173378 [debug] [MainThread]: Partial parsing: added file: adtech://models\staging\stg_campaings.sql
[0m14:16:03.173564 [debug] [MainThread]: Partial parsing: added file: adtech://models\staging\stg_advertisers.sql
[0m14:16:03.291794 [error] [MainThread]: Encountered an error:
Compilation Error
  Model 'model.adtech.stg_campaings' (models\staging\stg_campaings.sql) depends on a source named 'raw.campaings' which was not found
[0m14:16:03.292582 [debug] [MainThread]: Command `dbt show` failed at 14:16:03.292462 after 0.64 seconds
[0m14:16:03.292889 [debug] [MainThread]: Sending event: {'category': 'dbt', 'action': 'invocation', 'label': 'end', 'context': [<snowplow_tracker.self_describing_json.SelfDescribingJson object at 0x0000021D1AC8F450>, <snowplow_tracker.self_describing_json.SelfDescribingJson object at 0x0000021D1AC8F550>, <snowplow_tracker.self_describing_json.SelfDescribingJson object at 0x0000021D1AF0E120>]}
[0m14:16:03.293168 [debug] [MainThread]: Flushing usage events
[0m14:16:04.118305 [debug] [MainThread]: An error was encountered while trying to flush usage events
[0m14:16:13.814056 [debug] [MainThread]: Sending event: {'category': 'dbt', 'action': 'invocation', 'label': 'start', 'context': [<snowplow_tracker.self_describing_json.SelfDescribingJson object at 0x000001FAC1739400>, <snowplow_tracker.self_describing_json.SelfDescribingJson object at 0x000001FABEF13D90>, <snowplow_tracker.self_describing_json.SelfDescribingJson object at 0x000001FAC3B43C50>]}


============================== 14:16:13.816899 | 114a8dd9-6e04-4d58-bd02-c8245f2f5919 ==============================
[0m14:16:13.816899 [info ] [MainThread]: Running with dbt=1.11.11
[0m14:16:13.817292 [debug] [MainThread]: running dbt with arguments {'version_check': 'True', 'no_print': 'None', 'static_parser': 'True', 'warn_error_options': 'WarnErrorOptionsV2(error=[], warn=[], silence=[])', 'target_path': 'None', 'printer_width': '80', 'write_json': 'True', 'introspect': 'True', 'log_cache_events': 'False', 'empty': 'None', 'cache_selected_only': 'False', 'fail_fast': 'False', 'debug': 'False', 'log_format': 'default', 'profiles_dir': '.', 'send_anonymous_usage_stats': 'True', 'quiet': 'False', 'warn_error': 'None', 'partial_parse': 'True', 'invocation_command': 'dbt show --select stg_advertisers --profiles-dir .', 'indirect_selection': 'eager', 'use_colors': 'True', 'use_experimental_parser': 'False', 'log_path': 'C:\\Users\\antoniou.athanasis\\Desktop\\adtech-analytics\\logs'}
[0m14:16:13.950209 [debug] [MainThread]: Sending event: {'category': 'dbt', 'action': 'project_id', 'label': '114a8dd9-6e04-4d58-bd02-c8245f2f5919', 'context': [<snowplow_tracker.self_describing_json.SelfDescribingJson object at 0x000001FAC3C075C0>]}
[0m14:16:13.990784 [debug] [MainThread]: Sending event: {'category': 'dbt', 'action': 'adapter_info', 'label': '114a8dd9-6e04-4d58-bd02-c8245f2f5919', 'context': [<snowplow_tracker.self_describing_json.SelfDescribingJson object at 0x000001FAC221FBD0>]}
[0m14:16:13.997842 [info ] [MainThread]: Registered adapter: duckdb=1.10.1
[0m14:16:14.119742 [debug] [MainThread]: checksum: 30a8cc8fdcbf66701b0944d4ccce3fa46dd04b61e5df68b9f16d57b2e0e3f0be, vars: {}, profile: , target: , version: 1.11.11
[0m14:16:14.239133 [debug] [MainThread]: Partial parsing enabled: 0 files deleted, 2 files added, 0 files changed.
[0m14:16:14.239462 [debug] [MainThread]: Partial parsing: added file: adtech://models\staging\stg_campaings.sql
[0m14:16:14.239654 [debug] [MainThread]: Partial parsing: added file: adtech://models\staging\stg_advertisers.sql
[0m14:16:14.357734 [error] [MainThread]: Encountered an error:
Compilation Error
  Model 'model.adtech.stg_campaings' (models\staging\stg_campaings.sql) depends on a source named 'raw.campaings' which was not found
[0m14:16:14.358349 [debug] [MainThread]: Command `dbt show` failed at 14:16:14.358270 after 0.62 seconds
[0m14:16:14.358575 [debug] [MainThread]: Sending event: {'category': 'dbt', 'action': 'invocation', 'label': 'end', 'context': [<snowplow_tracker.self_describing_json.SelfDescribingJson object at 0x000001FAC427F450>, <snowplow_tracker.self_describing_json.SelfDescribingJson object at 0x000001FAC427F550>, <snowplow_tracker.self_describing_json.SelfDescribingJson object at 0x000001FAC44FA120>]}
[0m14:16:14.358779 [debug] [MainThread]: Flushing usage events
[0m14:16:15.199868 [debug] [MainThread]: An error was encountered while trying to flush usage events
[0m14:17:41.236537 [debug] [MainThread]: Sending event: {'category': 'dbt', 'action': 'invocation', 'label': 'start', 'context': [<snowplow_tracker.self_describing_json.SelfDescribingJson object at 0x0000023207129400>, <snowplow_tracker.self_describing_json.SelfDescribingJson object at 0x000002320490FED0>, <snowplow_tracker.self_describing_json.SelfDescribingJson object at 0x0000023209533C50>]}


============================== 14:17:41.239416 | 4dcbe1c0-ff42-477e-90bd-35704c07b576 ==============================
[0m14:17:41.239416 [info ] [MainThread]: Running with dbt=1.11.11
[0m14:17:41.239786 [debug] [MainThread]: running dbt with arguments {'version_check': 'True', 'no_print': 'None', 'static_parser': 'True', 'target_path': 'None', 'warn_error_options': 'WarnErrorOptionsV2(error=[], warn=[], silence=[])', 'printer_width': '80', 'write_json': 'True', 'introspect': 'True', 'log_cache_events': 'False', 'empty': 'None', 'cache_selected_only': 'False', 'fail_fast': 'False', 'debug': 'False', 'log_format': 'default', 'partial_parse': 'True', 'send_anonymous_usage_stats': 'True', 'quiet': 'False', 'warn_error': 'None', 'profiles_dir': '.', 'invocation_command': 'dbt show --select stg_advertisers --profiles-dir .', 'indirect_selection': 'eager', 'use_colors': 'True', 'use_experimental_parser': 'False', 'log_path': 'C:\\Users\\antoniou.athanasis\\Desktop\\adtech-analytics\\logs'}
[0m14:17:41.374385 [debug] [MainThread]: Sending event: {'category': 'dbt', 'action': 'project_id', 'label': '4dcbe1c0-ff42-477e-90bd-35704c07b576', 'context': [<snowplow_tracker.self_describing_json.SelfDescribingJson object at 0x00000232095F75C0>]}
[0m14:17:41.415506 [debug] [MainThread]: Sending event: {'category': 'dbt', 'action': 'adapter_info', 'label': '4dcbe1c0-ff42-477e-90bd-35704c07b576', 'context': [<snowplow_tracker.self_describing_json.SelfDescribingJson object at 0x0000023207C0FBD0>]}
[0m14:17:41.422828 [info ] [MainThread]: Registered adapter: duckdb=1.10.1
[0m14:17:41.544770 [debug] [MainThread]: checksum: 30a8cc8fdcbf66701b0944d4ccce3fa46dd04b61e5df68b9f16d57b2e0e3f0be, vars: {}, profile: , target: , version: 1.11.11
[0m14:17:41.663698 [debug] [MainThread]: Partial parsing enabled: 0 files deleted, 2 files added, 0 files changed.
[0m14:17:41.664072 [debug] [MainThread]: Partial parsing: added file: adtech://models\staging\stg_campaings.sql
[0m14:17:41.664302 [debug] [MainThread]: Partial parsing: added file: adtech://models\staging\stg_advertisers.sql
[0m14:17:41.783308 [error] [MainThread]: Encountered an error:
Compilation Error
  Model 'model.adtech.stg_campaings' (models\staging\stg_campaings.sql) depends on a source named 'raw.campaings' which was not found
[0m14:17:41.784027 [debug] [MainThread]: Command `dbt show` failed at 14:17:41.783948 after 0.63 seconds
[0m14:17:41.784249 [debug] [MainThread]: Sending event: {'category': 'dbt', 'action': 'invocation', 'label': 'end', 'context': [<snowplow_tracker.self_describing_json.SelfDescribingJson object at 0x0000023209BE3550>, <snowplow_tracker.self_describing_json.SelfDescribingJson object at 0x0000023209BE3650>, <snowplow_tracker.self_describing_json.SelfDescribingJson object at 0x0000023209E5A120>]}
[0m14:17:41.784454 [debug] [MainThread]: Flushing usage events
[0m14:17:42.601259 [debug] [MainThread]: An error was encountered while trying to flush usage events
[0m14:17:46.789738 [debug] [MainThread]: Sending event: {'category': 'dbt', 'action': 'invocation', 'label': 'start', 'context': [<snowplow_tracker.self_describing_json.SelfDescribingJson object at 0x000001EDDE159400>, <snowplow_tracker.self_describing_json.SelfDescribingJson object at 0x000001EDDB9C3ED0>, <snowplow_tracker.self_describing_json.SelfDescribingJson object at 0x000001EDE0553C50>]}


============================== 14:17:46.792592 | eaa68d51-9723-43ab-ab73-b64feaaccda3 ==============================
[0m14:17:46.792592 [info ] [MainThread]: Running with dbt=1.11.11
[0m14:17:46.792989 [debug] [MainThread]: running dbt with arguments {'static_parser': 'True', 'no_print': 'None', 'version_check': 'True', 'target_path': 'None', 'warn_error_options': 'WarnErrorOptionsV2(error=[], warn=[], silence=[])', 'printer_width': '80', 'write_json': 'True', 'introspect': 'True', 'log_cache_events': 'False', 'empty': 'None', 'cache_selected_only': 'False', 'fail_fast': 'False', 'debug': 'False', 'log_format': 'default', 'profiles_dir': '.', 'send_anonymous_usage_stats': 'True', 'quiet': 'False', 'warn_error': 'None', 'partial_parse': 'True', 'invocation_command': 'dbt show --select stg_advertisers --profiles-dir .', 'indirect_selection': 'eager', 'use_colors': 'True', 'use_experimental_parser': 'False', 'log_path': 'C:\\Users\\antoniou.athanasis\\Desktop\\adtech-analytics\\logs'}
[0m14:17:46.925479 [debug] [MainThread]: Sending event: {'category': 'dbt', 'action': 'project_id', 'label': 'eaa68d51-9723-43ab-ab73-b64feaaccda3', 'context': [<snowplow_tracker.self_describing_json.SelfDescribingJson object at 0x000001EDE06175C0>]}
[0m14:17:46.966311 [debug] [MainThread]: Sending event: {'category': 'dbt', 'action': 'adapter_info', 'label': 'eaa68d51-9723-43ab-ab73-b64feaaccda3', 'context': [<snowplow_tracker.self_describing_json.SelfDescribingJson object at 0x000001EDDEC33BD0>]}
[0m14:17:46.973591 [info ] [MainThread]: Registered adapter: duckdb=1.10.1
[0m14:17:47.088541 [debug] [MainThread]: checksum: 30a8cc8fdcbf66701b0944d4ccce3fa46dd04b61e5df68b9f16d57b2e0e3f0be, vars: {}, profile: , target: , version: 1.11.11
[0m14:17:47.216111 [debug] [MainThread]: Partial parsing enabled: 0 files deleted, 2 files added, 0 files changed.
[0m14:17:47.216496 [debug] [MainThread]: Partial parsing: added file: adtech://models\staging\stg_campaings.sql
[0m14:17:47.216705 [debug] [MainThread]: Partial parsing: added file: adtech://models\staging\stg_advertisers.sql
[0m14:17:47.334953 [error] [MainThread]: Encountered an error:
Compilation Error
  Model 'model.adtech.stg_campaings' (models\staging\stg_campaings.sql) depends on a source named 'raw.campaingns' which was not found
[0m14:17:47.335645 [debug] [MainThread]: Command `dbt show` failed at 14:17:47.335569 after 0.63 seconds
[0m14:17:47.335885 [debug] [MainThread]: Sending event: {'category': 'dbt', 'action': 'invocation', 'label': 'end', 'context': [<snowplow_tracker.self_describing_json.SelfDescribingJson object at 0x000001EDE0C03550>, <snowplow_tracker.self_describing_json.SelfDescribingJson object at 0x000001EDE0C03650>, <snowplow_tracker.self_describing_json.SelfDescribingJson object at 0x000001EDE0E7A120>]}
[0m14:17:47.336124 [debug] [MainThread]: Flushing usage events
[0m14:17:48.094156 [debug] [MainThread]: An error was encountered while trying to flush usage events
[0m14:18:16.698103 [debug] [MainThread]: Sending event: {'category': 'dbt', 'action': 'invocation', 'label': 'start', 'context': [<snowplow_tracker.self_describing_json.SelfDescribingJson object at 0x0000018610A99400>, <snowplow_tracker.self_describing_json.SelfDescribingJson object at 0x000001860E29FD90>, <snowplow_tracker.self_describing_json.SelfDescribingJson object at 0x0000018612EA3C50>]}


============================== 14:18:16.701029 | 3cb4b2d7-93d1-462b-8012-a28fd997b273 ==============================
[0m14:18:16.701029 [info ] [MainThread]: Running with dbt=1.11.11
[0m14:18:16.701429 [debug] [MainThread]: running dbt with arguments {'static_parser': 'True', 'no_print': 'None', 'version_check': 'True', 'target_path': 'None', 'warn_error_options': 'WarnErrorOptionsV2(error=[], warn=[], silence=[])', 'printer_width': '80', 'write_json': 'True', 'empty': 'None', 'log_cache_events': 'False', 'introspect': 'True', 'cache_selected_only': 'False', 'log_format': 'default', 'debug': 'False', 'fail_fast': 'False', 'profiles_dir': '.', 'send_anonymous_usage_stats': 'True', 'quiet': 'False', 'warn_error': 'None', 'partial_parse': 'True', 'invocation_command': 'dbt show --select stg_advertisers --profiles-dir .', 'indirect_selection': 'eager', 'use_colors': 'True', 'use_experimental_parser': 'False', 'log_path': 'C:\\Users\\antoniou.athanasis\\Desktop\\adtech-analytics\\logs'}
[0m14:18:16.833758 [debug] [MainThread]: Sending event: {'category': 'dbt', 'action': 'project_id', 'label': '3cb4b2d7-93d1-462b-8012-a28fd997b273', 'context': [<snowplow_tracker.self_describing_json.SelfDescribingJson object at 0x0000018612F475C0>]}
[0m14:18:16.875676 [debug] [MainThread]: Sending event: {'category': 'dbt', 'action': 'adapter_info', 'label': '3cb4b2d7-93d1-462b-8012-a28fd997b273', 'context': [<snowplow_tracker.self_describing_json.SelfDescribingJson object at 0x0000018611583BD0>]}
[0m14:18:16.882691 [info ] [MainThread]: Registered adapter: duckdb=1.10.1
[0m14:18:16.996079 [debug] [MainThread]: checksum: 30a8cc8fdcbf66701b0944d4ccce3fa46dd04b61e5df68b9f16d57b2e0e3f0be, vars: {}, profile: , target: , version: 1.11.11
[0m14:18:17.116429 [debug] [MainThread]: Partial parsing enabled: 0 files deleted, 2 files added, 0 files changed.
[0m14:18:17.116760 [debug] [MainThread]: Partial parsing: added file: adtech://models\staging\stg_campaings.sql
[0m14:18:17.116941 [debug] [MainThread]: Partial parsing: added file: adtech://models\staging\stg_advertisers.sql
[0m14:18:17.298290 [warn ] [MainThread]: [[33mWARNING[0m]: Configuration paths exist in your dbt_project.yml file which do not apply to any resources.
There are 1 unused configuration paths:
- models.adtech.marts
[0m14:18:17.305428 [debug] [MainThread]: Sending event: {'category': 'dbt', 'action': 'load_project', 'label': '3cb4b2d7-93d1-462b-8012-a28fd997b273', 'context': [<snowplow_tracker.self_describing_json.SelfDescribingJson object at 0x0000018613988250>]}
[0m14:18:17.365506 [debug] [MainThread]: Wrote artifact WritableManifest to C:\Users\antoniou.athanasis\Desktop\adtech-analytics\target\manifest.json
[0m14:18:17.366926 [debug] [MainThread]: Wrote artifact SemanticManifest to C:\Users\antoniou.athanasis\Desktop\adtech-analytics\target\semantic_manifest.json
[0m14:18:17.368413 [debug] [MainThread]: Sending event: {'category': 'dbt', 'action': 'resource_counts', 'label': '3cb4b2d7-93d1-462b-8012-a28fd997b273', 'context': [<snowplow_tracker.self_describing_json.SelfDescribingJson object at 0x00000186135FDD60>]}
[0m14:18:17.368653 [info ] [MainThread]: Found 3 models, 3 sources, 485 macros
[0m14:18:17.368924 [debug] [MainThread]: Sending event: {'category': 'dbt', 'action': 'runnable_timing', 'label': '3cb4b2d7-93d1-462b-8012-a28fd997b273', 'context': [<snowplow_tracker.self_describing_json.SelfDescribingJson object at 0x000001861374A430>]}
[0m14:18:17.369907 [info ] [MainThread]: 
[0m14:18:17.370153 [info ] [MainThread]: Concurrency: 4 threads (target='dev')
[0m14:18:17.370339 [info ] [MainThread]: 
[0m14:18:17.370638 [debug] [MainThread]: Acquiring new duckdb connection 'master'
[0m14:18:17.373431 [debug] [ThreadPool]: Acquiring new duckdb connection 'list_dev_main'
[0m14:18:17.407082 [debug] [ThreadPool]: Using duckdb connection "list_dev_main"
[0m14:18:17.407336 [debug] [ThreadPool]: On list_dev_main: BEGIN
[0m14:18:17.407487 [debug] [ThreadPool]: Opening a new connection, currently in state init
[0m14:18:17.416660 [debug] [ThreadPool]: SQL status: OK in 0.009 seconds
[0m14:18:17.416855 [debug] [ThreadPool]: Using duckdb connection "list_dev_main"
[0m14:18:17.417014 [debug] [ThreadPool]: On list_dev_main: /* {"app": "dbt", "dbt_version": "1.11.11", "profile_name": "adtech", "target_name": "dev", "connection_name": "list_dev_main"} */
select
      'dev' as database,
      table_name as name,
      table_schema as schema,
      CASE table_type
        WHEN 'BASE TABLE' THEN 'table'
        WHEN 'VIEW' THEN 'view'
        WHEN 'LOCAL TEMPORARY' THEN 'table'
        END as type
    from system.information_schema.tables
    where lower(table_schema) = 'main'
    and lower(table_catalog) = 'dev'
  
[0m14:18:17.419458 [debug] [ThreadPool]: SQL status: OK in 0.002 seconds
[0m14:18:17.420364 [debug] [ThreadPool]: On list_dev_main: ROLLBACK
[0m14:18:17.420977 [debug] [ThreadPool]: Failed to rollback 'list_dev_main'
[0m14:18:17.421153 [debug] [ThreadPool]: On list_dev_main: Close
[0m14:18:17.421730 [debug] [MainThread]: Sending event: {'category': 'dbt', 'action': 'runnable_timing', 'label': '3cb4b2d7-93d1-462b-8012-a28fd997b273', 'context': [<snowplow_tracker.self_describing_json.SelfDescribingJson object at 0x0000018613B060D0>]}
[0m14:18:17.423963 [debug] [Thread-1 (]: Began running node model.adtech.stg_advertisers
[0m14:18:17.424247 [debug] [Thread-1 (]: Acquiring new duckdb connection 'model.adtech.stg_advertisers'
[0m14:18:17.424431 [debug] [Thread-1 (]: Began compiling node model.adtech.stg_advertisers
[0m14:18:17.428171 [debug] [Thread-1 (]: Writing injected SQL for node "model.adtech.stg_advertisers"
[0m14:18:17.428847 [debug] [Thread-1 (]: Began executing node model.adtech.stg_advertisers
[0m14:18:17.432511 [debug] [Thread-1 (]: Using duckdb connection "model.adtech.stg_advertisers"
[0m14:18:17.432715 [debug] [Thread-1 (]: On model.adtech.stg_advertisers: /* {"app": "dbt", "dbt_version": "1.11.11", "profile_name": "adtech", "target_name": "dev", "node_id": "model.adtech.stg_advertisers"} */

  
  with source as (
    select * from 'data/raw/advertisers.parquet'
)
select 
    advertiser_id,
    advertiser_name,
    country,
    status,
    cast(created_at as date) as created_at
from source
  
  limit 5

[0m14:18:17.432890 [debug] [Thread-1 (]: Opening a new connection, currently in state init
[0m14:18:17.449217 [debug] [Thread-1 (]: SQL status: OK in 0.016 seconds
[0m14:18:17.450572 [debug] [Thread-1 (]: On model.adtech.stg_advertisers: Close
[0m14:18:17.450974 [debug] [Thread-1 (]: Finished running node model.adtech.stg_advertisers
[0m14:18:17.451702 [debug] [MainThread]: Connection 'master' was properly closed.
[0m14:18:17.451921 [debug] [MainThread]: Connection 'list_dev_main' was properly closed.
[0m14:18:17.452066 [debug] [MainThread]: Connection 'model.adtech.stg_advertisers' was properly closed.
[0m14:18:17.452389 [debug] [MainThread]: Command end result
[0m14:18:17.467263 [debug] [MainThread]: Wrote artifact WritableManifest to C:\Users\antoniou.athanasis\Desktop\adtech-analytics\target\manifest.json
[0m14:18:17.468590 [debug] [MainThread]: Wrote artifact SemanticManifest to C:\Users\antoniou.athanasis\Desktop\adtech-analytics\target\semantic_manifest.json
[0m14:18:17.472663 [debug] [MainThread]: Wrote artifact RunExecutionResult to C:\Users\antoniou.athanasis\Desktop\adtech-analytics\target\run_results.json
[0m14:18:17.472922 [info ] [MainThread]: Previewing node 'stg_advertisers':
| advertiser_id | advertiser_name | country | status | created_at |
| ------------- | --------------- | ------- | ------ | ---------- |
|             1 | Advertiser_001  | CY      | active | 2025-05-20 |
|             2 | Advertiser_002  | PL      | active | 2025-12-18 |
|             3 | Advertiser_003  | IT      | active | 2025-04-27 |
|             4 | Advertiser_004  | GB      | active | 2025-12-14 |
|             5 | Advertiser_005  | GB      | active | 2025-10-23 |

[0m14:18:17.473463 [debug] [MainThread]: Command `dbt show` succeeded at 14:18:17.473387 after 0.86 seconds
[0m14:18:17.473685 [debug] [MainThread]: Sending event: {'category': 'dbt', 'action': 'invocation', 'label': 'end', 'context': [<snowplow_tracker.self_describing_json.SelfDescribingJson object at 0x00000186136A3410>, <snowplow_tracker.self_describing_json.SelfDescribingJson object at 0x0000018610F56BA0>, <snowplow_tracker.self_describing_json.SelfDescribingJson object at 0x0000018613D162B0>]}
[0m14:18:17.473885 [debug] [MainThread]: Flushing usage events
[0m14:18:18.281852 [debug] [MainThread]: An error was encountered while trying to flush usage events
[0m14:18:24.363304 [debug] [MainThread]: Sending event: {'category': 'dbt', 'action': 'invocation', 'label': 'start', 'context': [<snowplow_tracker.self_describing_json.SelfDescribingJson object at 0x000001D6A9269400>, <snowplow_tracker.self_describing_json.SelfDescribingJson object at 0x000001D6A6A53ED0>, <snowplow_tracker.self_describing_json.SelfDescribingJson object at 0x000001D6AB673C50>]}


============================== 14:18:24.366148 | a534ffce-f0c5-4432-a57d-f9b21fc4248e ==============================
[0m14:18:24.366148 [info ] [MainThread]: Running with dbt=1.11.11
[0m14:18:24.366554 [debug] [MainThread]: running dbt with arguments {'version_check': 'True', 'no_print': 'None', 'static_parser': 'True', 'target_path': 'None', 'warn_error_options': 'WarnErrorOptionsV2(error=[], warn=[], silence=[])', 'printer_width': '80', 'write_json': 'True', 'empty': 'None', 'log_cache_events': 'False', 'introspect': 'True', 'cache_selected_only': 'False', 'fail_fast': 'False', 'debug': 'False', 'log_format': 'default', 'partial_parse': 'True', 'send_anonymous_usage_stats': 'True', 'quiet': 'False', 'warn_error': 'None', 'profiles_dir': '.', 'use_colors': 'True', 'indirect_selection': 'eager', 'invocation_command': 'dbt show --select stg_advertisers --profiles-dir .', 'use_experimental_parser': 'False', 'log_path': 'C:\\Users\\antoniou.athanasis\\Desktop\\adtech-analytics\\logs'}
[0m14:18:24.499012 [debug] [MainThread]: Sending event: {'category': 'dbt', 'action': 'project_id', 'label': 'a534ffce-f0c5-4432-a57d-f9b21fc4248e', 'context': [<snowplow_tracker.self_describing_json.SelfDescribingJson object at 0x000001D6AB73B5C0>]}
[0m14:18:24.540822 [debug] [MainThread]: Sending event: {'category': 'dbt', 'action': 'adapter_info', 'label': 'a534ffce-f0c5-4432-a57d-f9b21fc4248e', 'context': [<snowplow_tracker.self_describing_json.SelfDescribingJson object at 0x000001D6A9D4FBD0>]}
[0m14:18:24.548139 [info ] [MainThread]: Registered adapter: duckdb=1.10.1
[0m14:18:24.668853 [debug] [MainThread]: checksum: 30a8cc8fdcbf66701b0944d4ccce3fa46dd04b61e5df68b9f16d57b2e0e3f0be, vars: {}, profile: , target: , version: 1.11.11
[0m14:18:24.796438 [debug] [MainThread]: Partial parsing enabled: 0 files deleted, 0 files added, 0 files changed.
[0m14:18:24.796681 [debug] [MainThread]: Nothing changed, skipping partial parsing.
[0m14:18:24.796826 [debug] [MainThread]: Partial parsing enabled, no changes found, skipping parsing
[0m14:18:24.800337 [warn ] [MainThread]: [[33mWARNING[0m]: Configuration paths exist in your dbt_project.yml file which do not apply to any resources.
There are 1 unused configuration paths:
- models.adtech.marts
[0m14:18:24.815624 [debug] [MainThread]: Sending event: {'category': 'dbt', 'action': 'load_project', 'label': 'a534ffce-f0c5-4432-a57d-f9b21fc4248e', 'context': [<snowplow_tracker.self_describing_json.SelfDescribingJson object at 0x000001D6ABDC3150>]}
[0m14:18:24.860058 [debug] [MainThread]: Wrote artifact WritableManifest to C:\Users\antoniou.athanasis\Desktop\adtech-analytics\target\manifest.json
[0m14:18:24.861378 [debug] [MainThread]: Wrote artifact SemanticManifest to C:\Users\antoniou.athanasis\Desktop\adtech-analytics\target\semantic_manifest.json
[0m14:18:24.862827 [debug] [MainThread]: Sending event: {'category': 'dbt', 'action': 'resource_counts', 'label': 'a534ffce-f0c5-4432-a57d-f9b21fc4248e', 'context': [<snowplow_tracker.self_describing_json.SelfDescribingJson object at 0x000001D6ABB337A0>]}
[0m14:18:24.863065 [info ] [MainThread]: Found 3 models, 3 sources, 485 macros
[0m14:18:24.863338 [debug] [MainThread]: Sending event: {'category': 'dbt', 'action': 'runnable_timing', 'label': 'a534ffce-f0c5-4432-a57d-f9b21fc4248e', 'context': [<snowplow_tracker.self_describing_json.SelfDescribingJson object at 0x000001D6ABF7AF90>]}
[0m14:18:24.864273 [info ] [MainThread]: 
[0m14:18:24.864504 [info ] [MainThread]: Concurrency: 4 threads (target='dev')
[0m14:18:24.864692 [info ] [MainThread]: 
[0m14:18:24.864998 [debug] [MainThread]: Acquiring new duckdb connection 'master'
[0m14:18:24.867758 [debug] [ThreadPool]: Acquiring new duckdb connection 'list_dev_main'
[0m14:18:24.905002 [debug] [ThreadPool]: Using duckdb connection "list_dev_main"
[0m14:18:24.905395 [debug] [ThreadPool]: On list_dev_main: BEGIN
[0m14:18:24.905642 [debug] [ThreadPool]: Opening a new connection, currently in state init
[0m14:18:24.914803 [debug] [ThreadPool]: SQL status: OK in 0.009 seconds
[0m14:18:24.915007 [debug] [ThreadPool]: Using duckdb connection "list_dev_main"
[0m14:18:24.915171 [debug] [ThreadPool]: On list_dev_main: /* {"app": "dbt", "dbt_version": "1.11.11", "profile_name": "adtech", "target_name": "dev", "connection_name": "list_dev_main"} */
select
      'dev' as database,
      table_name as name,
      table_schema as schema,
      CASE table_type
        WHEN 'BASE TABLE' THEN 'table'
        WHEN 'VIEW' THEN 'view'
        WHEN 'LOCAL TEMPORARY' THEN 'table'
        END as type
    from system.information_schema.tables
    where lower(table_schema) = 'main'
    and lower(table_catalog) = 'dev'
  
[0m14:18:24.917637 [debug] [ThreadPool]: SQL status: OK in 0.002 seconds
[0m14:18:24.918391 [debug] [ThreadPool]: On list_dev_main: ROLLBACK
[0m14:18:24.918993 [debug] [ThreadPool]: Failed to rollback 'list_dev_main'
[0m14:18:24.919164 [debug] [ThreadPool]: On list_dev_main: Close
[0m14:18:24.919724 [debug] [MainThread]: Sending event: {'category': 'dbt', 'action': 'runnable_timing', 'label': 'a534ffce-f0c5-4432-a57d-f9b21fc4248e', 'context': [<snowplow_tracker.self_describing_json.SelfDescribingJson object at 0x000001D6AC1457E0>]}
[0m14:18:24.921875 [debug] [Thread-1 (]: Began running node model.adtech.stg_advertisers
[0m14:18:24.922154 [debug] [Thread-1 (]: Acquiring new duckdb connection 'model.adtech.stg_advertisers'
[0m14:18:24.922339 [debug] [Thread-1 (]: Began compiling node model.adtech.stg_advertisers
[0m14:18:24.926082 [debug] [Thread-1 (]: Writing injected SQL for node "model.adtech.stg_advertisers"
[0m14:18:24.926618 [debug] [Thread-1 (]: Began executing node model.adtech.stg_advertisers
[0m14:18:24.945769 [debug] [Thread-1 (]: Using duckdb connection "model.adtech.stg_advertisers"
[0m14:18:24.946051 [debug] [Thread-1 (]: On model.adtech.stg_advertisers: /* {"app": "dbt", "dbt_version": "1.11.11", "profile_name": "adtech", "target_name": "dev", "node_id": "model.adtech.stg_advertisers"} */

  
  with source as (
    select * from 'data/raw/advertisers.parquet'
)
select 
    advertiser_id,
    advertiser_name,
    country,
    status,
    cast(created_at as date) as created_at
from source
  
  limit 5

[0m14:18:24.946239 [debug] [Thread-1 (]: Opening a new connection, currently in state init
[0m14:18:24.947872 [debug] [Thread-1 (]: SQL status: OK in 0.002 seconds
[0m14:18:24.949187 [debug] [Thread-1 (]: On model.adtech.stg_advertisers: Close
[0m14:18:24.949636 [debug] [Thread-1 (]: Finished running node model.adtech.stg_advertisers
[0m14:18:24.950424 [debug] [MainThread]: Connection 'master' was properly closed.
[0m14:18:24.950590 [debug] [MainThread]: Connection 'list_dev_main' was properly closed.
[0m14:18:24.950720 [debug] [MainThread]: Connection 'model.adtech.stg_advertisers' was properly closed.
[0m14:18:24.951029 [debug] [MainThread]: Command end result
[0m14:18:24.965227 [debug] [MainThread]: Wrote artifact WritableManifest to C:\Users\antoniou.athanasis\Desktop\adtech-analytics\target\manifest.json
[0m14:18:24.966489 [debug] [MainThread]: Wrote artifact SemanticManifest to C:\Users\antoniou.athanasis\Desktop\adtech-analytics\target\semantic_manifest.json
[0m14:18:24.970545 [debug] [MainThread]: Wrote artifact RunExecutionResult to C:\Users\antoniou.athanasis\Desktop\adtech-analytics\target\run_results.json
[0m14:18:24.970808 [info ] [MainThread]: Previewing node 'stg_advertisers':
| advertiser_id | advertiser_name | country | status | created_at |
| ------------- | --------------- | ------- | ------ | ---------- |
|             1 | Advertiser_001  | CY      | active | 2025-05-20 |
|             2 | Advertiser_002  | PL      | active | 2025-12-18 |
|             3 | Advertiser_003  | IT      | active | 2025-04-27 |
|             4 | Advertiser_004  | GB      | active | 2025-12-14 |
|             5 | Advertiser_005  | GB      | active | 2025-10-23 |

[0m14:18:24.971319 [debug] [MainThread]: Command `dbt show` succeeded at 14:18:24.971252 after 0.69 seconds
[0m14:18:24.971530 [debug] [MainThread]: Sending event: {'category': 'dbt', 'action': 'invocation', 'label': 'end', 'context': [<snowplow_tracker.self_describing_json.SelfDescribingJson object at 0x000001D6AC1596D0>, <snowplow_tracker.self_describing_json.SelfDescribingJson object at 0x000001D6A9726BA0>, <snowplow_tracker.self_describing_json.SelfDescribingJson object at 0x000001D6AC316830>]}
[0m14:18:24.971721 [debug] [MainThread]: Flushing usage events
[0m14:18:25.761740 [debug] [MainThread]: An error was encountered while trying to flush usage events
[0m14:21:21.465196 [debug] [MainThread]: Sending event: {'category': 'dbt', 'action': 'invocation', 'label': 'start', 'context': [<snowplow_tracker.self_describing_json.SelfDescribingJson object at 0x0000021B49A19400>, <snowplow_tracker.self_describing_json.SelfDescribingJson object at 0x0000021B47243D90>, <snowplow_tracker.self_describing_json.SelfDescribingJson object at 0x0000021B4BE23C50>]}


============================== 14:21:21.468091 | 29a0c067-8ba0-42a9-8b0c-71d24cd147b8 ==============================
[0m14:21:21.468091 [info ] [MainThread]: Running with dbt=1.11.11
[0m14:21:21.468489 [debug] [MainThread]: running dbt with arguments {'version_check': 'True', 'no_print': 'None', 'static_parser': 'True', 'warn_error_options': 'WarnErrorOptionsV2(error=[], warn=[], silence=[])', 'target_path': 'None', 'printer_width': '80', 'write_json': 'True', 'introspect': 'True', 'log_cache_events': 'False', 'empty': 'None', 'cache_selected_only': 'False', 'fail_fast': 'False', 'debug': 'False', 'log_format': 'default', 'profiles_dir': '.', 'send_anonymous_usage_stats': 'True', 'quiet': 'False', 'warn_error': 'None', 'partial_parse': 'True', 'use_colors': 'True', 'invocation_command': 'dbt show --select stg_campigns --profiles-dir .', 'indirect_selection': 'eager', 'use_experimental_parser': 'False', 'log_path': 'C:\\Users\\antoniou.athanasis\\Desktop\\adtech-analytics\\logs'}
[0m14:21:21.600154 [debug] [MainThread]: Sending event: {'category': 'dbt', 'action': 'project_id', 'label': '29a0c067-8ba0-42a9-8b0c-71d24cd147b8', 'context': [<snowplow_tracker.self_describing_json.SelfDescribingJson object at 0x0000021B4BEC75C0>]}
[0m14:21:21.642269 [debug] [MainThread]: Sending event: {'category': 'dbt', 'action': 'adapter_info', 'label': '29a0c067-8ba0-42a9-8b0c-71d24cd147b8', 'context': [<snowplow_tracker.self_describing_json.SelfDescribingJson object at 0x0000021B4A503BD0>]}
[0m14:21:21.649679 [info ] [MainThread]: Registered adapter: duckdb=1.10.1
[0m14:21:21.778568 [debug] [MainThread]: checksum: 30a8cc8fdcbf66701b0944d4ccce3fa46dd04b61e5df68b9f16d57b2e0e3f0be, vars: {}, profile: , target: , version: 1.11.11
[0m14:21:21.903246 [debug] [MainThread]: Partial parsing enabled: 1 files deleted, 1 files added, 0 files changed.
[0m14:21:21.903580 [debug] [MainThread]: Partial parsing: added file: adtech://models\staging\stg_campaigns.sql
[0m14:21:21.903742 [debug] [MainThread]: Partial parsing: deleted file: adtech://models\staging\stg_campaings.sql
[0m14:21:22.082775 [warn ] [MainThread]: [[33mWARNING[0m]: Configuration paths exist in your dbt_project.yml file which do not apply to any resources.
There are 1 unused configuration paths:
- models.adtech.marts
[0m14:21:22.090116 [debug] [MainThread]: Sending event: {'category': 'dbt', 'action': 'load_project', 'label': '29a0c067-8ba0-42a9-8b0c-71d24cd147b8', 'context': [<snowplow_tracker.self_describing_json.SelfDescribingJson object at 0x0000021B4C8A8350>]}
[0m14:21:22.150262 [debug] [MainThread]: Wrote artifact WritableManifest to C:\Users\antoniou.athanasis\Desktop\adtech-analytics\target\manifest.json
[0m14:21:22.151704 [debug] [MainThread]: Wrote artifact SemanticManifest to C:\Users\antoniou.athanasis\Desktop\adtech-analytics\target\semantic_manifest.json
[0m14:21:22.153107 [debug] [MainThread]: Sending event: {'category': 'dbt', 'action': 'resource_counts', 'label': '29a0c067-8ba0-42a9-8b0c-71d24cd147b8', 'context': [<snowplow_tracker.self_describing_json.SelfDescribingJson object at 0x0000021B4C5ADD60>]}
[0m14:21:22.153353 [info ] [MainThread]: Found 3 models, 3 sources, 485 macros
[0m14:21:22.153620 [debug] [MainThread]: Sending event: {'category': 'dbt', 'action': 'runnable_timing', 'label': '29a0c067-8ba0-42a9-8b0c-71d24cd147b8', 'context': [<snowplow_tracker.self_describing_json.SelfDescribingJson object at 0x0000021B4C6FA270>]}
[0m14:21:22.153990 [warn ] [MainThread]: The selection criterion 'stg_campigns' does not match any enabled nodes
[0m14:21:22.154747 [warn ] [MainThread]: Nothing to do. Try checking your model configs and model specification args
[0m14:21:22.155094 [debug] [MainThread]: Command end result
[0m14:21:22.170458 [debug] [MainThread]: Wrote artifact WritableManifest to C:\Users\antoniou.athanasis\Desktop\adtech-analytics\target\manifest.json
[0m14:21:22.171827 [debug] [MainThread]: Wrote artifact SemanticManifest to C:\Users\antoniou.athanasis\Desktop\adtech-analytics\target\semantic_manifest.json
[0m14:21:22.173775 [debug] [MainThread]: Wrote artifact RunExecutionResult to C:\Users\antoniou.athanasis\Desktop\adtech-analytics\target\run_results.json
[0m14:21:22.174186 [debug] [MainThread]: Command `dbt show` succeeded at 14:21:22.174121 after 0.79 seconds
[0m14:21:22.174396 [debug] [MainThread]: Sending event: {'category': 'dbt', 'action': 'invocation', 'label': 'end', 'context': [<snowplow_tracker.self_describing_json.SelfDescribingJson object at 0x0000021B4BDD9570>, <snowplow_tracker.self_describing_json.SelfDescribingJson object at 0x0000021B4C9319D0>, <snowplow_tracker.self_describing_json.SelfDescribingJson object at 0x0000021B4C931850>]}
[0m14:21:22.174582 [debug] [MainThread]: Flushing usage events
[0m14:21:22.962812 [debug] [MainThread]: An error was encountered while trying to flush usage events
[0m14:21:35.755393 [debug] [MainThread]: Sending event: {'category': 'dbt', 'action': 'invocation', 'label': 'start', 'context': [<snowplow_tracker.self_describing_json.SelfDescribingJson object at 0x00000145E8E69400>, <snowplow_tracker.self_describing_json.SelfDescribingJson object at 0x00000145E6653D90>, <snowplow_tracker.self_describing_json.SelfDescribingJson object at 0x00000145EB273C50>]}


============================== 14:21:35.758241 | 1698ab53-1f21-4c4d-aeeb-6fada48eab70 ==============================
[0m14:21:35.758241 [info ] [MainThread]: Running with dbt=1.11.11
[0m14:21:35.758631 [debug] [MainThread]: running dbt with arguments {'version_check': 'True', 'no_print': 'None', 'static_parser': 'True', 'warn_error_options': 'WarnErrorOptionsV2(error=[], warn=[], silence=[])', 'target_path': 'None', 'printer_width': '80', 'write_json': 'True', 'empty': 'None', 'log_cache_events': 'False', 'introspect': 'True', 'cache_selected_only': 'False', 'log_format': 'default', 'debug': 'False', 'fail_fast': 'False', 'partial_parse': 'True', 'send_anonymous_usage_stats': 'True', 'quiet': 'False', 'warn_error': 'None', 'profiles_dir': '.', 'use_colors': 'True', 'invocation_command': 'dbt show --select stg_campigns --profiles-dir .', 'indirect_selection': 'eager', 'use_experimental_parser': 'False', 'log_path': 'C:\\Users\\antoniou.athanasis\\Desktop\\adtech-analytics\\logs'}
[0m14:21:35.893502 [debug] [MainThread]: Sending event: {'category': 'dbt', 'action': 'project_id', 'label': '1698ab53-1f21-4c4d-aeeb-6fada48eab70', 'context': [<snowplow_tracker.self_describing_json.SelfDescribingJson object at 0x00000145EB3375C0>]}
[0m14:21:35.935827 [debug] [MainThread]: Sending event: {'category': 'dbt', 'action': 'adapter_info', 'label': '1698ab53-1f21-4c4d-aeeb-6fada48eab70', 'context': [<snowplow_tracker.self_describing_json.SelfDescribingJson object at 0x00000145E9953BD0>]}
[0m14:21:35.943330 [info ] [MainThread]: Registered adapter: duckdb=1.10.1
[0m14:21:36.065210 [debug] [MainThread]: checksum: 30a8cc8fdcbf66701b0944d4ccce3fa46dd04b61e5df68b9f16d57b2e0e3f0be, vars: {}, profile: , target: , version: 1.11.11
[0m14:21:36.200491 [debug] [MainThread]: Partial parsing enabled: 0 files deleted, 0 files added, 0 files changed.
[0m14:21:36.200767 [debug] [MainThread]: Nothing changed, skipping partial parsing.
[0m14:21:36.200922 [debug] [MainThread]: Partial parsing enabled, no changes found, skipping parsing
[0m14:21:36.204920 [warn ] [MainThread]: [[33mWARNING[0m]: Configuration paths exist in your dbt_project.yml file which do not apply to any resources.
There are 1 unused configuration paths:
- models.adtech.marts
[0m14:21:36.221147 [debug] [MainThread]: Sending event: {'category': 'dbt', 'action': 'load_project', 'label': '1698ab53-1f21-4c4d-aeeb-6fada48eab70', 'context': [<snowplow_tracker.self_describing_json.SelfDescribingJson object at 0x00000145EB8CF150>]}
[0m14:21:36.266942 [debug] [MainThread]: Wrote artifact WritableManifest to C:\Users\antoniou.athanasis\Desktop\adtech-analytics\target\manifest.json
[0m14:21:36.268433 [debug] [MainThread]: Wrote artifact SemanticManifest to C:\Users\antoniou.athanasis\Desktop\adtech-analytics\target\semantic_manifest.json
[0m14:21:36.269952 [debug] [MainThread]: Sending event: {'category': 'dbt', 'action': 'resource_counts', 'label': '1698ab53-1f21-4c4d-aeeb-6fada48eab70', 'context': [<snowplow_tracker.self_describing_json.SelfDescribingJson object at 0x00000145EB6437A0>]}
[0m14:21:36.270282 [info ] [MainThread]: Found 3 models, 3 sources, 485 macros
[0m14:21:36.270569 [debug] [MainThread]: Sending event: {'category': 'dbt', 'action': 'runnable_timing', 'label': '1698ab53-1f21-4c4d-aeeb-6fada48eab70', 'context': [<snowplow_tracker.self_describing_json.SelfDescribingJson object at 0x00000145EBA8AF90>]}
[0m14:21:36.270944 [warn ] [MainThread]: The selection criterion 'stg_campigns' does not match any enabled nodes
[0m14:21:36.271753 [warn ] [MainThread]: Nothing to do. Try checking your model configs and model specification args
[0m14:21:36.272999 [debug] [MainThread]: Command end result
[0m14:21:36.289877 [debug] [MainThread]: Wrote artifact WritableManifest to C:\Users\antoniou.athanasis\Desktop\adtech-analytics\target\manifest.json
[0m14:21:36.291502 [debug] [MainThread]: Wrote artifact SemanticManifest to C:\Users\antoniou.athanasis\Desktop\adtech-analytics\target\semantic_manifest.json
[0m14:21:36.293547 [debug] [MainThread]: Wrote artifact RunExecutionResult to C:\Users\antoniou.athanasis\Desktop\adtech-analytics\target\run_results.json
[0m14:21:36.293996 [debug] [MainThread]: Command `dbt show` succeeded at 14:21:36.293927 after 0.62 seconds
[0m14:21:36.294213 [debug] [MainThread]: Sending event: {'category': 'dbt', 'action': 'invocation', 'label': 'end', 'context': [<snowplow_tracker.self_describing_json.SelfDescribingJson object at 0x00000145EB229570>, <snowplow_tracker.self_describing_json.SelfDescribingJson object at 0x00000145EB9C3650>, <snowplow_tracker.self_describing_json.SelfDescribingJson object at 0x00000145EB9C3A10>]}
[0m14:21:36.294446 [debug] [MainThread]: Flushing usage events
[0m14:21:37.028611 [debug] [MainThread]: An error was encountered while trying to flush usage events
[0m14:22:08.603814 [debug] [MainThread]: Sending event: {'category': 'dbt', 'action': 'invocation', 'label': 'start', 'context': [<snowplow_tracker.self_describing_json.SelfDescribingJson object at 0x00000225C6A99400>, <snowplow_tracker.self_describing_json.SelfDescribingJson object at 0x00000225C4283D90>, <snowplow_tracker.self_describing_json.SelfDescribingJson object at 0x00000225C8EA3C50>]}


============================== 14:22:08.606771 | 719e99f0-d0c1-4dac-834a-cdc9d242c7da ==============================
[0m14:22:08.606771 [info ] [MainThread]: Running with dbt=1.11.11
[0m14:22:08.607185 [debug] [MainThread]: running dbt with arguments {'static_parser': 'True', 'no_print': 'None', 'version_check': 'True', 'warn_error_options': 'WarnErrorOptionsV2(error=[], warn=[], silence=[])', 'target_path': 'None', 'printer_width': '80', 'write_json': 'True', 'introspect': 'True', 'log_cache_events': 'False', 'empty': 'None', 'cache_selected_only': 'False', 'fail_fast': 'False', 'debug': 'False', 'log_format': 'default', 'profiles_dir': '.', 'send_anonymous_usage_stats': 'True', 'quiet': 'False', 'warn_error': 'None', 'partial_parse': 'True', 'indirect_selection': 'eager', 'use_colors': 'True', 'invocation_command': 'dbt show --select stg_campingns --profiles-dir .', 'use_experimental_parser': 'False', 'log_path': 'C:\\Users\\antoniou.athanasis\\Desktop\\adtech-analytics\\logs'}
[0m14:22:08.741884 [debug] [MainThread]: Sending event: {'category': 'dbt', 'action': 'project_id', 'label': '719e99f0-d0c1-4dac-834a-cdc9d242c7da', 'context': [<snowplow_tracker.self_describing_json.SelfDescribingJson object at 0x00000225C8F6B5C0>]}
[0m14:22:08.785585 [debug] [MainThread]: Sending event: {'category': 'dbt', 'action': 'adapter_info', 'label': '719e99f0-d0c1-4dac-834a-cdc9d242c7da', 'context': [<snowplow_tracker.self_describing_json.SelfDescribingJson object at 0x00000225C7583BD0>]}
[0m14:22:08.793177 [info ] [MainThread]: Registered adapter: duckdb=1.10.1
[0m14:22:08.925105 [debug] [MainThread]: checksum: 30a8cc8fdcbf66701b0944d4ccce3fa46dd04b61e5df68b9f16d57b2e0e3f0be, vars: {}, profile: , target: , version: 1.11.11
[0m14:22:09.046064 [debug] [MainThread]: Partial parsing enabled: 0 files deleted, 0 files added, 0 files changed.
[0m14:22:09.046347 [debug] [MainThread]: Nothing changed, skipping partial parsing.
[0m14:22:09.046497 [debug] [MainThread]: Partial parsing enabled, no changes found, skipping parsing
[0m14:22:09.050424 [warn ] [MainThread]: [[33mWARNING[0m]: Configuration paths exist in your dbt_project.yml file which do not apply to any resources.
There are 1 unused configuration paths:
- models.adtech.marts
[0m14:22:09.066297 [debug] [MainThread]: Sending event: {'category': 'dbt', 'action': 'load_project', 'label': '719e99f0-d0c1-4dac-834a-cdc9d242c7da', 'context': [<snowplow_tracker.self_describing_json.SelfDescribingJson object at 0x00000225C953B150>]}
[0m14:22:09.112451 [debug] [MainThread]: Wrote artifact WritableManifest to C:\Users\antoniou.athanasis\Desktop\adtech-analytics\target\manifest.json
[0m14:22:09.114059 [debug] [MainThread]: Wrote artifact SemanticManifest to C:\Users\antoniou.athanasis\Desktop\adtech-analytics\target\semantic_manifest.json
[0m14:22:09.115555 [debug] [MainThread]: Sending event: {'category': 'dbt', 'action': 'resource_counts', 'label': '719e99f0-d0c1-4dac-834a-cdc9d242c7da', 'context': [<snowplow_tracker.self_describing_json.SelfDescribingJson object at 0x00000225C92C37A0>]}
[0m14:22:09.115823 [info ] [MainThread]: Found 3 models, 3 sources, 485 macros
[0m14:22:09.116076 [debug] [MainThread]: Sending event: {'category': 'dbt', 'action': 'runnable_timing', 'label': '719e99f0-d0c1-4dac-834a-cdc9d242c7da', 'context': [<snowplow_tracker.self_describing_json.SelfDescribingJson object at 0x00000225C970AF90>]}
[0m14:22:09.116466 [warn ] [MainThread]: The selection criterion 'stg_campingns' does not match any enabled nodes
[0m14:22:09.117290 [warn ] [MainThread]: Nothing to do. Try checking your model configs and model specification args
[0m14:22:09.118550 [debug] [MainThread]: Command end result
[0m14:22:09.135435 [debug] [MainThread]: Wrote artifact WritableManifest to C:\Users\antoniou.athanasis\Desktop\adtech-analytics\target\manifest.json
[0m14:22:09.137096 [debug] [MainThread]: Wrote artifact SemanticManifest to C:\Users\antoniou.athanasis\Desktop\adtech-analytics\target\semantic_manifest.json
[0m14:22:09.139145 [debug] [MainThread]: Wrote artifact RunExecutionResult to C:\Users\antoniou.athanasis\Desktop\adtech-analytics\target\run_results.json
[0m14:22:09.139584 [debug] [MainThread]: Command `dbt show` succeeded at 14:22:09.139516 after 0.62 seconds
[0m14:22:09.139797 [debug] [MainThread]: Sending event: {'category': 'dbt', 'action': 'invocation', 'label': 'end', 'context': [<snowplow_tracker.self_describing_json.SelfDescribingJson object at 0x00000225C8E59570>, <snowplow_tracker.self_describing_json.SelfDescribingJson object at 0x00000225C9643650>, <snowplow_tracker.self_describing_json.SelfDescribingJson object at 0x00000225C9643A10>]}
[0m14:22:09.140001 [debug] [MainThread]: Flushing usage events
[0m14:22:09.909322 [debug] [MainThread]: An error was encountered while trying to flush usage events
[0m14:22:49.997296 [debug] [MainThread]: Sending event: {'category': 'dbt', 'action': 'invocation', 'label': 'start', 'context': [<snowplow_tracker.self_describing_json.SelfDescribingJson object at 0x000002315B069400>, <snowplow_tracker.self_describing_json.SelfDescribingJson object at 0x0000023158853D90>, <snowplow_tracker.self_describing_json.SelfDescribingJson object at 0x000002315D473C50>]}


============================== 14:22:50.000145 | 92cb48c2-a149-4535-9f9d-fa5a2777b1ff ==============================
[0m14:22:50.000145 [info ] [MainThread]: Running with dbt=1.11.11
[0m14:22:50.000543 [debug] [MainThread]: running dbt with arguments {'static_parser': 'True', 'no_print': 'None', 'version_check': 'True', 'target_path': 'None', 'warn_error_options': 'WarnErrorOptionsV2(error=[], warn=[], silence=[])', 'printer_width': '80', 'write_json': 'True', 'introspect': 'True', 'log_cache_events': 'False', 'empty': 'None', 'cache_selected_only': 'False', 'log_format': 'default', 'debug': 'False', 'fail_fast': 'False', 'profiles_dir': '.', 'send_anonymous_usage_stats': 'True', 'quiet': 'False', 'warn_error': 'None', 'partial_parse': 'True', 'use_colors': 'True', 'indirect_selection': 'eager', 'invocation_command': 'dbt show --select stg_advertisers --profiles-dir .', 'use_experimental_parser': 'False', 'log_path': 'C:\\Users\\antoniou.athanasis\\Desktop\\adtech-analytics\\logs'}
[0m14:22:50.133235 [debug] [MainThread]: Sending event: {'category': 'dbt', 'action': 'project_id', 'label': '92cb48c2-a149-4535-9f9d-fa5a2777b1ff', 'context': [<snowplow_tracker.self_describing_json.SelfDescribingJson object at 0x000002315D5375C0>]}
[0m14:22:50.176010 [debug] [MainThread]: Sending event: {'category': 'dbt', 'action': 'adapter_info', 'label': '92cb48c2-a149-4535-9f9d-fa5a2777b1ff', 'context': [<snowplow_tracker.self_describing_json.SelfDescribingJson object at 0x000002315BB4FBD0>]}
[0m14:22:50.183702 [info ] [MainThread]: Registered adapter: duckdb=1.10.1
[0m14:22:50.308169 [debug] [MainThread]: checksum: 30a8cc8fdcbf66701b0944d4ccce3fa46dd04b61e5df68b9f16d57b2e0e3f0be, vars: {}, profile: , target: , version: 1.11.11
[0m14:22:50.427292 [debug] [MainThread]: Partial parsing enabled: 0 files deleted, 0 files added, 0 files changed.
[0m14:22:50.427533 [debug] [MainThread]: Nothing changed, skipping partial parsing.
[0m14:22:50.427677 [debug] [MainThread]: Partial parsing enabled, no changes found, skipping parsing
[0m14:22:50.431254 [warn ] [MainThread]: [[33mWARNING[0m]: Configuration paths exist in your dbt_project.yml file which do not apply to any resources.
There are 1 unused configuration paths:
- models.adtech.marts
[0m14:22:50.447115 [debug] [MainThread]: Sending event: {'category': 'dbt', 'action': 'load_project', 'label': '92cb48c2-a149-4535-9f9d-fa5a2777b1ff', 'context': [<snowplow_tracker.self_describing_json.SelfDescribingJson object at 0x000002315DACB150>]}
[0m14:22:50.491440 [debug] [MainThread]: Wrote artifact WritableManifest to C:\Users\antoniou.athanasis\Desktop\adtech-analytics\target\manifest.json
[0m14:22:50.492822 [debug] [MainThread]: Wrote artifact SemanticManifest to C:\Users\antoniou.athanasis\Desktop\adtech-analytics\target\semantic_manifest.json
[0m14:22:50.494272 [debug] [MainThread]: Sending event: {'category': 'dbt', 'action': 'resource_counts', 'label': '92cb48c2-a149-4535-9f9d-fa5a2777b1ff', 'context': [<snowplow_tracker.self_describing_json.SelfDescribingJson object at 0x000002315D8437A0>]}
[0m14:22:50.494512 [info ] [MainThread]: Found 3 models, 3 sources, 485 macros
[0m14:22:50.494770 [debug] [MainThread]: Sending event: {'category': 'dbt', 'action': 'runnable_timing', 'label': '92cb48c2-a149-4535-9f9d-fa5a2777b1ff', 'context': [<snowplow_tracker.self_describing_json.SelfDescribingJson object at 0x000002315DC8AF90>]}
[0m14:22:50.495707 [info ] [MainThread]: 
[0m14:22:50.495939 [info ] [MainThread]: Concurrency: 4 threads (target='dev')
[0m14:22:50.496274 [info ] [MainThread]: 
[0m14:22:50.496700 [debug] [MainThread]: Acquiring new duckdb connection 'master'
[0m14:22:50.499372 [debug] [ThreadPool]: Acquiring new duckdb connection 'list_dev_main'
[0m14:22:50.535812 [debug] [ThreadPool]: Using duckdb connection "list_dev_main"
[0m14:22:50.536073 [debug] [ThreadPool]: On list_dev_main: BEGIN
[0m14:22:50.536224 [debug] [ThreadPool]: Opening a new connection, currently in state init
[0m14:22:50.545392 [debug] [ThreadPool]: SQL status: OK in 0.009 seconds
[0m14:22:50.545676 [debug] [ThreadPool]: Using duckdb connection "list_dev_main"
[0m14:22:50.545911 [debug] [ThreadPool]: On list_dev_main: /* {"app": "dbt", "dbt_version": "1.11.11", "profile_name": "adtech", "target_name": "dev", "connection_name": "list_dev_main"} */
select
      'dev' as database,
      table_name as name,
      table_schema as schema,
      CASE table_type
        WHEN 'BASE TABLE' THEN 'table'
        WHEN 'VIEW' THEN 'view'
        WHEN 'LOCAL TEMPORARY' THEN 'table'
        END as type
    from system.information_schema.tables
    where lower(table_schema) = 'main'
    and lower(table_catalog) = 'dev'
  
[0m14:22:50.548393 [debug] [ThreadPool]: SQL status: OK in 0.002 seconds
[0m14:22:50.549145 [debug] [ThreadPool]: On list_dev_main: ROLLBACK
[0m14:22:50.549754 [debug] [ThreadPool]: Failed to rollback 'list_dev_main'
[0m14:22:50.549920 [debug] [ThreadPool]: On list_dev_main: Close
[0m14:22:50.550483 [debug] [MainThread]: Sending event: {'category': 'dbt', 'action': 'runnable_timing', 'label': '92cb48c2-a149-4535-9f9d-fa5a2777b1ff', 'context': [<snowplow_tracker.self_describing_json.SelfDescribingJson object at 0x000002315DE557E0>]}
[0m14:22:50.552759 [debug] [Thread-1 (]: Began running node model.adtech.stg_advertisers
[0m14:22:50.553036 [debug] [Thread-1 (]: Acquiring new duckdb connection 'model.adtech.stg_advertisers'
[0m14:22:50.553236 [debug] [Thread-1 (]: Began compiling node model.adtech.stg_advertisers
[0m14:22:50.557008 [debug] [Thread-1 (]: Writing injected SQL for node "model.adtech.stg_advertisers"
[0m14:22:50.557579 [debug] [Thread-1 (]: Began executing node model.adtech.stg_advertisers
[0m14:22:50.577194 [debug] [Thread-1 (]: Using duckdb connection "model.adtech.stg_advertisers"
[0m14:22:50.577473 [debug] [Thread-1 (]: On model.adtech.stg_advertisers: /* {"app": "dbt", "dbt_version": "1.11.11", "profile_name": "adtech", "target_name": "dev", "node_id": "model.adtech.stg_advertisers"} */

  
  with source as (
    select * from 'data/raw/advertisers.parquet'
)
select 
    advertiser_id,
    advertiser_name,
    country,
    status,
    cast(created_at as date) as created_at
from source
  
  limit 5

[0m14:22:50.577701 [debug] [Thread-1 (]: Opening a new connection, currently in state init
[0m14:22:50.579319 [debug] [Thread-1 (]: SQL status: OK in 0.002 seconds
[0m14:22:50.580620 [debug] [Thread-1 (]: On model.adtech.stg_advertisers: Close
[0m14:22:50.581025 [debug] [Thread-1 (]: Finished running node model.adtech.stg_advertisers
[0m14:22:50.581869 [debug] [MainThread]: Connection 'master' was properly closed.
[0m14:22:50.582116 [debug] [MainThread]: Connection 'list_dev_main' was properly closed.
[0m14:22:50.582289 [debug] [MainThread]: Connection 'model.adtech.stg_advertisers' was properly closed.
[0m14:22:50.582602 [debug] [MainThread]: Command end result
[0m14:22:50.596717 [debug] [MainThread]: Wrote artifact WritableManifest to C:\Users\antoniou.athanasis\Desktop\adtech-analytics\target\manifest.json
[0m14:22:50.597969 [debug] [MainThread]: Wrote artifact SemanticManifest to C:\Users\antoniou.athanasis\Desktop\adtech-analytics\target\semantic_manifest.json
[0m14:22:50.602083 [debug] [MainThread]: Wrote artifact RunExecutionResult to C:\Users\antoniou.athanasis\Desktop\adtech-analytics\target\run_results.json
[0m14:22:50.602396 [info ] [MainThread]: Previewing node 'stg_advertisers':
| advertiser_id | advertiser_name | country | status | created_at |
| ------------- | --------------- | ------- | ------ | ---------- |
|             1 | Advertiser_001  | CY      | active | 2025-05-20 |
|             2 | Advertiser_002  | PL      | active | 2025-12-18 |
|             3 | Advertiser_003  | IT      | active | 2025-04-27 |
|             4 | Advertiser_004  | GB      | active | 2025-12-14 |
|             5 | Advertiser_005  | GB      | active | 2025-10-23 |

[0m14:22:50.602920 [debug] [MainThread]: Command `dbt show` succeeded at 14:22:50.602853 after 0.68 seconds
[0m14:22:50.603133 [debug] [MainThread]: Sending event: {'category': 'dbt', 'action': 'invocation', 'label': 'end', 'context': [<snowplow_tracker.self_describing_json.SelfDescribingJson object at 0x000002315DE696D0>, <snowplow_tracker.self_describing_json.SelfDescribingJson object at 0x000002315B526BA0>, <snowplow_tracker.self_describing_json.SelfDescribingJson object at 0x000002315E026830>]}
[0m14:22:50.603329 [debug] [MainThread]: Flushing usage events
[0m14:22:51.473413 [debug] [MainThread]: An error was encountered while trying to flush usage events
[0m14:23:01.532610 [debug] [MainThread]: Sending event: {'category': 'dbt', 'action': 'invocation', 'label': 'start', 'context': [<snowplow_tracker.self_describing_json.SelfDescribingJson object at 0x000002470C829400>, <snowplow_tracker.self_describing_json.SelfDescribingJson object at 0x000002470A013D90>, <snowplow_tracker.self_describing_json.SelfDescribingJson object at 0x000002470EC33C50>]}


============================== 14:23:01.535437 | aff45407-d884-41a5-8627-3431edf69a6c ==============================
[0m14:23:01.535437 [info ] [MainThread]: Running with dbt=1.11.11
[0m14:23:01.535830 [debug] [MainThread]: running dbt with arguments {'version_check': 'True', 'no_print': 'None', 'static_parser': 'True', 'target_path': 'None', 'warn_error_options': 'WarnErrorOptionsV2(error=[], warn=[], silence=[])', 'printer_width': '80', 'write_json': 'True', 'introspect': 'True', 'log_cache_events': 'False', 'empty': 'None', 'cache_selected_only': 'False', 'fail_fast': 'False', 'debug': 'False', 'log_format': 'default', 'profiles_dir': '.', 'send_anonymous_usage_stats': 'True', 'quiet': 'False', 'warn_error': 'None', 'partial_parse': 'True', 'invocation_command': 'dbt show --select stg_campaings --profiles-dir .', 'use_colors': 'True', 'indirect_selection': 'eager', 'use_experimental_parser': 'False', 'log_path': 'C:\\Users\\antoniou.athanasis\\Desktop\\adtech-analytics\\logs'}
[0m14:23:01.668825 [debug] [MainThread]: Sending event: {'category': 'dbt', 'action': 'project_id', 'label': 'aff45407-d884-41a5-8627-3431edf69a6c', 'context': [<snowplow_tracker.self_describing_json.SelfDescribingJson object at 0x000002470ECFB5C0>]}
[0m14:23:01.710792 [debug] [MainThread]: Sending event: {'category': 'dbt', 'action': 'adapter_info', 'label': 'aff45407-d884-41a5-8627-3431edf69a6c', 'context': [<snowplow_tracker.self_describing_json.SelfDescribingJson object at 0x000002470D313BD0>]}
[0m14:23:01.717912 [info ] [MainThread]: Registered adapter: duckdb=1.10.1
[0m14:23:01.835833 [debug] [MainThread]: checksum: 30a8cc8fdcbf66701b0944d4ccce3fa46dd04b61e5df68b9f16d57b2e0e3f0be, vars: {}, profile: , target: , version: 1.11.11
[0m14:23:01.953472 [debug] [MainThread]: Partial parsing enabled: 0 files deleted, 0 files added, 0 files changed.
[0m14:23:01.953701 [debug] [MainThread]: Nothing changed, skipping partial parsing.
[0m14:23:01.953853 [debug] [MainThread]: Partial parsing enabled, no changes found, skipping parsing
[0m14:23:01.957389 [warn ] [MainThread]: [[33mWARNING[0m]: Configuration paths exist in your dbt_project.yml file which do not apply to any resources.
There are 1 unused configuration paths:
- models.adtech.marts
[0m14:23:01.972744 [debug] [MainThread]: Sending event: {'category': 'dbt', 'action': 'load_project', 'label': 'aff45407-d884-41a5-8627-3431edf69a6c', 'context': [<snowplow_tracker.self_describing_json.SelfDescribingJson object at 0x000002470F373150>]}
[0m14:23:02.017139 [debug] [MainThread]: Wrote artifact WritableManifest to C:\Users\antoniou.athanasis\Desktop\adtech-analytics\target\manifest.json
[0m14:23:02.018465 [debug] [MainThread]: Wrote artifact SemanticManifest to C:\Users\antoniou.athanasis\Desktop\adtech-analytics\target\semantic_manifest.json
[0m14:23:02.019833 [debug] [MainThread]: Sending event: {'category': 'dbt', 'action': 'resource_counts', 'label': 'aff45407-d884-41a5-8627-3431edf69a6c', 'context': [<snowplow_tracker.self_describing_json.SelfDescribingJson object at 0x000002470F0E37A0>]}
[0m14:23:02.020069 [info ] [MainThread]: Found 3 models, 3 sources, 485 macros
[0m14:23:02.020306 [debug] [MainThread]: Sending event: {'category': 'dbt', 'action': 'runnable_timing', 'label': 'aff45407-d884-41a5-8627-3431edf69a6c', 'context': [<snowplow_tracker.self_describing_json.SelfDescribingJson object at 0x000002470F52AF90>]}
[0m14:23:02.020643 [warn ] [MainThread]: The selection criterion 'stg_campaings' does not match any enabled nodes
[0m14:23:02.021459 [warn ] [MainThread]: Nothing to do. Try checking your model configs and model specification args
[0m14:23:02.022654 [debug] [MainThread]: Command end result
[0m14:23:02.038691 [debug] [MainThread]: Wrote artifact WritableManifest to C:\Users\antoniou.athanasis\Desktop\adtech-analytics\target\manifest.json
[0m14:23:02.040033 [debug] [MainThread]: Wrote artifact SemanticManifest to C:\Users\antoniou.athanasis\Desktop\adtech-analytics\target\semantic_manifest.json
[0m14:23:02.041990 [debug] [MainThread]: Wrote artifact RunExecutionResult to C:\Users\antoniou.athanasis\Desktop\adtech-analytics\target\run_results.json
[0m14:23:02.042412 [debug] [MainThread]: Command `dbt show` succeeded at 14:23:02.042347 after 0.59 seconds
[0m14:23:02.042619 [debug] [MainThread]: Sending event: {'category': 'dbt', 'action': 'invocation', 'label': 'end', 'context': [<snowplow_tracker.self_describing_json.SelfDescribingJson object at 0x000002470EBE5570>, <snowplow_tracker.self_describing_json.SelfDescribingJson object at 0x000002470F463650>, <snowplow_tracker.self_describing_json.SelfDescribingJson object at 0x000002470F463A10>]}
[0m14:23:02.042822 [debug] [MainThread]: Flushing usage events
[0m14:23:02.852237 [debug] [MainThread]: An error was encountered while trying to flush usage events
[0m14:23:28.657015 [debug] [MainThread]: Sending event: {'category': 'dbt', 'action': 'invocation', 'label': 'start', 'context': [<snowplow_tracker.self_describing_json.SelfDescribingJson object at 0x000001097BA89400>, <snowplow_tracker.self_describing_json.SelfDescribingJson object at 0x0000010979273D90>, <snowplow_tracker.self_describing_json.SelfDescribingJson object at 0x000001097DE93C50>]}


============================== 14:23:28.659926 | 0e0f2e9e-4987-48be-8433-210f302b3b3d ==============================
[0m14:23:28.659926 [info ] [MainThread]: Running with dbt=1.11.11
[0m14:23:28.660400 [debug] [MainThread]: running dbt with arguments {'version_check': 'True', 'no_print': 'None', 'static_parser': 'True', 'target_path': 'None', 'warn_error_options': 'WarnErrorOptionsV2(error=[], warn=[], silence=[])', 'printer_width': '80', 'write_json': 'True', 'empty': 'None', 'log_cache_events': 'False', 'introspect': 'True', 'cache_selected_only': 'False', 'fail_fast': 'False', 'debug': 'False', 'log_format': 'default', 'partial_parse': 'True', 'send_anonymous_usage_stats': 'True', 'quiet': 'False', 'warn_error': 'None', 'profiles_dir': '.', 'indirect_selection': 'eager', 'invocation_command': 'dbt show --select stg_campaigns --profiles-dir .', 'use_colors': 'True', 'use_experimental_parser': 'False', 'log_path': 'C:\\Users\\antoniou.athanasis\\Desktop\\adtech-analytics\\logs'}
[0m14:23:28.791673 [debug] [MainThread]: Sending event: {'category': 'dbt', 'action': 'project_id', 'label': '0e0f2e9e-4987-48be-8433-210f302b3b3d', 'context': [<snowplow_tracker.self_describing_json.SelfDescribingJson object at 0x000001097DF575C0>]}
[0m14:23:28.832679 [debug] [MainThread]: Sending event: {'category': 'dbt', 'action': 'adapter_info', 'label': '0e0f2e9e-4987-48be-8433-210f302b3b3d', 'context': [<snowplow_tracker.self_describing_json.SelfDescribingJson object at 0x000001097C573BD0>]}
[0m14:23:28.840514 [info ] [MainThread]: Registered adapter: duckdb=1.10.1
[0m14:23:28.957075 [debug] [MainThread]: checksum: 30a8cc8fdcbf66701b0944d4ccce3fa46dd04b61e5df68b9f16d57b2e0e3f0be, vars: {}, profile: , target: , version: 1.11.11
[0m14:23:29.075039 [debug] [MainThread]: Partial parsing enabled: 0 files deleted, 0 files added, 0 files changed.
[0m14:23:29.075284 [debug] [MainThread]: Nothing changed, skipping partial parsing.
[0m14:23:29.075433 [debug] [MainThread]: Partial parsing enabled, no changes found, skipping parsing
[0m14:23:29.079000 [warn ] [MainThread]: [[33mWARNING[0m]: Configuration paths exist in your dbt_project.yml file which do not apply to any resources.
There are 1 unused configuration paths:
- models.adtech.marts
[0m14:23:29.094649 [debug] [MainThread]: Sending event: {'category': 'dbt', 'action': 'load_project', 'label': '0e0f2e9e-4987-48be-8433-210f302b3b3d', 'context': [<snowplow_tracker.self_describing_json.SelfDescribingJson object at 0x000001097E55B150>]}
[0m14:23:29.138077 [debug] [MainThread]: Wrote artifact WritableManifest to C:\Users\antoniou.athanasis\Desktop\adtech-analytics\target\manifest.json
[0m14:23:29.139449 [debug] [MainThread]: Wrote artifact SemanticManifest to C:\Users\antoniou.athanasis\Desktop\adtech-analytics\target\semantic_manifest.json
[0m14:23:29.140808 [debug] [MainThread]: Sending event: {'category': 'dbt', 'action': 'resource_counts', 'label': '0e0f2e9e-4987-48be-8433-210f302b3b3d', 'context': [<snowplow_tracker.self_describing_json.SelfDescribingJson object at 0x000001097E2E37A0>]}
[0m14:23:29.141051 [info ] [MainThread]: Found 3 models, 3 sources, 485 macros
[0m14:23:29.141315 [debug] [MainThread]: Sending event: {'category': 'dbt', 'action': 'runnable_timing', 'label': '0e0f2e9e-4987-48be-8433-210f302b3b3d', 'context': [<snowplow_tracker.self_describing_json.SelfDescribingJson object at 0x000001097E72AF90>]}
[0m14:23:29.142264 [info ] [MainThread]: 
[0m14:23:29.142501 [info ] [MainThread]: Concurrency: 4 threads (target='dev')
[0m14:23:29.142704 [info ] [MainThread]: 
[0m14:23:29.143004 [debug] [MainThread]: Acquiring new duckdb connection 'master'
[0m14:23:29.145706 [debug] [ThreadPool]: Acquiring new duckdb connection 'list_dev_main'
[0m14:23:29.181671 [debug] [ThreadPool]: Using duckdb connection "list_dev_main"
[0m14:23:29.181918 [debug] [ThreadPool]: On list_dev_main: BEGIN
[0m14:23:29.182069 [debug] [ThreadPool]: Opening a new connection, currently in state init
[0m14:23:29.191351 [debug] [ThreadPool]: SQL status: OK in 0.009 seconds
[0m14:23:29.191655 [debug] [ThreadPool]: Using duckdb connection "list_dev_main"
[0m14:23:29.191913 [debug] [ThreadPool]: On list_dev_main: /* {"app": "dbt", "dbt_version": "1.11.11", "profile_name": "adtech", "target_name": "dev", "connection_name": "list_dev_main"} */
select
      'dev' as database,
      table_name as name,
      table_schema as schema,
      CASE table_type
        WHEN 'BASE TABLE' THEN 'table'
        WHEN 'VIEW' THEN 'view'
        WHEN 'LOCAL TEMPORARY' THEN 'table'
        END as type
    from system.information_schema.tables
    where lower(table_schema) = 'main'
    and lower(table_catalog) = 'dev'
  
[0m14:23:29.194435 [debug] [ThreadPool]: SQL status: OK in 0.002 seconds
[0m14:23:29.195389 [debug] [ThreadPool]: On list_dev_main: ROLLBACK
[0m14:23:29.195968 [debug] [ThreadPool]: Failed to rollback 'list_dev_main'
[0m14:23:29.196147 [debug] [ThreadPool]: On list_dev_main: Close
[0m14:23:29.196715 [debug] [MainThread]: Sending event: {'category': 'dbt', 'action': 'runnable_timing', 'label': '0e0f2e9e-4987-48be-8433-210f302b3b3d', 'context': [<snowplow_tracker.self_describing_json.SelfDescribingJson object at 0x000001097E8F97E0>]}
[0m14:23:29.198874 [debug] [Thread-1 (]: Began running node model.adtech.stg_campaigns
[0m14:23:29.199154 [debug] [Thread-1 (]: Acquiring new duckdb connection 'model.adtech.stg_campaigns'
[0m14:23:29.199338 [debug] [Thread-1 (]: Began compiling node model.adtech.stg_campaigns
[0m14:23:29.203401 [debug] [Thread-1 (]: Writing injected SQL for node "model.adtech.stg_campaigns"
[0m14:23:29.204114 [debug] [Thread-1 (]: Began executing node model.adtech.stg_campaigns
[0m14:23:29.223403 [debug] [Thread-1 (]: Using duckdb connection "model.adtech.stg_campaigns"
[0m14:23:29.223700 [debug] [Thread-1 (]: On model.adtech.stg_campaigns: /* {"app": "dbt", "dbt_version": "1.11.11", "profile_name": "adtech", "target_name": "dev", "node_id": "model.adtech.stg_campaigns"} */

  
  with source as (
    select * from 'data/raw/campaigns.parquet'
)
select 
    campaign_id,
    advertiser_id,
    campaign_name,
    channel,
    bid_cpm,
    daily_budget,
    start_date
from source
  
  limit 5

[0m14:23:29.223923 [debug] [Thread-1 (]: Opening a new connection, currently in state init
[0m14:23:29.231531 [debug] [Thread-1 (]: SQL status: OK in 0.008 seconds
[0m14:23:29.232957 [debug] [Thread-1 (]: On model.adtech.stg_campaigns: Close
[0m14:23:29.233376 [debug] [Thread-1 (]: Finished running node model.adtech.stg_campaigns
[0m14:23:29.234251 [debug] [MainThread]: Connection 'master' was properly closed.
[0m14:23:29.234420 [debug] [MainThread]: Connection 'list_dev_main' was properly closed.
[0m14:23:29.234550 [debug] [MainThread]: Connection 'model.adtech.stg_campaigns' was properly closed.
[0m14:23:29.234887 [debug] [MainThread]: Command end result
[0m14:23:29.249173 [debug] [MainThread]: Wrote artifact WritableManifest to C:\Users\antoniou.athanasis\Desktop\adtech-analytics\target\manifest.json
[0m14:23:29.250439 [debug] [MainThread]: Wrote artifact SemanticManifest to C:\Users\antoniou.athanasis\Desktop\adtech-analytics\target\semantic_manifest.json
[0m14:23:29.254444 [debug] [MainThread]: Wrote artifact RunExecutionResult to C:\Users\antoniou.athanasis\Desktop\adtech-analytics\target\run_results.json
[0m14:23:29.255796 [info ] [MainThread]: Previewing node 'stg_campaigns':
| campaign_id | advertiser_id | campaign_name | channel | bid_cpm | daily_budget | ... |
| ----------- | ------------- | ------------- | ------- | ------- | ------------ | --- |
|           1 |            19 | Campaign_0001 | search  |    9.46 |     1,486.58 | ... |
|           2 |            46 | Campaign_0002 | search  |    2.05 |     1,778.49 | ... |
|           3 |            25 | Campaign_0003 | video   |    6.66 |     1,846.06 | ... |
|           4 |            35 | Campaign_0004 | search  |    6.41 |     1,032.08 | ... |
|           5 |            23 | Campaign_0005 | video   |   10.36 |     1,064.54 | ... |

[0m14:23:29.256358 [debug] [MainThread]: Command `dbt show` succeeded at 14:23:29.256291 after 0.68 seconds
[0m14:23:29.256568 [debug] [MainThread]: Sending event: {'category': 'dbt', 'action': 'invocation', 'label': 'end', 'context': [<snowplow_tracker.self_describing_json.SelfDescribingJson object at 0x000001097E90D6D0>, <snowplow_tracker.self_describing_json.SelfDescribingJson object at 0x000001097BF42BA0>, <snowplow_tracker.self_describing_json.SelfDescribingJson object at 0x000001097EAC6830>]}
[0m14:23:29.256765 [debug] [MainThread]: Flushing usage events
[0m14:23:29.995407 [debug] [MainThread]: An error was encountered while trying to flush usage events
[0m14:24:10.573784 [debug] [MainThread]: Sending event: {'category': 'dbt', 'action': 'invocation', 'label': 'start', 'context': [<snowplow_tracker.self_describing_json.SelfDescribingJson object at 0x000002B4FA0E9400>, <snowplow_tracker.self_describing_json.SelfDescribingJson object at 0x000002B4F78E3D90>, <snowplow_tracker.self_describing_json.SelfDescribingJson object at 0x000002B4FC4F3C50>]}


============================== 14:24:10.576735 | f76a56c6-4fce-420b-ae49-f7d58f711397 ==============================
[0m14:24:10.576735 [info ] [MainThread]: Running with dbt=1.11.11
[0m14:24:10.577126 [debug] [MainThread]: running dbt with arguments {'version_check': 'True', 'no_print': 'None', 'static_parser': 'True', 'warn_error_options': 'WarnErrorOptionsV2(error=[], warn=[], silence=[])', 'target_path': 'None', 'printer_width': '80', 'write_json': 'True', 'empty': 'False', 'log_cache_events': 'False', 'introspect': 'True', 'cache_selected_only': 'False', 'log_format': 'default', 'debug': 'False', 'fail_fast': 'False', 'profiles_dir': '.', 'send_anonymous_usage_stats': 'True', 'quiet': 'False', 'warn_error': 'None', 'partial_parse': 'True', 'indirect_selection': 'eager', 'invocation_command': 'dbt run --profiles-dir .', 'use_colors': 'True', 'use_experimental_parser': 'False', 'log_path': 'C:\\Users\\antoniou.athanasis\\Desktop\\adtech-analytics\\logs'}
[0m14:24:10.715228 [debug] [MainThread]: Sending event: {'category': 'dbt', 'action': 'project_id', 'label': 'f76a56c6-4fce-420b-ae49-f7d58f711397', 'context': [<snowplow_tracker.self_describing_json.SelfDescribingJson object at 0x000002B4FC5BB5C0>]}
[0m14:24:10.758446 [debug] [MainThread]: Sending event: {'category': 'dbt', 'action': 'adapter_info', 'label': 'f76a56c6-4fce-420b-ae49-f7d58f711397', 'context': [<snowplow_tracker.self_describing_json.SelfDescribingJson object at 0x000002B4FABD3BD0>]}
[0m14:24:10.760205 [info ] [MainThread]: Registered adapter: duckdb=1.10.1
[0m14:24:10.890403 [debug] [MainThread]: checksum: 30a8cc8fdcbf66701b0944d4ccce3fa46dd04b61e5df68b9f16d57b2e0e3f0be, vars: {}, profile: , target: , version: 1.11.11
[0m14:24:11.015334 [debug] [MainThread]: Partial parsing enabled: 0 files deleted, 0 files added, 0 files changed.
[0m14:24:11.015605 [debug] [MainThread]: Nothing changed, skipping partial parsing.
[0m14:24:11.015789 [debug] [MainThread]: Partial parsing enabled, no changes found, skipping parsing
[0m14:24:11.019960 [warn ] [MainThread]: [[33mWARNING[0m]: Configuration paths exist in your dbt_project.yml file which do not apply to any resources.
There are 1 unused configuration paths:
- models.adtech.marts
[0m14:24:11.037153 [debug] [MainThread]: Sending event: {'category': 'dbt', 'action': 'load_project', 'label': 'f76a56c6-4fce-420b-ae49-f7d58f711397', 'context': [<snowplow_tracker.self_describing_json.SelfDescribingJson object at 0x000002B4FCB56950>]}
[0m14:24:11.082945 [debug] [MainThread]: Wrote artifact WritableManifest to C:\Users\antoniou.athanasis\Desktop\adtech-analytics\target\manifest.json
[0m14:24:11.084490 [debug] [MainThread]: Wrote artifact SemanticManifest to C:\Users\antoniou.athanasis\Desktop\adtech-analytics\target\semantic_manifest.json
[0m14:24:11.091597 [debug] [MainThread]: Sending event: {'category': 'dbt', 'action': 'resource_counts', 'label': 'f76a56c6-4fce-420b-ae49-f7d58f711397', 'context': [<snowplow_tracker.self_describing_json.SelfDescribingJson object at 0x000002B4FCB196D0>]}
[0m14:24:11.091910 [info ] [MainThread]: Found 3 models, 3 sources, 485 macros
[0m14:24:11.092200 [debug] [MainThread]: Sending event: {'category': 'dbt', 'action': 'runnable_timing', 'label': 'f76a56c6-4fce-420b-ae49-f7d58f711397', 'context': [<snowplow_tracker.self_describing_json.SelfDescribingJson object at 0x000002B4FCB3D0F0>]}
[0m14:24:11.093433 [info ] [MainThread]: 
[0m14:24:11.093701 [info ] [MainThread]: Concurrency: 4 threads (target='dev')
[0m14:24:11.093920 [info ] [MainThread]: 
[0m14:24:11.094254 [debug] [MainThread]: Acquiring new duckdb connection 'master'
[0m14:24:11.097105 [debug] [ThreadPool]: Acquiring new duckdb connection 'list_dev'
[0m14:24:11.152729 [debug] [ThreadPool]: Using duckdb connection "list_dev"
[0m14:24:11.153007 [debug] [ThreadPool]: On list_dev: /* {"app": "dbt", "dbt_version": "1.11.11", "profile_name": "adtech", "target_name": "dev", "connection_name": "list_dev"} */

    
    select schema_name
    from system.information_schema.schemata
    
    where lower(catalog_name) = '"dev"'
    
  
  
[0m14:24:11.153173 [debug] [ThreadPool]: Opening a new connection, currently in state init
[0m14:24:11.163053 [debug] [ThreadPool]: SQL status: OK in 0.010 seconds
[0m14:24:11.163865 [debug] [ThreadPool]: On list_dev: Close
[0m14:24:11.164297 [debug] [ThreadPool]: Re-using an available connection from the pool (formerly list_dev, now create_dev_main)
[0m14:24:11.164559 [debug] [ThreadPool]: Creating schema "database: "dev"
schema: "main"
"
[0m14:24:11.168486 [debug] [ThreadPool]: Using duckdb connection "create_dev_main"
[0m14:24:11.168680 [debug] [ThreadPool]: On create_dev_main: /* {"app": "dbt", "dbt_version": "1.11.11", "profile_name": "adtech", "target_name": "dev", "connection_name": "create_dev_main"} */

    
        select type from duckdb_databases()
        where lower(database_name)='dev'
        and type='sqlite'
    
  
[0m14:24:11.168843 [debug] [ThreadPool]: Opening a new connection, currently in state closed
[0m14:24:11.169392 [debug] [ThreadPool]: SQL status: OK in 0.001 seconds
[0m14:24:11.170082 [debug] [ThreadPool]: Using duckdb connection "create_dev_main"
[0m14:24:11.170248 [debug] [ThreadPool]: On create_dev_main: BEGIN
[0m14:24:11.170506 [debug] [ThreadPool]: SQL status: OK in 0.000 seconds
[0m14:24:11.170665 [debug] [ThreadPool]: Using duckdb connection "create_dev_main"
[0m14:24:11.170805 [debug] [ThreadPool]: On create_dev_main: /* {"app": "dbt", "dbt_version": "1.11.11", "profile_name": "adtech", "target_name": "dev", "connection_name": "create_dev_main"} */

    
    
        create schema if not exists "dev"."main"
    
[0m14:24:11.171091 [debug] [ThreadPool]: SQL status: OK in 0.000 seconds
[0m14:24:11.171532 [debug] [ThreadPool]: On create_dev_main: COMMIT
[0m14:24:11.171692 [debug] [ThreadPool]: Using duckdb connection "create_dev_main"
[0m14:24:11.171827 [debug] [ThreadPool]: On create_dev_main: COMMIT
[0m14:24:11.172070 [debug] [ThreadPool]: SQL status: OK in 0.000 seconds
[0m14:24:11.172241 [debug] [ThreadPool]: On create_dev_main: Close
[0m14:24:11.173090 [debug] [ThreadPool]: Acquiring new duckdb connection 'list_dev_main'
[0m14:24:11.176119 [debug] [ThreadPool]: Using duckdb connection "list_dev_main"
[0m14:24:11.176299 [debug] [ThreadPool]: On list_dev_main: BEGIN
[0m14:24:11.176436 [debug] [ThreadPool]: Opening a new connection, currently in state init
[0m14:24:11.176712 [debug] [ThreadPool]: SQL status: OK in 0.000 seconds
[0m14:24:11.176885 [debug] [ThreadPool]: Using duckdb connection "list_dev_main"
[0m14:24:11.177028 [debug] [ThreadPool]: On list_dev_main: /* {"app": "dbt", "dbt_version": "1.11.11", "profile_name": "adtech", "target_name": "dev", "connection_name": "list_dev_main"} */
select
      'dev' as database,
      table_name as name,
      table_schema as schema,
      CASE table_type
        WHEN 'BASE TABLE' THEN 'table'
        WHEN 'VIEW' THEN 'view'
        WHEN 'LOCAL TEMPORARY' THEN 'table'
        END as type
    from system.information_schema.tables
    where lower(table_schema) = 'main'
    and lower(table_catalog) = 'dev'
  
[0m14:24:11.179247 [debug] [ThreadPool]: SQL status: OK in 0.002 seconds
[0m14:24:11.179901 [debug] [ThreadPool]: On list_dev_main: ROLLBACK
[0m14:24:11.180507 [debug] [ThreadPool]: Failed to rollback 'list_dev_main'
[0m14:24:11.180676 [debug] [ThreadPool]: On list_dev_main: Close
[0m14:24:11.181207 [debug] [MainThread]: Sending event: {'category': 'dbt', 'action': 'runnable_timing', 'label': 'f76a56c6-4fce-420b-ae49-f7d58f711397', 'context': [<snowplow_tracker.self_describing_json.SelfDescribingJson object at 0x000002B4FCEF17E0>]}
[0m14:24:11.181482 [debug] [MainThread]: Using duckdb connection "master"
[0m14:24:11.181640 [debug] [MainThread]: On master: BEGIN
[0m14:24:11.181779 [debug] [MainThread]: Opening a new connection, currently in state init
[0m14:24:11.182065 [debug] [MainThread]: SQL status: OK in 0.000 seconds
[0m14:24:11.182233 [debug] [MainThread]: On master: COMMIT
[0m14:24:11.182369 [debug] [MainThread]: Using duckdb connection "master"
[0m14:24:11.182494 [debug] [MainThread]: On master: COMMIT
[0m14:24:11.182720 [debug] [MainThread]: SQL status: OK in 0.000 seconds
[0m14:24:11.182876 [debug] [MainThread]: On master: Close
[0m14:24:11.185165 [debug] [Thread-1 (]: Began running node model.adtech.stg_ad_events
[0m14:24:11.185425 [debug] [Thread-3 (]: Began running node model.adtech.stg_campaigns
[0m14:24:11.185656 [debug] [Thread-2 (]: Began running node model.adtech.stg_advertisers
[0m14:24:11.185957 [info ] [Thread-1 (]: 1 of 3 START sql view model main.stg_ad_events ................................. [RUN]
[0m14:24:11.186903 [debug] [Thread-1 (]: Acquiring new duckdb connection 'model.adtech.stg_ad_events'
[0m14:24:11.187204 [debug] [Thread-1 (]: Began compiling node model.adtech.stg_ad_events
[0m14:24:11.191349 [debug] [Thread-1 (]: Writing injected SQL for node "model.adtech.stg_ad_events"
[0m14:24:11.186588 [info ] [Thread-2 (]: 2 of 3 START sql view model main.stg_advertisers ............................... [RUN]
[0m14:24:11.191849 [debug] [Thread-2 (]: Acquiring new duckdb connection 'model.adtech.stg_advertisers'
[0m14:24:11.192054 [debug] [Thread-2 (]: Began compiling node model.adtech.stg_advertisers
[0m14:24:11.193667 [debug] [Thread-2 (]: Writing injected SQL for node "model.adtech.stg_advertisers"
[0m14:24:11.186249 [info ] [Thread-3 (]: 3 of 3 START sql view model main.stg_campaigns ................................. [RUN]
[0m14:24:11.194242 [debug] [Thread-3 (]: Acquiring new duckdb connection 'model.adtech.stg_campaigns'
[0m14:24:11.194455 [debug] [Thread-3 (]: Began compiling node model.adtech.stg_campaigns
[0m14:24:11.195854 [debug] [Thread-3 (]: Writing injected SQL for node "model.adtech.stg_campaigns"
[0m14:24:11.193955 [debug] [Thread-1 (]: Began executing node model.adtech.stg_ad_events
[0m14:24:11.213031 [debug] [Thread-1 (]: Writing runtime sql for node "model.adtech.stg_ad_events"
[0m14:24:11.213439 [debug] [Thread-2 (]: Began executing node model.adtech.stg_advertisers
[0m14:24:11.215262 [debug] [Thread-2 (]: Writing runtime sql for node "model.adtech.stg_advertisers"
[0m14:24:11.215618 [debug] [Thread-3 (]: Began executing node model.adtech.stg_campaigns
[0m14:24:11.217246 [debug] [Thread-3 (]: Writing runtime sql for node "model.adtech.stg_campaigns"
[0m14:24:11.217602 [debug] [Thread-1 (]: Using duckdb connection "model.adtech.stg_ad_events"
[0m14:24:11.217845 [debug] [Thread-1 (]: On model.adtech.stg_ad_events: BEGIN
[0m14:24:11.218295 [debug] [Thread-1 (]: Opening a new connection, currently in state init
[0m14:24:11.218078 [debug] [Thread-2 (]: Using duckdb connection "model.adtech.stg_advertisers"
[0m14:24:11.218888 [debug] [Thread-2 (]: On model.adtech.stg_advertisers: BEGIN
[0m14:24:11.219111 [debug] [Thread-2 (]: Opening a new connection, currently in state init
[0m14:24:11.219400 [debug] [Thread-3 (]: Using duckdb connection "model.adtech.stg_campaigns"
[0m14:24:11.219610 [debug] [Thread-3 (]: On model.adtech.stg_campaigns: BEGIN
[0m14:24:11.220246 [debug] [Thread-3 (]: Opening a new connection, currently in state init
[0m14:24:11.220050 [debug] [Thread-1 (]: SQL status: OK in 0.002 seconds
[0m14:24:11.220519 [debug] [Thread-1 (]: Using duckdb connection "model.adtech.stg_ad_events"
[0m14:24:11.220714 [debug] [Thread-1 (]: On model.adtech.stg_ad_events: /* {"app": "dbt", "dbt_version": "1.11.11", "profile_name": "adtech", "target_name": "dev", "node_id": "model.adtech.stg_ad_events"} */

  
  create view "dev"."main"."stg_ad_events__dbt_tmp" as (
    with source as (
    select * from read_parquet('data/raw/ad_events/*/part.parquet', hive_partitioning=true)
)
select
    event_id,
    event_ts,
    cast(event_date as date)        as event_date,
    campaign_id,
    device,
    country,
    event_type,
    revenue
from source
  );

[0m14:24:11.219833 [debug] [Thread-2 (]: SQL status: OK in 0.001 seconds
[0m14:24:11.221272 [debug] [Thread-2 (]: Using duckdb connection "model.adtech.stg_advertisers"
[0m14:24:11.221496 [debug] [Thread-2 (]: On model.adtech.stg_advertisers: /* {"app": "dbt", "dbt_version": "1.11.11", "profile_name": "adtech", "target_name": "dev", "node_id": "model.adtech.stg_advertisers"} */

  
  create view "dev"."main"."stg_advertisers__dbt_tmp" as (
    with source as (
    select * from 'data/raw/advertisers.parquet'
)
select 
    advertiser_id,
    advertiser_name,
    country,
    status,
    cast(created_at as date) as created_at
from source
  );

[0m14:24:11.221061 [debug] [Thread-3 (]: SQL status: OK in 0.001 seconds
[0m14:24:11.221784 [debug] [Thread-3 (]: Using duckdb connection "model.adtech.stg_campaigns"
[0m14:24:11.222009 [debug] [Thread-3 (]: On model.adtech.stg_campaigns: /* {"app": "dbt", "dbt_version": "1.11.11", "profile_name": "adtech", "target_name": "dev", "node_id": "model.adtech.stg_campaigns"} */

  
  create view "dev"."main"."stg_campaigns__dbt_tmp" as (
    with source as (
    select * from 'data/raw/campaigns.parquet'
)
select 
    campaign_id,
    advertiser_id,
    campaign_name,
    channel,
    bid_cpm,
    daily_budget,
    start_date
from source
  );

[0m14:24:11.222569 [debug] [Thread-2 (]: SQL status: OK in 0.001 seconds
[0m14:24:11.226274 [debug] [Thread-2 (]: Using duckdb connection "model.adtech.stg_advertisers"
[0m14:24:11.226712 [debug] [Thread-2 (]: On model.adtech.stg_advertisers: /* {"app": "dbt", "dbt_version": "1.11.11", "profile_name": "adtech", "target_name": "dev", "node_id": "model.adtech.stg_advertisers"} */
alter view "dev"."main"."stg_advertisers__dbt_tmp" rename to "stg_advertisers"
[0m14:24:11.226924 [debug] [Thread-1 (]: SQL status: OK in 0.006 seconds
[0m14:24:11.228542 [debug] [Thread-1 (]: Using duckdb connection "model.adtech.stg_ad_events"
[0m14:24:11.228756 [debug] [Thread-1 (]: On model.adtech.stg_ad_events: /* {"app": "dbt", "dbt_version": "1.11.11", "profile_name": "adtech", "target_name": "dev", "node_id": "model.adtech.stg_ad_events"} */
alter view "dev"."main"."stg_ad_events" rename to "stg_ad_events__dbt_backup"
[0m14:24:11.226500 [debug] [Thread-3 (]: SQL status: OK in 0.004 seconds
[0m14:24:11.230388 [debug] [Thread-3 (]: Using duckdb connection "model.adtech.stg_campaigns"
[0m14:24:11.230591 [debug] [Thread-3 (]: On model.adtech.stg_campaigns: /* {"app": "dbt", "dbt_version": "1.11.11", "profile_name": "adtech", "target_name": "dev", "node_id": "model.adtech.stg_campaigns"} */
alter view "dev"."main"."stg_campaigns__dbt_tmp" rename to "stg_campaigns"
[0m14:24:11.230824 [debug] [Thread-1 (]: SQL status: OK in 0.002 seconds
[0m14:24:11.228956 [debug] [Thread-2 (]: SQL status: OK in 0.002 seconds
[0m14:24:11.239106 [debug] [Thread-2 (]: On model.adtech.stg_advertisers: COMMIT
[0m14:24:11.239575 [debug] [Thread-2 (]: Using duckdb connection "model.adtech.stg_advertisers"
[0m14:24:11.232301 [debug] [Thread-1 (]: Using duckdb connection "model.adtech.stg_ad_events"
[0m14:24:11.240029 [debug] [Thread-1 (]: On model.adtech.stg_ad_events: /* {"app": "dbt", "dbt_version": "1.11.11", "profile_name": "adtech", "target_name": "dev", "node_id": "model.adtech.stg_ad_events"} */
alter view "dev"."main"."stg_ad_events__dbt_tmp" rename to "stg_ad_events"
[0m14:24:11.239806 [debug] [Thread-2 (]: On model.adtech.stg_advertisers: COMMIT
[0m14:24:11.239353 [debug] [Thread-3 (]: SQL status: OK in 0.008 seconds
[0m14:24:11.240873 [debug] [Thread-3 (]: On model.adtech.stg_campaigns: COMMIT
[0m14:24:11.241087 [debug] [Thread-3 (]: Using duckdb connection "model.adtech.stg_campaigns"
[0m14:24:11.241268 [debug] [Thread-3 (]: On model.adtech.stg_campaigns: COMMIT
[0m14:24:11.241478 [debug] [Thread-1 (]: SQL status: OK in 0.001 seconds
[0m14:24:11.243499 [debug] [Thread-1 (]: On model.adtech.stg_ad_events: COMMIT
[0m14:24:11.243711 [debug] [Thread-1 (]: Using duckdb connection "model.adtech.stg_ad_events"
[0m14:24:11.243892 [debug] [Thread-1 (]: On model.adtech.stg_ad_events: COMMIT
[0m14:24:11.244089 [debug] [Thread-2 (]: SQL status: OK in 0.004 seconds
[0m14:24:11.247353 [debug] [Thread-2 (]: Using duckdb connection "model.adtech.stg_advertisers"
[0m14:24:11.247592 [debug] [Thread-2 (]: On model.adtech.stg_advertisers: /* {"app": "dbt", "dbt_version": "1.11.11", "profile_name": "adtech", "target_name": "dev", "node_id": "model.adtech.stg_advertisers"} */

      drop view if exists "dev"."main"."stg_advertisers__dbt_backup" cascade
    
[0m14:24:11.248109 [debug] [Thread-3 (]: SQL status: OK in 0.006 seconds
[0m14:24:11.249295 [debug] [Thread-3 (]: Using duckdb connection "model.adtech.stg_campaigns"
[0m14:24:11.249733 [debug] [Thread-3 (]: On model.adtech.stg_campaigns: /* {"app": "dbt", "dbt_version": "1.11.11", "profile_name": "adtech", "target_name": "dev", "node_id": "model.adtech.stg_campaigns"} */

      drop view if exists "dev"."main"."stg_campaigns__dbt_backup" cascade
    
[0m14:24:11.247803 [debug] [Thread-1 (]: SQL status: OK in 0.003 seconds
[0m14:24:11.250949 [debug] [Thread-1 (]: Using duckdb connection "model.adtech.stg_ad_events"
[0m14:24:11.249510 [debug] [Thread-2 (]: SQL status: OK in 0.001 seconds
[0m14:24:11.252799 [debug] [Thread-2 (]: On model.adtech.stg_advertisers: Close
[0m14:24:11.251377 [debug] [Thread-3 (]: SQL status: OK in 0.001 seconds
[0m14:24:11.251180 [debug] [Thread-1 (]: On model.adtech.stg_ad_events: /* {"app": "dbt", "dbt_version": "1.11.11", "profile_name": "adtech", "target_name": "dev", "node_id": "model.adtech.stg_ad_events"} */

      drop view if exists "dev"."main"."stg_ad_events__dbt_backup" cascade
    
[0m14:24:11.254225 [debug] [Thread-3 (]: On model.adtech.stg_campaigns: Close
[0m14:24:11.254907 [debug] [Thread-2 (]: Sending event: {'category': 'dbt', 'action': 'run_model', 'label': 'f76a56c6-4fce-420b-ae49-f7d58f711397', 'context': [<snowplow_tracker.self_describing_json.SelfDescribingJson object at 0x000002B4FCF31F10>]}
[0m14:24:11.255144 [debug] [Thread-3 (]: Sending event: {'category': 'dbt', 'action': 'run_model', 'label': 'f76a56c6-4fce-420b-ae49-f7d58f711397', 'context': [<snowplow_tracker.self_describing_json.SelfDescribingJson object at 0x000002B4FA592410>]}
[0m14:24:11.255531 [info ] [Thread-2 (]: 2 of 3 OK created sql view model main.stg_advertisers .......................... [[32mOK[0m in 0.06s]
[0m14:24:11.256215 [debug] [Thread-2 (]: Finished running node model.adtech.stg_advertisers
[0m14:24:11.255844 [info ] [Thread-3 (]: 3 of 3 OK created sql view model main.stg_campaigns ............................ [[32mOK[0m in 0.06s]
[0m14:24:11.256712 [debug] [Thread-3 (]: Finished running node model.adtech.stg_campaigns
[0m14:24:11.256932 [debug] [Thread-1 (]: SQL status: OK in 0.002 seconds
[0m14:24:11.257707 [debug] [Thread-1 (]: On model.adtech.stg_ad_events: Close
[0m14:24:11.257973 [debug] [Thread-1 (]: Sending event: {'category': 'dbt', 'action': 'run_model', 'label': 'f76a56c6-4fce-420b-ae49-f7d58f711397', 'context': [<snowplow_tracker.self_describing_json.SelfDescribingJson object at 0x000002B4FCFC74D0>]}
[0m14:24:11.258297 [info ] [Thread-1 (]: 1 of 3 OK created sql view model main.stg_ad_events ............................ [[32mOK[0m in 0.07s]
[0m14:24:11.258675 [debug] [Thread-1 (]: Finished running node model.adtech.stg_ad_events
[0m14:24:11.259567 [debug] [MainThread]: Using duckdb connection "master"
[0m14:24:11.259754 [debug] [MainThread]: On master: BEGIN
[0m14:24:11.259898 [debug] [MainThread]: Opening a new connection, currently in state closed
[0m14:24:11.260213 [debug] [MainThread]: SQL status: OK in 0.000 seconds
[0m14:24:11.260377 [debug] [MainThread]: On master: COMMIT
[0m14:24:11.260516 [debug] [MainThread]: Using duckdb connection "master"
[0m14:24:11.260645 [debug] [MainThread]: On master: COMMIT
[0m14:24:11.260880 [debug] [MainThread]: SQL status: OK in 0.000 seconds
[0m14:24:11.261034 [debug] [MainThread]: On master: Close
[0m14:24:11.261225 [debug] [MainThread]: Connection 'master' was properly closed.
[0m14:24:11.261361 [debug] [MainThread]: Connection 'create_dev_main' was properly closed.
[0m14:24:11.261477 [debug] [MainThread]: Connection 'list_dev_main' was properly closed.
[0m14:24:11.261587 [debug] [MainThread]: Connection 'model.adtech.stg_ad_events' was properly closed.
[0m14:24:11.261700 [debug] [MainThread]: Connection 'model.adtech.stg_advertisers' was properly closed.
[0m14:24:11.261807 [debug] [MainThread]: Connection 'model.adtech.stg_campaigns' was properly closed.
[0m14:24:11.261973 [info ] [MainThread]: 
[0m14:24:11.262259 [info ] [MainThread]: Finished running 3 view models in 0 hours 0 minutes and 0.17 seconds (0.17s).
[0m14:24:11.262895 [debug] [MainThread]: Command end result
[0m14:24:11.278114 [debug] [MainThread]: Wrote artifact WritableManifest to C:\Users\antoniou.athanasis\Desktop\adtech-analytics\target\manifest.json
[0m14:24:11.279614 [debug] [MainThread]: Wrote artifact SemanticManifest to C:\Users\antoniou.athanasis\Desktop\adtech-analytics\target\semantic_manifest.json
[0m14:24:11.283836 [debug] [MainThread]: Wrote artifact RunExecutionResult to C:\Users\antoniou.athanasis\Desktop\adtech-analytics\target\run_results.json
[0m14:24:11.284024 [info ] [MainThread]: 
[0m14:24:11.284395 [info ] [MainThread]: [32mCompleted successfully[0m
[0m14:24:11.284720 [info ] [MainThread]: 
[0m14:24:11.284996 [info ] [MainThread]: Done. PASS=3 WARN=0 ERROR=0 SKIP=0 NO-OP=0 TOTAL=3
[0m14:24:11.285503 [debug] [MainThread]: Command `dbt run` succeeded at 14:24:11.285435 after 0.80 seconds
[0m14:24:11.285722 [debug] [MainThread]: Sending event: {'category': 'dbt', 'action': 'invocation', 'label': 'end', 'context': [<snowplow_tracker.self_describing_json.SelfDescribingJson object at 0x000002B4FCBDED50>, <snowplow_tracker.self_describing_json.SelfDescribingJson object at 0x000002B4FCBDE6D0>, <snowplow_tracker.self_describing_json.SelfDescribingJson object at 0x000002B4FC507150>]}
[0m14:24:11.285926 [debug] [MainThread]: Flushing usage events
[0m14:24:12.582350 [debug] [MainThread]: An error was encountered while trying to flush usage events
[0m15:18:47.798642 [debug] [MainThread]: Sending event: {'category': 'dbt', 'action': 'invocation', 'label': 'start', 'context': [<snowplow_tracker.self_describing_json.SelfDescribingJson object at 0x000001418E569400>, <snowplow_tracker.self_describing_json.SelfDescribingJson object at 0x000001418BD53ED0>, <snowplow_tracker.self_describing_json.SelfDescribingJson object at 0x0000014190973C50>]}


============================== 15:18:47.801524 | 7dca03bb-3fe8-47f6-be91-8ca0858eb84e ==============================
[0m15:18:47.801524 [info ] [MainThread]: Running with dbt=1.11.11
[0m15:18:47.801920 [debug] [MainThread]: running dbt with arguments {'version_check': 'True', 'no_print': 'None', 'static_parser': 'True', 'target_path': 'None', 'warn_error_options': 'WarnErrorOptionsV2(error=[], warn=[], silence=[])', 'printer_width': '80', 'write_json': 'True', 'introspect': 'True', 'log_cache_events': 'False', 'empty': 'False', 'cache_selected_only': 'False', 'log_format': 'default', 'debug': 'False', 'fail_fast': 'False', 'partial_parse': 'True', 'send_anonymous_usage_stats': 'True', 'quiet': 'False', 'warn_error': 'None', 'profiles_dir': '.', 'indirect_selection': 'eager', 'invocation_command': 'dbt run --profiles-dir .', 'use_colors': 'True', 'use_experimental_parser': 'False', 'log_path': 'C:\\Users\\antoniou.athanasis\\Desktop\\adtech-analytics\\logs'}
[0m15:18:47.938710 [debug] [MainThread]: Sending event: {'category': 'dbt', 'action': 'project_id', 'label': '7dca03bb-3fe8-47f6-be91-8ca0858eb84e', 'context': [<snowplow_tracker.self_describing_json.SelfDescribingJson object at 0x0000014190A375C0>]}
[0m15:18:47.981135 [debug] [MainThread]: Sending event: {'category': 'dbt', 'action': 'adapter_info', 'label': '7dca03bb-3fe8-47f6-be91-8ca0858eb84e', 'context': [<snowplow_tracker.self_describing_json.SelfDescribingJson object at 0x000001418F04FBD0>]}
[0m15:18:47.982781 [info ] [MainThread]: Registered adapter: duckdb=1.10.1
[0m15:18:48.115457 [debug] [MainThread]: checksum: 30a8cc8fdcbf66701b0944d4ccce3fa46dd04b61e5df68b9f16d57b2e0e3f0be, vars: {}, profile: , target: , version: 1.11.11
[0m15:18:48.245718 [debug] [MainThread]: Partial parsing enabled: 0 files deleted, 1 files added, 0 files changed.
[0m15:18:48.246059 [debug] [MainThread]: Partial parsing: added file: adtech://models\marts\fct_campaign_performance.sql
[0m15:18:48.435928 [debug] [MainThread]: Sending event: {'category': 'dbt', 'action': 'load_project', 'label': '7dca03bb-3fe8-47f6-be91-8ca0858eb84e', 'context': [<snowplow_tracker.self_describing_json.SelfDescribingJson object at 0x0000014190FD7B50>]}
[0m15:18:48.497065 [debug] [MainThread]: Wrote artifact WritableManifest to C:\Users\antoniou.athanasis\Desktop\adtech-analytics\target\manifest.json
[0m15:18:48.498569 [debug] [MainThread]: Wrote artifact SemanticManifest to C:\Users\antoniou.athanasis\Desktop\adtech-analytics\target\semantic_manifest.json
[0m15:18:48.505563 [debug] [MainThread]: Sending event: {'category': 'dbt', 'action': 'resource_counts', 'label': '7dca03bb-3fe8-47f6-be91-8ca0858eb84e', 'context': [<snowplow_tracker.self_describing_json.SelfDescribingJson object at 0x00000141912827B0>]}
[0m15:18:48.505815 [info ] [MainThread]: Found 4 models, 3 sources, 485 macros
[0m15:18:48.506084 [debug] [MainThread]: Sending event: {'category': 'dbt', 'action': 'runnable_timing', 'label': '7dca03bb-3fe8-47f6-be91-8ca0858eb84e', 'context': [<snowplow_tracker.self_describing_json.SelfDescribingJson object at 0x00000141912C4050>]}
[0m15:18:48.507287 [info ] [MainThread]: 
[0m15:18:48.507539 [info ] [MainThread]: Concurrency: 4 threads (target='dev')
[0m15:18:48.507732 [info ] [MainThread]: 
[0m15:18:48.508047 [debug] [MainThread]: Acquiring new duckdb connection 'master'
[0m15:18:48.510904 [debug] [ThreadPool]: Acquiring new duckdb connection 'list_dev'
[0m15:18:48.546402 [debug] [ThreadPool]: Using duckdb connection "list_dev"
[0m15:18:48.546676 [debug] [ThreadPool]: On list_dev: /* {"app": "dbt", "dbt_version": "1.11.11", "profile_name": "adtech", "target_name": "dev", "connection_name": "list_dev"} */

    
    select schema_name
    from system.information_schema.schemata
    
    where lower(catalog_name) = '"dev"'
    
  
  
[0m15:18:48.546833 [debug] [ThreadPool]: Opening a new connection, currently in state init
[0m15:18:48.563505 [debug] [ThreadPool]: SQL status: OK in 0.017 seconds
[0m15:18:48.564440 [debug] [ThreadPool]: On list_dev: Close
[0m15:18:48.564890 [debug] [ThreadPool]: Re-using an available connection from the pool (formerly list_dev, now create_dev_main)
[0m15:18:48.565169 [debug] [ThreadPool]: Creating schema "database: "dev"
schema: "main"
"
[0m15:18:48.568848 [debug] [ThreadPool]: Using duckdb connection "create_dev_main"
[0m15:18:48.569032 [debug] [ThreadPool]: On create_dev_main: /* {"app": "dbt", "dbt_version": "1.11.11", "profile_name": "adtech", "target_name": "dev", "connection_name": "create_dev_main"} */

    
        select type from duckdb_databases()
        where lower(database_name)='dev'
        and type='sqlite'
    
  
[0m15:18:48.569222 [debug] [ThreadPool]: Opening a new connection, currently in state closed
[0m15:18:48.569700 [debug] [ThreadPool]: SQL status: OK in 0.000 seconds
[0m15:18:48.570304 [debug] [ThreadPool]: Using duckdb connection "create_dev_main"
[0m15:18:48.570466 [debug] [ThreadPool]: On create_dev_main: BEGIN
[0m15:18:48.570707 [debug] [ThreadPool]: SQL status: OK in 0.000 seconds
[0m15:18:48.570864 [debug] [ThreadPool]: Using duckdb connection "create_dev_main"
[0m15:18:48.571000 [debug] [ThreadPool]: On create_dev_main: /* {"app": "dbt", "dbt_version": "1.11.11", "profile_name": "adtech", "target_name": "dev", "connection_name": "create_dev_main"} */

    
    
        create schema if not exists "dev"."main"
    
[0m15:18:48.571276 [debug] [ThreadPool]: SQL status: OK in 0.000 seconds
[0m15:18:48.571679 [debug] [ThreadPool]: On create_dev_main: COMMIT
[0m15:18:48.571839 [debug] [ThreadPool]: Using duckdb connection "create_dev_main"
[0m15:18:48.571973 [debug] [ThreadPool]: On create_dev_main: COMMIT
[0m15:18:48.572213 [debug] [ThreadPool]: SQL status: OK in 0.000 seconds
[0m15:18:48.572373 [debug] [ThreadPool]: On create_dev_main: Close
[0m15:18:48.573183 [debug] [ThreadPool]: Acquiring new duckdb connection 'list_dev_main'
[0m15:18:48.575983 [debug] [ThreadPool]: Using duckdb connection "list_dev_main"
[0m15:18:48.576154 [debug] [ThreadPool]: On list_dev_main: BEGIN
[0m15:18:48.576289 [debug] [ThreadPool]: Opening a new connection, currently in state init
[0m15:18:48.576551 [debug] [ThreadPool]: SQL status: OK in 0.000 seconds
[0m15:18:48.576711 [debug] [ThreadPool]: Using duckdb connection "list_dev_main"
[0m15:18:48.576863 [debug] [ThreadPool]: On list_dev_main: /* {"app": "dbt", "dbt_version": "1.11.11", "profile_name": "adtech", "target_name": "dev", "connection_name": "list_dev_main"} */
select
      'dev' as database,
      table_name as name,
      table_schema as schema,
      CASE table_type
        WHEN 'BASE TABLE' THEN 'table'
        WHEN 'VIEW' THEN 'view'
        WHEN 'LOCAL TEMPORARY' THEN 'table'
        END as type
    from system.information_schema.tables
    where lower(table_schema) = 'main'
    and lower(table_catalog) = 'dev'
  
[0m15:18:48.578810 [debug] [ThreadPool]: SQL status: OK in 0.002 seconds
[0m15:18:48.579456 [debug] [ThreadPool]: On list_dev_main: ROLLBACK
[0m15:18:48.580080 [debug] [ThreadPool]: Failed to rollback 'list_dev_main'
[0m15:18:48.580248 [debug] [ThreadPool]: On list_dev_main: Close
[0m15:18:48.580881 [debug] [MainThread]: Sending event: {'category': 'dbt', 'action': 'runnable_timing', 'label': '7dca03bb-3fe8-47f6-be91-8ca0858eb84e', 'context': [<snowplow_tracker.self_describing_json.SelfDescribingJson object at 0x0000014191556750>]}
[0m15:18:48.581150 [debug] [MainThread]: Using duckdb connection "master"
[0m15:18:48.581304 [debug] [MainThread]: On master: BEGIN
[0m15:18:48.581432 [debug] [MainThread]: Opening a new connection, currently in state init
[0m15:18:48.581719 [debug] [MainThread]: SQL status: OK in 0.000 seconds
[0m15:18:48.581914 [debug] [MainThread]: On master: COMMIT
[0m15:18:48.582051 [debug] [MainThread]: Using duckdb connection "master"
[0m15:18:48.582178 [debug] [MainThread]: On master: COMMIT
[0m15:18:48.582401 [debug] [MainThread]: SQL status: OK in 0.000 seconds
[0m15:18:48.582558 [debug] [MainThread]: On master: Close
[0m15:18:48.584780 [debug] [Thread-1 (]: Began running node model.adtech.stg_ad_events
[0m15:18:48.585020 [debug] [Thread-3 (]: Began running node model.adtech.stg_campaigns
[0m15:18:48.585237 [debug] [Thread-2 (]: Began running node model.adtech.stg_advertisers
[0m15:18:48.585502 [info ] [Thread-1 (]: 1 of 4 START sql view model main.stg_ad_events ................................. [RUN]
[0m15:18:48.586363 [debug] [Thread-1 (]: Acquiring new duckdb connection 'model.adtech.stg_ad_events'
[0m15:18:48.586662 [debug] [Thread-1 (]: Began compiling node model.adtech.stg_ad_events
[0m15:18:48.590296 [debug] [Thread-1 (]: Writing injected SQL for node "model.adtech.stg_ad_events"
[0m15:18:48.586078 [info ] [Thread-2 (]: 2 of 4 START sql view model main.stg_advertisers ............................... [RUN]
[0m15:18:48.590735 [debug] [Thread-2 (]: Acquiring new duckdb connection 'model.adtech.stg_advertisers'
[0m15:18:48.590966 [debug] [Thread-2 (]: Began compiling node model.adtech.stg_advertisers
[0m15:18:48.592337 [debug] [Thread-2 (]: Writing injected SQL for node "model.adtech.stg_advertisers"
[0m15:18:48.585758 [info ] [Thread-3 (]: 3 of 4 START sql view model main.stg_campaigns ................................. [RUN]
[0m15:18:48.592668 [debug] [Thread-3 (]: Acquiring new duckdb connection 'model.adtech.stg_campaigns'
[0m15:18:48.592863 [debug] [Thread-3 (]: Began compiling node model.adtech.stg_campaigns
[0m15:18:48.594081 [debug] [Thread-3 (]: Writing injected SQL for node "model.adtech.stg_campaigns"
[0m15:18:48.594358 [debug] [Thread-1 (]: Began executing node model.adtech.stg_ad_events
[0m15:18:48.610670 [debug] [Thread-1 (]: Writing runtime sql for node "model.adtech.stg_ad_events"
[0m15:18:48.610949 [debug] [Thread-2 (]: Began executing node model.adtech.stg_advertisers
[0m15:18:48.612478 [debug] [Thread-2 (]: Writing runtime sql for node "model.adtech.stg_advertisers"
[0m15:18:48.612833 [debug] [Thread-3 (]: Began executing node model.adtech.stg_campaigns
[0m15:18:48.614652 [debug] [Thread-3 (]: Writing runtime sql for node "model.adtech.stg_campaigns"
[0m15:18:48.615016 [debug] [Thread-2 (]: Using duckdb connection "model.adtech.stg_advertisers"
[0m15:18:48.615230 [debug] [Thread-2 (]: On model.adtech.stg_advertisers: BEGIN
[0m15:18:48.615811 [debug] [Thread-2 (]: Opening a new connection, currently in state init
[0m15:18:48.615483 [debug] [Thread-1 (]: Using duckdb connection "model.adtech.stg_ad_events"
[0m15:18:48.616590 [debug] [Thread-1 (]: On model.adtech.stg_ad_events: BEGIN
[0m15:18:48.616791 [debug] [Thread-1 (]: Opening a new connection, currently in state init
[0m15:18:48.616393 [debug] [Thread-3 (]: Using duckdb connection "model.adtech.stg_campaigns"
[0m15:18:48.617055 [debug] [Thread-3 (]: On model.adtech.stg_campaigns: BEGIN
[0m15:18:48.617242 [debug] [Thread-3 (]: Opening a new connection, currently in state init
[0m15:18:48.617430 [debug] [Thread-1 (]: SQL status: OK in 0.001 seconds
[0m15:18:48.617889 [debug] [Thread-1 (]: Using duckdb connection "model.adtech.stg_ad_events"
[0m15:18:48.618066 [debug] [Thread-1 (]: On model.adtech.stg_ad_events: /* {"app": "dbt", "dbt_version": "1.11.11", "profile_name": "adtech", "target_name": "dev", "node_id": "model.adtech.stg_ad_events"} */

  
  create view "dev"."main"."stg_ad_events__dbt_tmp" as (
    with source as (
    select * from read_parquet('data/raw/ad_events/*/part.parquet', hive_partitioning=true)
)
select
    event_id,
    event_ts,
    cast(event_date as date)        as event_date,
    campaign_id,
    device,
    country,
    event_type,
    revenue
from source
  );

[0m15:18:48.618261 [debug] [Thread-3 (]: SQL status: OK in 0.001 seconds
[0m15:18:48.618606 [debug] [Thread-3 (]: Using duckdb connection "model.adtech.stg_campaigns"
[0m15:18:48.617620 [debug] [Thread-2 (]: SQL status: OK in 0.002 seconds
[0m15:18:48.618996 [debug] [Thread-2 (]: Using duckdb connection "model.adtech.stg_advertisers"
[0m15:18:48.619182 [debug] [Thread-2 (]: On model.adtech.stg_advertisers: /* {"app": "dbt", "dbt_version": "1.11.11", "profile_name": "adtech", "target_name": "dev", "node_id": "model.adtech.stg_advertisers"} */

  
  create view "dev"."main"."stg_advertisers__dbt_tmp" as (
    with source as (
    select * from 'data/raw/advertisers.parquet'
)
select 
    advertiser_id,
    advertiser_name,
    country,
    status,
    cast(created_at as date) as created_at
from source
  );

[0m15:18:48.618800 [debug] [Thread-3 (]: On model.adtech.stg_campaigns: /* {"app": "dbt", "dbt_version": "1.11.11", "profile_name": "adtech", "target_name": "dev", "node_id": "model.adtech.stg_campaigns"} */

  
  create view "dev"."main"."stg_campaigns__dbt_tmp" as (
    with source as (
    select * from 'data/raw/campaigns.parquet'
)
select 
    campaign_id,
    advertiser_id,
    campaign_name,
    channel,
    bid_cpm,
    daily_budget,
    start_date
from source
  );

[0m15:18:48.620111 [debug] [Thread-2 (]: SQL status: OK in 0.001 seconds
[0m15:18:48.623354 [debug] [Thread-2 (]: Using duckdb connection "model.adtech.stg_advertisers"
[0m15:18:48.624102 [debug] [Thread-2 (]: On model.adtech.stg_advertisers: /* {"app": "dbt", "dbt_version": "1.11.11", "profile_name": "adtech", "target_name": "dev", "node_id": "model.adtech.stg_advertisers"} */
alter view "dev"."main"."stg_advertisers" rename to "stg_advertisers__dbt_backup"
[0m15:18:48.623895 [debug] [Thread-1 (]: SQL status: OK in 0.005 seconds
[0m15:18:48.625518 [debug] [Thread-1 (]: Using duckdb connection "model.adtech.stg_ad_events"
[0m15:18:48.625714 [debug] [Thread-1 (]: On model.adtech.stg_ad_events: /* {"app": "dbt", "dbt_version": "1.11.11", "profile_name": "adtech", "target_name": "dev", "node_id": "model.adtech.stg_ad_events"} */
alter view "dev"."main"."stg_ad_events" rename to "stg_ad_events__dbt_backup"
[0m15:18:48.625919 [debug] [Thread-2 (]: SQL status: OK in 0.002 seconds
[0m15:18:48.623608 [debug] [Thread-3 (]: SQL status: OK in 0.004 seconds
[0m15:18:48.628625 [debug] [Thread-3 (]: Using duckdb connection "model.adtech.stg_campaigns"
[0m15:18:48.629045 [debug] [Thread-3 (]: On model.adtech.stg_campaigns: /* {"app": "dbt", "dbt_version": "1.11.11", "profile_name": "adtech", "target_name": "dev", "node_id": "model.adtech.stg_campaigns"} */
alter view "dev"."main"."stg_campaigns" rename to "stg_campaigns__dbt_backup"
[0m15:18:48.627284 [debug] [Thread-2 (]: Using duckdb connection "model.adtech.stg_advertisers"
[0m15:18:48.629309 [debug] [Thread-2 (]: On model.adtech.stg_advertisers: /* {"app": "dbt", "dbt_version": "1.11.11", "profile_name": "adtech", "target_name": "dev", "node_id": "model.adtech.stg_advertisers"} */
alter view "dev"."main"."stg_advertisers__dbt_tmp" rename to "stg_advertisers"
[0m15:18:48.628833 [debug] [Thread-1 (]: SQL status: OK in 0.003 seconds
[0m15:18:48.630893 [debug] [Thread-1 (]: Using duckdb connection "model.adtech.stg_ad_events"
[0m15:18:48.629573 [debug] [Thread-3 (]: SQL status: OK in 0.000 seconds
[0m15:18:48.632590 [debug] [Thread-3 (]: Using duckdb connection "model.adtech.stg_campaigns"
[0m15:18:48.631296 [debug] [Thread-2 (]: SQL status: OK in 0.002 seconds
[0m15:18:48.631091 [debug] [Thread-1 (]: On model.adtech.stg_ad_events: /* {"app": "dbt", "dbt_version": "1.11.11", "profile_name": "adtech", "target_name": "dev", "node_id": "model.adtech.stg_ad_events"} */
alter view "dev"."main"."stg_ad_events__dbt_tmp" rename to "stg_ad_events"
[0m15:18:48.632795 [debug] [Thread-3 (]: On model.adtech.stg_campaigns: /* {"app": "dbt", "dbt_version": "1.11.11", "profile_name": "adtech", "target_name": "dev", "node_id": "model.adtech.stg_campaigns"} */
alter view "dev"."main"."stg_campaigns__dbt_tmp" rename to "stg_campaigns"
[0m15:18:48.640374 [debug] [Thread-2 (]: On model.adtech.stg_advertisers: COMMIT
[0m15:18:48.640828 [debug] [Thread-2 (]: Using duckdb connection "model.adtech.stg_advertisers"
[0m15:18:48.641073 [debug] [Thread-2 (]: On model.adtech.stg_advertisers: COMMIT
[0m15:18:48.641534 [debug] [Thread-1 (]: SQL status: OK in 0.001 seconds
[0m15:18:48.642295 [debug] [Thread-1 (]: On model.adtech.stg_ad_events: COMMIT
[0m15:18:48.641273 [debug] [Thread-3 (]: SQL status: OK in 0.001 seconds
[0m15:18:48.643166 [debug] [Thread-3 (]: On model.adtech.stg_campaigns: COMMIT
[0m15:18:48.643361 [debug] [Thread-3 (]: Using duckdb connection "model.adtech.stg_campaigns"
[0m15:18:48.643526 [debug] [Thread-3 (]: On model.adtech.stg_campaigns: COMMIT
[0m15:18:48.642488 [debug] [Thread-1 (]: Using duckdb connection "model.adtech.stg_ad_events"
[0m15:18:48.643793 [debug] [Thread-1 (]: On model.adtech.stg_ad_events: COMMIT
[0m15:18:48.644072 [debug] [Thread-2 (]: SQL status: OK in 0.003 seconds
[0m15:18:48.647011 [debug] [Thread-2 (]: Using duckdb connection "model.adtech.stg_advertisers"
[0m15:18:48.647222 [debug] [Thread-2 (]: On model.adtech.stg_advertisers: /* {"app": "dbt", "dbt_version": "1.11.11", "profile_name": "adtech", "target_name": "dev", "node_id": "model.adtech.stg_advertisers"} */

      drop view if exists "dev"."main"."stg_advertisers__dbt_backup" cascade
    
[0m15:18:48.647427 [debug] [Thread-3 (]: SQL status: OK in 0.004 seconds
[0m15:18:48.648643 [debug] [Thread-3 (]: Using duckdb connection "model.adtech.stg_campaigns"
[0m15:18:48.648838 [debug] [Thread-3 (]: On model.adtech.stg_campaigns: /* {"app": "dbt", "dbt_version": "1.11.11", "profile_name": "adtech", "target_name": "dev", "node_id": "model.adtech.stg_campaigns"} */

      drop view if exists "dev"."main"."stg_campaigns__dbt_backup" cascade
    
[0m15:18:48.649083 [debug] [Thread-1 (]: SQL status: OK in 0.005 seconds
[0m15:18:48.650371 [debug] [Thread-1 (]: Using duckdb connection "model.adtech.stg_ad_events"
[0m15:18:48.650560 [debug] [Thread-1 (]: On model.adtech.stg_ad_events: /* {"app": "dbt", "dbt_version": "1.11.11", "profile_name": "adtech", "target_name": "dev", "node_id": "model.adtech.stg_ad_events"} */

      drop view if exists "dev"."main"."stg_ad_events__dbt_backup" cascade
    
[0m15:18:48.650801 [debug] [Thread-2 (]: SQL status: OK in 0.003 seconds
[0m15:18:48.652366 [debug] [Thread-2 (]: On model.adtech.stg_advertisers: Close
[0m15:18:48.653238 [debug] [Thread-1 (]: SQL status: OK in 0.002 seconds
[0m15:18:48.653864 [debug] [Thread-1 (]: On model.adtech.stg_ad_events: Close
[0m15:18:48.654497 [debug] [Thread-2 (]: Sending event: {'category': 'dbt', 'action': 'run_model', 'label': '7dca03bb-3fe8-47f6-be91-8ca0858eb84e', 'context': [<snowplow_tracker.self_describing_json.SelfDescribingJson object at 0x000001419131B590>]}
[0m15:18:48.654704 [debug] [Thread-1 (]: Sending event: {'category': 'dbt', 'action': 'run_model', 'label': '7dca03bb-3fe8-47f6-be91-8ca0858eb84e', 'context': [<snowplow_tracker.self_describing_json.SelfDescribingJson object at 0x000001418EA06410>]}
[0m15:18:48.655273 [debug] [Thread-3 (]: SQL status: OK in 0.006 seconds
[0m15:18:48.656278 [debug] [Thread-3 (]: On model.adtech.stg_campaigns: Close
[0m15:18:48.655631 [info ] [Thread-1 (]: 1 of 4 OK created sql view model main.stg_ad_events ............................ [[32mOK[0m in 0.07s]
[0m15:18:48.656889 [debug] [Thread-1 (]: Finished running node model.adtech.stg_ad_events
[0m15:18:48.655086 [info ] [Thread-2 (]: 2 of 4 OK created sql view model main.stg_advertisers .......................... [[32mOK[0m in 0.06s]
[0m15:18:48.657252 [debug] [Thread-2 (]: Finished running node model.adtech.stg_advertisers
[0m15:18:48.656599 [debug] [Thread-3 (]: Sending event: {'category': 'dbt', 'action': 'run_model', 'label': '7dca03bb-3fe8-47f6-be91-8ca0858eb84e', 'context': [<snowplow_tracker.self_describing_json.SelfDescribingJson object at 0x0000014191808FF0>]}
[0m15:18:48.657587 [info ] [Thread-3 (]: 3 of 4 OK created sql view model main.stg_campaigns ............................ [[32mOK[0m in 0.06s]
[0m15:18:48.657906 [debug] [Thread-3 (]: Finished running node model.adtech.stg_campaigns
[0m15:18:48.658275 [debug] [Thread-4 (]: Began running node model.adtech.fct_campaign_performance
[0m15:18:48.658546 [info ] [Thread-4 (]: 4 of 4 START sql table model main.fct_campaign_performance ..................... [RUN]
[0m15:18:48.658987 [debug] [Thread-4 (]: Acquiring new duckdb connection 'model.adtech.fct_campaign_performance'
[0m15:18:48.659264 [debug] [Thread-4 (]: Began compiling node model.adtech.fct_campaign_performance
[0m15:18:48.660784 [debug] [Thread-4 (]: Writing injected SQL for node "model.adtech.fct_campaign_performance"
[0m15:18:48.661489 [debug] [Thread-4 (]: Began executing node model.adtech.fct_campaign_performance
[0m15:18:48.671966 [debug] [Thread-4 (]: Writing runtime sql for node "model.adtech.fct_campaign_performance"
[0m15:18:48.672703 [debug] [Thread-4 (]: Using duckdb connection "model.adtech.fct_campaign_performance"
[0m15:18:48.672916 [debug] [Thread-4 (]: On model.adtech.fct_campaign_performance: BEGIN
[0m15:18:48.673089 [debug] [Thread-4 (]: Opening a new connection, currently in state init
[0m15:18:48.673449 [debug] [Thread-4 (]: SQL status: OK in 0.000 seconds
[0m15:18:48.673633 [debug] [Thread-4 (]: Using duckdb connection "model.adtech.fct_campaign_performance"
[0m15:18:48.673896 [debug] [Thread-4 (]: On model.adtech.fct_campaign_performance: /* {"app": "dbt", "dbt_version": "1.11.11", "profile_name": "adtech", "target_name": "dev", "node_id": "model.adtech.fct_campaign_performance"} */

  
    
    

    create  table
      "dev"."main"."fct_campaign_performance__dbt_tmp"
  
    as (
      with events as (
    select * from "dev"."main"."stg_ad_events"
),

campaigns as (
    select * from "dev"."main"."stg_campaigns"
),

daily as (
    select
        e.event_date,
        e.campaign_id,
        c.channel,
        c.advertiser_id,
        count(case when e.event_type = 'impression' then 1 end) as impressions,
        count(case when e.event_type = 'click'      then 1 end) as clicks,
        count(case when e.event_type = 'conversion' then 1 end) as conversions,
        sum(e.revenue) as revenue
    from events e
    left join campaigns c on e.campaign_id = c.campaign_id
    group by 1, 2, 3, 4
)

select
    event_date,
    campaign_id,
    channel,
    advertiser_id,
    impressions,
    clicks,
    conversions,
    round(revenue, 2) as revenue,
    clicks / impressions as ctr,
    revenue / impressions * 1000 as ecpm,
    conversions / clicks as cvr

from daily
    );
  
  
[0m15:18:48.714609 [debug] [Thread-4 (]: SQL status: OK in 0.040 seconds
[0m15:18:48.716528 [debug] [Thread-4 (]: Using duckdb connection "model.adtech.fct_campaign_performance"
[0m15:18:48.716734 [debug] [Thread-4 (]: On model.adtech.fct_campaign_performance: /* {"app": "dbt", "dbt_version": "1.11.11", "profile_name": "adtech", "target_name": "dev", "node_id": "model.adtech.fct_campaign_performance"} */
alter table "dev"."main"."fct_campaign_performance__dbt_tmp" rename to "fct_campaign_performance"
[0m15:18:48.717182 [debug] [Thread-4 (]: SQL status: OK in 0.000 seconds
[0m15:18:48.719971 [debug] [Thread-4 (]: On model.adtech.fct_campaign_performance: COMMIT
[0m15:18:48.720184 [debug] [Thread-4 (]: Using duckdb connection "model.adtech.fct_campaign_performance"
[0m15:18:48.720356 [debug] [Thread-4 (]: On model.adtech.fct_campaign_performance: COMMIT
[0m15:18:48.724353 [debug] [Thread-4 (]: SQL status: OK in 0.004 seconds
[0m15:18:48.725542 [debug] [Thread-4 (]: Using duckdb connection "model.adtech.fct_campaign_performance"
[0m15:18:48.725734 [debug] [Thread-4 (]: On model.adtech.fct_campaign_performance: /* {"app": "dbt", "dbt_version": "1.11.11", "profile_name": "adtech", "target_name": "dev", "node_id": "model.adtech.fct_campaign_performance"} */

      drop table if exists "dev"."main"."fct_campaign_performance__dbt_backup" cascade
    
[0m15:18:48.726073 [debug] [Thread-4 (]: SQL status: OK in 0.000 seconds
[0m15:18:48.726748 [debug] [Thread-4 (]: On model.adtech.fct_campaign_performance: Close
[0m15:18:48.727066 [debug] [Thread-4 (]: Sending event: {'category': 'dbt', 'action': 'run_model', 'label': '7dca03bb-3fe8-47f6-be91-8ca0858eb84e', 'context': [<snowplow_tracker.self_describing_json.SelfDescribingJson object at 0x00000141928FFF50>]}
[0m15:18:48.727406 [info ] [Thread-4 (]: 4 of 4 OK created sql table model main.fct_campaign_performance ................ [[32mOK[0m in 0.07s]
[0m15:18:48.727834 [debug] [Thread-4 (]: Finished running node model.adtech.fct_campaign_performance
[0m15:18:48.728764 [debug] [MainThread]: Using duckdb connection "master"
[0m15:18:48.728943 [debug] [MainThread]: On master: BEGIN
[0m15:18:48.729091 [debug] [MainThread]: Opening a new connection, currently in state closed
[0m15:18:48.729368 [debug] [MainThread]: SQL status: OK in 0.000 seconds
[0m15:18:48.729532 [debug] [MainThread]: On master: COMMIT
[0m15:18:48.729668 [debug] [MainThread]: Using duckdb connection "master"
[0m15:18:48.729801 [debug] [MainThread]: On master: COMMIT
[0m15:18:48.730032 [debug] [MainThread]: SQL status: OK in 0.000 seconds
[0m15:18:48.730193 [debug] [MainThread]: On master: Close
[0m15:18:48.730383 [debug] [MainThread]: Connection 'master' was properly closed.
[0m15:18:48.730519 [debug] [MainThread]: Connection 'create_dev_main' was properly closed.
[0m15:18:48.730634 [debug] [MainThread]: Connection 'list_dev_main' was properly closed.
[0m15:18:48.730743 [debug] [MainThread]: Connection 'model.adtech.stg_ad_events' was properly closed.
[0m15:18:48.730853 [debug] [MainThread]: Connection 'model.adtech.stg_advertisers' was properly closed.
[0m15:18:48.730962 [debug] [MainThread]: Connection 'model.adtech.stg_campaigns' was properly closed.
[0m15:18:48.731067 [debug] [MainThread]: Connection 'model.adtech.fct_campaign_performance' was properly closed.
[0m15:18:48.731234 [info ] [MainThread]: 
[0m15:18:48.731464 [info ] [MainThread]: Finished running 1 table model, 3 view models in 0 hours 0 minutes and 0.22 seconds (0.22s).
[0m15:18:48.732093 [debug] [MainThread]: Command end result
[0m15:18:48.747164 [debug] [MainThread]: Wrote artifact WritableManifest to C:\Users\antoniou.athanasis\Desktop\adtech-analytics\target\manifest.json
[0m15:18:48.748532 [debug] [MainThread]: Wrote artifact SemanticManifest to C:\Users\antoniou.athanasis\Desktop\adtech-analytics\target\semantic_manifest.json
[0m15:18:48.752447 [debug] [MainThread]: Wrote artifact RunExecutionResult to C:\Users\antoniou.athanasis\Desktop\adtech-analytics\target\run_results.json
[0m15:18:48.752627 [info ] [MainThread]: 
[0m15:18:48.752972 [info ] [MainThread]: [32mCompleted successfully[0m
[0m15:18:48.753289 [info ] [MainThread]: 
[0m15:18:48.753562 [info ] [MainThread]: Done. PASS=4 WARN=0 ERROR=0 SKIP=0 NO-OP=0 TOTAL=4
[0m15:18:48.754065 [debug] [MainThread]: Command `dbt run` succeeded at 15:18:48.753999 after 1.04 seconds
[0m15:18:48.754263 [debug] [MainThread]: Sending event: {'category': 'dbt', 'action': 'invocation', 'label': 'end', 'context': [<snowplow_tracker.self_describing_json.SelfDescribingJson object at 0x0000014190987150>, <snowplow_tracker.self_describing_json.SelfDescribingJson object at 0x00000141907F8440>, <snowplow_tracker.self_describing_json.SelfDescribingJson object at 0x000001419165D250>]}
[0m15:18:48.754454 [debug] [MainThread]: Flushing usage events
[0m15:18:49.582873 [debug] [MainThread]: An error was encountered while trying to flush usage events
[0m15:32:32.066242 [debug] [MainThread]: Sending event: {'category': 'dbt', 'action': 'invocation', 'label': 'start', 'context': [<snowplow_tracker.self_describing_json.SelfDescribingJson object at 0x000001A899A49400>, <snowplow_tracker.self_describing_json.SelfDescribingJson object at 0x000001A897233ED0>, <snowplow_tracker.self_describing_json.SelfDescribingJson object at 0x000001A89BE53C50>]}


============================== 15:32:32.069145 | c9895b40-acda-4017-b66b-688e6734ad96 ==============================
[0m15:32:32.069145 [info ] [MainThread]: Running with dbt=1.11.11
[0m15:32:32.069653 [debug] [MainThread]: running dbt with arguments {'version_check': 'True', 'no_print': 'None', 'static_parser': 'True', 'target_path': 'None', 'warn_error_options': 'WarnErrorOptionsV2(error=[], warn=[], silence=[])', 'printer_width': '80', 'write_json': 'True', 'introspect': 'True', 'log_cache_events': 'False', 'empty': 'False', 'cache_selected_only': 'False', 'fail_fast': 'False', 'debug': 'False', 'log_format': 'default', 'partial_parse': 'True', 'send_anonymous_usage_stats': 'True', 'quiet': 'False', 'warn_error': 'None', 'profiles_dir': '.', 'use_colors': 'True', 'indirect_selection': 'eager', 'invocation_command': 'dbt run --profiles-dir .', 'use_experimental_parser': 'False', 'log_path': 'C:\\Users\\antoniou.athanasis\\Desktop\\adtech-analytics\\logs'}
[0m15:32:32.207942 [debug] [MainThread]: Sending event: {'category': 'dbt', 'action': 'project_id', 'label': 'c9895b40-acda-4017-b66b-688e6734ad96', 'context': [<snowplow_tracker.self_describing_json.SelfDescribingJson object at 0x000001A89BF175C0>]}
[0m15:32:32.254997 [debug] [MainThread]: Sending event: {'category': 'dbt', 'action': 'adapter_info', 'label': 'c9895b40-acda-4017-b66b-688e6734ad96', 'context': [<snowplow_tracker.self_describing_json.SelfDescribingJson object at 0x000001A89A533BD0>]}
[0m15:32:32.256694 [info ] [MainThread]: Registered adapter: duckdb=1.10.1
[0m15:32:32.381369 [debug] [MainThread]: checksum: 30a8cc8fdcbf66701b0944d4ccce3fa46dd04b61e5df68b9f16d57b2e0e3f0be, vars: {}, profile: , target: , version: 1.11.11
[0m15:32:32.522243 [debug] [MainThread]: Partial parsing enabled: 0 files deleted, 1 files added, 0 files changed.
[0m15:32:32.522648 [debug] [MainThread]: Partial parsing: added file: adtech://models\staging\_staging.yml
[0m15:32:32.633022 [warn ] [MainThread]: [[33mWARNING[0m][MissingArgumentsPropertyInGenericTestDeprecation]: Deprecated
functionality
Found top-level arguments to test `accepted_values` defined on 'stg_advertisers'
in package 'adtech' (models\staging\_staging.yml). Arguments to generic tests
should be nested under the `arguments` property.
[0m15:32:32.633435 [debug] [MainThread]: Sending event: {'category': 'dbt', 'action': 'deprecation', 'label': 'c9895b40-acda-4017-b66b-688e6734ad96', 'property_': 'warn', 'context': [<snowplow_tracker.self_describing_json.SelfDescribingJson object at 0x000001A89C516E50>]}
[0m15:32:32.757249 [debug] [MainThread]: Sending event: {'category': 'dbt', 'action': 'load_project', 'label': 'c9895b40-acda-4017-b66b-688e6734ad96', 'context': [<snowplow_tracker.self_describing_json.SelfDescribingJson object at 0x000001A89C8A68A0>]}
[0m15:32:32.810851 [debug] [MainThread]: Wrote artifact WritableManifest to C:\Users\antoniou.athanasis\Desktop\adtech-analytics\target\manifest.json
[0m15:32:32.812430 [debug] [MainThread]: Wrote artifact SemanticManifest to C:\Users\antoniou.athanasis\Desktop\adtech-analytics\target\semantic_manifest.json
[0m15:32:32.819529 [debug] [MainThread]: Sending event: {'category': 'dbt', 'action': 'resource_counts', 'label': 'c9895b40-acda-4017-b66b-688e6734ad96', 'context': [<snowplow_tracker.self_describing_json.SelfDescribingJson object at 0x000001A89C8AA510>]}
[0m15:32:32.819810 [info ] [MainThread]: Found 4 models, 10 data tests, 3 sources, 485 macros
[0m15:32:32.820089 [debug] [MainThread]: Sending event: {'category': 'dbt', 'action': 'runnable_timing', 'label': 'c9895b40-acda-4017-b66b-688e6734ad96', 'context': [<snowplow_tracker.self_describing_json.SelfDescribingJson object at 0x000001A89C73FEE0>]}
[0m15:32:32.821416 [info ] [MainThread]: 
[0m15:32:32.821697 [info ] [MainThread]: Concurrency: 4 threads (target='dev')
[0m15:32:32.821920 [info ] [MainThread]: 
[0m15:32:32.822253 [debug] [MainThread]: Acquiring new duckdb connection 'master'
[0m15:32:32.825255 [debug] [ThreadPool]: Acquiring new duckdb connection 'list_dev'
[0m15:32:32.861851 [debug] [ThreadPool]: Using duckdb connection "list_dev"
[0m15:32:32.862125 [debug] [ThreadPool]: On list_dev: /* {"app": "dbt", "dbt_version": "1.11.11", "profile_name": "adtech", "target_name": "dev", "connection_name": "list_dev"} */

    
    select schema_name
    from system.information_schema.schemata
    
    where lower(catalog_name) = '"dev"'
    
  
  
[0m15:32:32.862293 [debug] [ThreadPool]: Opening a new connection, currently in state init
[0m15:32:32.877405 [debug] [ThreadPool]: SQL status: OK in 0.015 seconds
[0m15:32:32.878254 [debug] [ThreadPool]: On list_dev: Close
[0m15:32:32.878686 [debug] [ThreadPool]: Re-using an available connection from the pool (formerly list_dev, now create_dev_main)
[0m15:32:32.878955 [debug] [ThreadPool]: Creating schema "database: "dev"
schema: "main"
"
[0m15:32:32.882793 [debug] [ThreadPool]: Using duckdb connection "create_dev_main"
[0m15:32:32.882984 [debug] [ThreadPool]: On create_dev_main: /* {"app": "dbt", "dbt_version": "1.11.11", "profile_name": "adtech", "target_name": "dev", "connection_name": "create_dev_main"} */

    
        select type from duckdb_databases()
        where lower(database_name)='dev'
        and type='sqlite'
    
  
[0m15:32:32.883139 [debug] [ThreadPool]: Opening a new connection, currently in state closed
[0m15:32:32.883653 [debug] [ThreadPool]: SQL status: OK in 0.000 seconds
[0m15:32:32.884309 [debug] [ThreadPool]: Using duckdb connection "create_dev_main"
[0m15:32:32.884473 [debug] [ThreadPool]: On create_dev_main: BEGIN
[0m15:32:32.884735 [debug] [ThreadPool]: SQL status: OK in 0.000 seconds
[0m15:32:32.884902 [debug] [ThreadPool]: Using duckdb connection "create_dev_main"
[0m15:32:32.885042 [debug] [ThreadPool]: On create_dev_main: /* {"app": "dbt", "dbt_version": "1.11.11", "profile_name": "adtech", "target_name": "dev", "connection_name": "create_dev_main"} */

    
    
        create schema if not exists "dev"."main"
    
[0m15:32:32.885321 [debug] [ThreadPool]: SQL status: OK in 0.000 seconds
[0m15:32:32.885744 [debug] [ThreadPool]: On create_dev_main: COMMIT
[0m15:32:32.885904 [debug] [ThreadPool]: Using duckdb connection "create_dev_main"
[0m15:32:32.886040 [debug] [ThreadPool]: On create_dev_main: COMMIT
[0m15:32:32.886284 [debug] [ThreadPool]: SQL status: OK in 0.000 seconds
[0m15:32:32.886451 [debug] [ThreadPool]: On create_dev_main: Close
[0m15:32:32.887311 [debug] [ThreadPool]: Acquiring new duckdb connection 'list_dev_main'
[0m15:32:32.890237 [debug] [ThreadPool]: Using duckdb connection "list_dev_main"
[0m15:32:32.890411 [debug] [ThreadPool]: On list_dev_main: BEGIN
[0m15:32:32.890550 [debug] [ThreadPool]: Opening a new connection, currently in state init
[0m15:32:32.890838 [debug] [ThreadPool]: SQL status: OK in 0.000 seconds
[0m15:32:32.891009 [debug] [ThreadPool]: Using duckdb connection "list_dev_main"
[0m15:32:32.891153 [debug] [ThreadPool]: On list_dev_main: /* {"app": "dbt", "dbt_version": "1.11.11", "profile_name": "adtech", "target_name": "dev", "connection_name": "list_dev_main"} */
select
      'dev' as database,
      table_name as name,
      table_schema as schema,
      CASE table_type
        WHEN 'BASE TABLE' THEN 'table'
        WHEN 'VIEW' THEN 'view'
        WHEN 'LOCAL TEMPORARY' THEN 'table'
        END as type
    from system.information_schema.tables
    where lower(table_schema) = 'main'
    and lower(table_catalog) = 'dev'
  
[0m15:32:32.893345 [debug] [ThreadPool]: SQL status: OK in 0.002 seconds
[0m15:32:32.894020 [debug] [ThreadPool]: On list_dev_main: ROLLBACK
[0m15:32:32.894628 [debug] [ThreadPool]: Failed to rollback 'list_dev_main'
[0m15:32:32.894795 [debug] [ThreadPool]: On list_dev_main: Close
[0m15:32:32.895521 [debug] [MainThread]: Sending event: {'category': 'dbt', 'action': 'runnable_timing', 'label': 'c9895b40-acda-4017-b66b-688e6734ad96', 'context': [<snowplow_tracker.self_describing_json.SelfDescribingJson object at 0x000001A89C927710>]}
[0m15:32:32.895787 [debug] [MainThread]: Using duckdb connection "master"
[0m15:32:32.895940 [debug] [MainThread]: On master: BEGIN
[0m15:32:32.896083 [debug] [MainThread]: Opening a new connection, currently in state init
[0m15:32:32.896351 [debug] [MainThread]: SQL status: OK in 0.000 seconds
[0m15:32:32.896511 [debug] [MainThread]: On master: COMMIT
[0m15:32:32.896649 [debug] [MainThread]: Using duckdb connection "master"
[0m15:32:32.896775 [debug] [MainThread]: On master: COMMIT
[0m15:32:32.897006 [debug] [MainThread]: SQL status: OK in 0.000 seconds
[0m15:32:32.897162 [debug] [MainThread]: On master: Close
[0m15:32:32.899448 [debug] [Thread-1 (]: Began running node model.adtech.stg_ad_events
[0m15:32:32.899691 [debug] [Thread-3 (]: Began running node model.adtech.stg_campaigns
[0m15:32:32.899926 [debug] [Thread-2 (]: Began running node model.adtech.stg_advertisers
[0m15:32:32.900224 [info ] [Thread-1 (]: 1 of 4 START sql view model main.stg_ad_events ................................. [RUN]
[0m15:32:32.901111 [debug] [Thread-1 (]: Acquiring new duckdb connection 'model.adtech.stg_ad_events'
[0m15:32:32.901374 [debug] [Thread-1 (]: Began compiling node model.adtech.stg_ad_events
[0m15:32:32.905293 [debug] [Thread-1 (]: Writing injected SQL for node "model.adtech.stg_ad_events"
[0m15:32:32.900818 [info ] [Thread-2 (]: 2 of 4 START sql view model main.stg_advertisers ............................... [RUN]
[0m15:32:32.905698 [debug] [Thread-2 (]: Acquiring new duckdb connection 'model.adtech.stg_advertisers'
[0m15:32:32.906025 [debug] [Thread-2 (]: Began compiling node model.adtech.stg_advertisers
[0m15:32:32.907404 [debug] [Thread-2 (]: Writing injected SQL for node "model.adtech.stg_advertisers"
[0m15:32:32.900485 [info ] [Thread-3 (]: 3 of 4 START sql view model main.stg_campaigns ................................. [RUN]
[0m15:32:32.907796 [debug] [Thread-3 (]: Acquiring new duckdb connection 'model.adtech.stg_campaigns'
[0m15:32:32.908041 [debug] [Thread-3 (]: Began compiling node model.adtech.stg_campaigns
[0m15:32:32.909653 [debug] [Thread-3 (]: Writing injected SQL for node "model.adtech.stg_campaigns"
[0m15:32:32.908288 [debug] [Thread-1 (]: Began executing node model.adtech.stg_ad_events
[0m15:32:32.926787 [debug] [Thread-1 (]: Writing runtime sql for node "model.adtech.stg_ad_events"
[0m15:32:32.927188 [debug] [Thread-2 (]: Began executing node model.adtech.stg_advertisers
[0m15:32:32.929015 [debug] [Thread-2 (]: Writing runtime sql for node "model.adtech.stg_advertisers"
[0m15:32:32.929396 [debug] [Thread-3 (]: Began executing node model.adtech.stg_campaigns
[0m15:32:32.931296 [debug] [Thread-3 (]: Writing runtime sql for node "model.adtech.stg_campaigns"
[0m15:32:32.929667 [debug] [Thread-1 (]: Using duckdb connection "model.adtech.stg_ad_events"
[0m15:32:32.931618 [debug] [Thread-1 (]: On model.adtech.stg_ad_events: BEGIN
[0m15:32:32.931837 [debug] [Thread-1 (]: Opening a new connection, currently in state init
[0m15:32:32.932102 [debug] [Thread-2 (]: Using duckdb connection "model.adtech.stg_advertisers"
[0m15:32:32.932811 [debug] [Thread-2 (]: On model.adtech.stg_advertisers: BEGIN
[0m15:32:32.933269 [debug] [Thread-2 (]: Opening a new connection, currently in state init
[0m15:32:32.933505 [debug] [Thread-1 (]: SQL status: OK in 0.002 seconds
[0m15:32:32.933803 [debug] [Thread-1 (]: Using duckdb connection "model.adtech.stg_ad_events"
[0m15:32:32.934008 [debug] [Thread-1 (]: On model.adtech.stg_ad_events: /* {"app": "dbt", "dbt_version": "1.11.11", "profile_name": "adtech", "target_name": "dev", "node_id": "model.adtech.stg_ad_events"} */

  
  create view "dev"."main"."stg_ad_events__dbt_tmp" as (
    with source as (
    select * from read_parquet('data/raw/ad_events/*/part.parquet', hive_partitioning=true)
)
select
    event_id,
    event_ts,
    cast(event_date as date)        as event_date,
    campaign_id,
    device,
    country,
    event_type,
    revenue
from source
  );

[0m15:32:32.934210 [debug] [Thread-2 (]: SQL status: OK in 0.001 seconds
[0m15:32:32.933048 [debug] [Thread-3 (]: Using duckdb connection "model.adtech.stg_campaigns"
[0m15:32:32.934749 [debug] [Thread-3 (]: On model.adtech.stg_campaigns: BEGIN
[0m15:32:32.934936 [debug] [Thread-3 (]: Opening a new connection, currently in state init
[0m15:32:32.934541 [debug] [Thread-2 (]: Using duckdb connection "model.adtech.stg_advertisers"
[0m15:32:32.935215 [debug] [Thread-2 (]: On model.adtech.stg_advertisers: /* {"app": "dbt", "dbt_version": "1.11.11", "profile_name": "adtech", "target_name": "dev", "node_id": "model.adtech.stg_advertisers"} */

  
  create view "dev"."main"."stg_advertisers__dbt_tmp" as (
    with source as (
    select * from 'data/raw/advertisers.parquet'
)
select 
    advertiser_id,
    advertiser_name,
    country,
    status,
    cast(created_at as date) as created_at
from source
  );

[0m15:32:32.935456 [debug] [Thread-3 (]: SQL status: OK in 0.001 seconds
[0m15:32:32.935718 [debug] [Thread-3 (]: Using duckdb connection "model.adtech.stg_campaigns"
[0m15:32:32.935920 [debug] [Thread-3 (]: On model.adtech.stg_campaigns: /* {"app": "dbt", "dbt_version": "1.11.11", "profile_name": "adtech", "target_name": "dev", "node_id": "model.adtech.stg_campaigns"} */

  
  create view "dev"."main"."stg_campaigns__dbt_tmp" as (
    with source as (
    select * from 'data/raw/campaigns.parquet'
)
select 
    campaign_id,
    advertiser_id,
    campaign_name,
    channel,
    bid_cpm,
    daily_budget,
    start_date
from source
  );

[0m15:32:32.936341 [debug] [Thread-1 (]: SQL status: OK in 0.002 seconds
[0m15:32:32.940028 [debug] [Thread-1 (]: Using duckdb connection "model.adtech.stg_ad_events"
[0m15:32:32.940694 [debug] [Thread-1 (]: On model.adtech.stg_ad_events: /* {"app": "dbt", "dbt_version": "1.11.11", "profile_name": "adtech", "target_name": "dev", "node_id": "model.adtech.stg_ad_events"} */
alter view "dev"."main"."stg_ad_events" rename to "stg_ad_events__dbt_backup"
[0m15:32:32.940476 [debug] [Thread-3 (]: SQL status: OK in 0.004 seconds
[0m15:32:32.942206 [debug] [Thread-3 (]: Using duckdb connection "model.adtech.stg_campaigns"
[0m15:32:32.942408 [debug] [Thread-3 (]: On model.adtech.stg_campaigns: /* {"app": "dbt", "dbt_version": "1.11.11", "profile_name": "adtech", "target_name": "dev", "node_id": "model.adtech.stg_campaigns"} */
alter view "dev"."main"."stg_campaigns" rename to "stg_campaigns__dbt_backup"
[0m15:32:32.942611 [debug] [Thread-1 (]: SQL status: OK in 0.002 seconds
[0m15:32:32.940256 [debug] [Thread-2 (]: SQL status: OK in 0.005 seconds
[0m15:32:32.945483 [debug] [Thread-2 (]: Using duckdb connection "model.adtech.stg_advertisers"
[0m15:32:32.945940 [debug] [Thread-2 (]: On model.adtech.stg_advertisers: /* {"app": "dbt", "dbt_version": "1.11.11", "profile_name": "adtech", "target_name": "dev", "node_id": "model.adtech.stg_advertisers"} */
alter view "dev"."main"."stg_advertisers" rename to "stg_advertisers__dbt_backup"
[0m15:32:32.944045 [debug] [Thread-1 (]: Using duckdb connection "model.adtech.stg_ad_events"
[0m15:32:32.946217 [debug] [Thread-1 (]: On model.adtech.stg_ad_events: /* {"app": "dbt", "dbt_version": "1.11.11", "profile_name": "adtech", "target_name": "dev", "node_id": "model.adtech.stg_ad_events"} */
alter view "dev"."main"."stg_ad_events__dbt_tmp" rename to "stg_ad_events"
[0m15:32:32.945709 [debug] [Thread-3 (]: SQL status: OK in 0.003 seconds
[0m15:32:32.947880 [debug] [Thread-3 (]: Using duckdb connection "model.adtech.stg_campaigns"
[0m15:32:32.948089 [debug] [Thread-3 (]: On model.adtech.stg_campaigns: /* {"app": "dbt", "dbt_version": "1.11.11", "profile_name": "adtech", "target_name": "dev", "node_id": "model.adtech.stg_campaigns"} */
alter view "dev"."main"."stg_campaigns__dbt_tmp" rename to "stg_campaigns"
[0m15:32:32.948292 [debug] [Thread-1 (]: SQL status: OK in 0.002 seconds
[0m15:32:32.946441 [debug] [Thread-2 (]: SQL status: OK in 0.000 seconds
[0m15:32:32.957590 [debug] [Thread-2 (]: Using duckdb connection "model.adtech.stg_advertisers"
[0m15:32:32.958019 [debug] [Thread-2 (]: On model.adtech.stg_advertisers: /* {"app": "dbt", "dbt_version": "1.11.11", "profile_name": "adtech", "target_name": "dev", "node_id": "model.adtech.stg_advertisers"} */
alter view "dev"."main"."stg_advertisers__dbt_tmp" rename to "stg_advertisers"
[0m15:32:32.956108 [debug] [Thread-1 (]: On model.adtech.stg_ad_events: COMMIT
[0m15:32:32.958290 [debug] [Thread-1 (]: Using duckdb connection "model.adtech.stg_ad_events"
[0m15:32:32.958484 [debug] [Thread-1 (]: On model.adtech.stg_ad_events: COMMIT
[0m15:32:32.958681 [debug] [Thread-2 (]: SQL status: OK in 0.000 seconds
[0m15:32:32.959529 [debug] [Thread-2 (]: On model.adtech.stg_advertisers: COMMIT
[0m15:32:32.957810 [debug] [Thread-3 (]: SQL status: OK in 0.009 seconds
[0m15:32:32.960481 [debug] [Thread-3 (]: On model.adtech.stg_campaigns: COMMIT
[0m15:32:32.960696 [debug] [Thread-3 (]: Using duckdb connection "model.adtech.stg_campaigns"
[0m15:32:32.960871 [debug] [Thread-3 (]: On model.adtech.stg_campaigns: COMMIT
[0m15:32:32.959739 [debug] [Thread-2 (]: Using duckdb connection "model.adtech.stg_advertisers"
[0m15:32:32.961118 [debug] [Thread-2 (]: On model.adtech.stg_advertisers: COMMIT
[0m15:32:32.961939 [debug] [Thread-1 (]: SQL status: OK in 0.003 seconds
[0m15:32:32.965146 [debug] [Thread-1 (]: Using duckdb connection "model.adtech.stg_ad_events"
[0m15:32:32.965371 [debug] [Thread-1 (]: On model.adtech.stg_ad_events: /* {"app": "dbt", "dbt_version": "1.11.11", "profile_name": "adtech", "target_name": "dev", "node_id": "model.adtech.stg_ad_events"} */

      drop view if exists "dev"."main"."stg_ad_events__dbt_backup" cascade
    
[0m15:32:32.965585 [debug] [Thread-3 (]: SQL status: OK in 0.005 seconds
[0m15:32:32.966909 [debug] [Thread-3 (]: Using duckdb connection "model.adtech.stg_campaigns"
[0m15:32:32.967108 [debug] [Thread-3 (]: On model.adtech.stg_campaigns: /* {"app": "dbt", "dbt_version": "1.11.11", "profile_name": "adtech", "target_name": "dev", "node_id": "model.adtech.stg_campaigns"} */

      drop view if exists "dev"."main"."stg_campaigns__dbt_backup" cascade
    
[0m15:32:32.967354 [debug] [Thread-2 (]: SQL status: OK in 0.006 seconds
[0m15:32:32.968481 [debug] [Thread-2 (]: Using duckdb connection "model.adtech.stg_advertisers"
[0m15:32:32.968676 [debug] [Thread-2 (]: On model.adtech.stg_advertisers: /* {"app": "dbt", "dbt_version": "1.11.11", "profile_name": "adtech", "target_name": "dev", "node_id": "model.adtech.stg_advertisers"} */

      drop view if exists "dev"."main"."stg_advertisers__dbt_backup" cascade
    
[0m15:32:32.969027 [debug] [Thread-1 (]: SQL status: OK in 0.003 seconds
[0m15:32:32.970402 [debug] [Thread-1 (]: On model.adtech.stg_ad_events: Close
[0m15:32:32.971351 [debug] [Thread-2 (]: SQL status: OK in 0.002 seconds
[0m15:32:32.972122 [debug] [Thread-2 (]: On model.adtech.stg_advertisers: Close
[0m15:32:32.972812 [debug] [Thread-1 (]: Sending event: {'category': 'dbt', 'action': 'run_model', 'label': 'c9895b40-acda-4017-b66b-688e6734ad96', 'context': [<snowplow_tracker.self_describing_json.SelfDescribingJson object at 0x000001A89DD573E0>]}
[0m15:32:32.973598 [debug] [Thread-3 (]: SQL status: OK in 0.006 seconds
[0m15:32:32.974328 [debug] [Thread-3 (]: On model.adtech.stg_campaigns: Close
[0m15:32:32.973026 [debug] [Thread-2 (]: Sending event: {'category': 'dbt', 'action': 'run_model', 'label': 'c9895b40-acda-4017-b66b-688e6734ad96', 'context': [<snowplow_tracker.self_describing_json.SelfDescribingJson object at 0x000001A89CC73570>]}
[0m15:32:32.973400 [info ] [Thread-1 (]: 1 of 4 OK created sql view model main.stg_ad_events ............................ [[32mOK[0m in 0.07s]
[0m15:32:32.975215 [debug] [Thread-1 (]: Finished running node model.adtech.stg_ad_events
[0m15:32:32.974914 [info ] [Thread-2 (]: 2 of 4 OK created sql view model main.stg_advertisers .......................... [[32mOK[0m in 0.07s]
[0m15:32:32.975705 [debug] [Thread-2 (]: Finished running node model.adtech.stg_advertisers
[0m15:32:32.974593 [debug] [Thread-3 (]: Sending event: {'category': 'dbt', 'action': 'run_model', 'label': 'c9895b40-acda-4017-b66b-688e6734ad96', 'context': [<snowplow_tracker.self_describing_json.SelfDescribingJson object at 0x000001A89DEDC0E0>]}
[0m15:32:32.976065 [info ] [Thread-3 (]: 3 of 4 OK created sql view model main.stg_campaigns ............................ [[32mOK[0m in 0.07s]
[0m15:32:32.976410 [debug] [Thread-3 (]: Finished running node model.adtech.stg_campaigns
[0m15:32:32.976833 [debug] [Thread-4 (]: Began running node model.adtech.fct_campaign_performance
[0m15:32:32.977115 [info ] [Thread-4 (]: 4 of 4 START sql table model main.fct_campaign_performance ..................... [RUN]
[0m15:32:32.977512 [debug] [Thread-4 (]: Acquiring new duckdb connection 'model.adtech.fct_campaign_performance'
[0m15:32:32.977756 [debug] [Thread-4 (]: Began compiling node model.adtech.fct_campaign_performance
[0m15:32:32.979421 [debug] [Thread-4 (]: Writing injected SQL for node "model.adtech.fct_campaign_performance"
[0m15:32:32.979982 [debug] [Thread-4 (]: Began executing node model.adtech.fct_campaign_performance
[0m15:32:32.990563 [debug] [Thread-4 (]: Writing runtime sql for node "model.adtech.fct_campaign_performance"
[0m15:32:32.991219 [debug] [Thread-4 (]: Using duckdb connection "model.adtech.fct_campaign_performance"
[0m15:32:32.991438 [debug] [Thread-4 (]: On model.adtech.fct_campaign_performance: BEGIN
[0m15:32:32.991618 [debug] [Thread-4 (]: Opening a new connection, currently in state init
[0m15:32:32.992131 [debug] [Thread-4 (]: SQL status: OK in 0.000 seconds
[0m15:32:32.992445 [debug] [Thread-4 (]: Using duckdb connection "model.adtech.fct_campaign_performance"
[0m15:32:32.992736 [debug] [Thread-4 (]: On model.adtech.fct_campaign_performance: /* {"app": "dbt", "dbt_version": "1.11.11", "profile_name": "adtech", "target_name": "dev", "node_id": "model.adtech.fct_campaign_performance"} */

  
    
    

    create  table
      "dev"."main"."fct_campaign_performance__dbt_tmp"
  
    as (
      with events as (
    select * from "dev"."main"."stg_ad_events"
),

campaigns as (
    select * from "dev"."main"."stg_campaigns"
),

daily as (
    select
        e.event_date,
        e.campaign_id,
        c.channel,
        c.advertiser_id,
        count(case when e.event_type = 'impression' then 1 end) as impressions,
        count(case when e.event_type = 'click'      then 1 end) as clicks,
        count(case when e.event_type = 'conversion' then 1 end) as conversions,
        sum(e.revenue) as revenue
    from events e
    left join campaigns c on e.campaign_id = c.campaign_id
    group by 1, 2, 3, 4
)

select
    event_date,
    campaign_id,
    channel,
    advertiser_id,
    impressions,
    clicks,
    conversions,
    round(revenue, 2) as revenue,
    clicks / impressions as ctr,
    revenue / impressions * 1000 as ecpm,
    conversions / clicks as cvr

from daily
    );
  
  
[0m15:32:33.013246 [debug] [Thread-4 (]: SQL status: OK in 0.020 seconds
[0m15:32:33.016750 [debug] [Thread-4 (]: Using duckdb connection "model.adtech.fct_campaign_performance"
[0m15:32:33.016992 [debug] [Thread-4 (]: On model.adtech.fct_campaign_performance: /* {"app": "dbt", "dbt_version": "1.11.11", "profile_name": "adtech", "target_name": "dev", "node_id": "model.adtech.fct_campaign_performance"} */

    SELECT index_name
    FROM duckdb_indexes()
    WHERE schema_name = 'main'
      AND table_name = 'fct_campaign_performance'
  
[0m15:32:33.017633 [debug] [Thread-4 (]: SQL status: OK in 0.000 seconds
[0m15:32:33.018308 [debug] [Thread-4 (]: Using duckdb connection "model.adtech.fct_campaign_performance"
[0m15:32:33.018506 [debug] [Thread-4 (]: On model.adtech.fct_campaign_performance: /* {"app": "dbt", "dbt_version": "1.11.11", "profile_name": "adtech", "target_name": "dev", "node_id": "model.adtech.fct_campaign_performance"} */

    SELECT COUNT(*) as remaining_indexes
    FROM duckdb_indexes()
    WHERE schema_name = 'main'
      AND table_name = 'fct_campaign_performance'
  
[0m15:32:33.019082 [debug] [Thread-4 (]: SQL status: OK in 0.000 seconds
[0m15:32:33.021068 [debug] [Thread-4 (]: Using duckdb connection "model.adtech.fct_campaign_performance"
[0m15:32:33.021262 [debug] [Thread-4 (]: On model.adtech.fct_campaign_performance: /* {"app": "dbt", "dbt_version": "1.11.11", "profile_name": "adtech", "target_name": "dev", "node_id": "model.adtech.fct_campaign_performance"} */
alter table "dev"."main"."fct_campaign_performance" rename to "fct_campaign_performance__dbt_backup"
[0m15:32:33.021632 [debug] [Thread-4 (]: SQL status: OK in 0.000 seconds
[0m15:32:33.023006 [debug] [Thread-4 (]: Using duckdb connection "model.adtech.fct_campaign_performance"
[0m15:32:33.023199 [debug] [Thread-4 (]: On model.adtech.fct_campaign_performance: /* {"app": "dbt", "dbt_version": "1.11.11", "profile_name": "adtech", "target_name": "dev", "node_id": "model.adtech.fct_campaign_performance"} */
alter table "dev"."main"."fct_campaign_performance__dbt_tmp" rename to "fct_campaign_performance"
[0m15:32:33.023585 [debug] [Thread-4 (]: SQL status: OK in 0.000 seconds
[0m15:32:33.026329 [debug] [Thread-4 (]: On model.adtech.fct_campaign_performance: COMMIT
[0m15:32:33.026542 [debug] [Thread-4 (]: Using duckdb connection "model.adtech.fct_campaign_performance"
[0m15:32:33.026714 [debug] [Thread-4 (]: On model.adtech.fct_campaign_performance: COMMIT
[0m15:32:33.031027 [debug] [Thread-4 (]: SQL status: OK in 0.004 seconds
[0m15:32:33.032253 [debug] [Thread-4 (]: Using duckdb connection "model.adtech.fct_campaign_performance"
[0m15:32:33.032450 [debug] [Thread-4 (]: On model.adtech.fct_campaign_performance: /* {"app": "dbt", "dbt_version": "1.11.11", "profile_name": "adtech", "target_name": "dev", "node_id": "model.adtech.fct_campaign_performance"} */

      drop table if exists "dev"."main"."fct_campaign_performance__dbt_backup" cascade
    
[0m15:32:33.034839 [debug] [Thread-4 (]: SQL status: OK in 0.002 seconds
[0m15:32:33.035554 [debug] [Thread-4 (]: On model.adtech.fct_campaign_performance: Close
[0m15:32:33.035894 [debug] [Thread-4 (]: Sending event: {'category': 'dbt', 'action': 'run_model', 'label': 'c9895b40-acda-4017-b66b-688e6734ad96', 'context': [<snowplow_tracker.self_describing_json.SelfDescribingJson object at 0x000001A89CCA4280>]}
[0m15:32:33.036242 [info ] [Thread-4 (]: 4 of 4 OK created sql table model main.fct_campaign_performance ................ [[32mOK[0m in 0.06s]
[0m15:32:33.036678 [debug] [Thread-4 (]: Finished running node model.adtech.fct_campaign_performance
[0m15:32:33.037594 [debug] [MainThread]: Using duckdb connection "master"
[0m15:32:33.037777 [debug] [MainThread]: On master: BEGIN
[0m15:32:33.037921 [debug] [MainThread]: Opening a new connection, currently in state closed
[0m15:32:33.038246 [debug] [MainThread]: SQL status: OK in 0.000 seconds
[0m15:32:33.038431 [debug] [MainThread]: On master: COMMIT
[0m15:32:33.038609 [debug] [MainThread]: Using duckdb connection "master"
[0m15:32:33.038744 [debug] [MainThread]: On master: COMMIT
[0m15:32:33.039018 [debug] [MainThread]: SQL status: OK in 0.000 seconds
[0m15:32:33.039240 [debug] [MainThread]: On master: Close
[0m15:32:33.039446 [debug] [MainThread]: Connection 'master' was properly closed.
[0m15:32:33.039588 [debug] [MainThread]: Connection 'create_dev_main' was properly closed.
[0m15:32:33.039709 [debug] [MainThread]: Connection 'list_dev_main' was properly closed.
[0m15:32:33.039822 [debug] [MainThread]: Connection 'model.adtech.stg_ad_events' was properly closed.
[0m15:32:33.039937 [debug] [MainThread]: Connection 'model.adtech.stg_advertisers' was properly closed.
[0m15:32:33.040047 [debug] [MainThread]: Connection 'model.adtech.stg_campaigns' was properly closed.
[0m15:32:33.040159 [debug] [MainThread]: Connection 'model.adtech.fct_campaign_performance' was properly closed.
[0m15:32:33.040340 [info ] [MainThread]: 
[0m15:32:33.040671 [info ] [MainThread]: Finished running 1 table model, 3 view models in 0 hours 0 minutes and 0.22 seconds (0.22s).
[0m15:32:33.041307 [debug] [MainThread]: Command end result
[0m15:32:33.058038 [debug] [MainThread]: Wrote artifact WritableManifest to C:\Users\antoniou.athanasis\Desktop\adtech-analytics\target\manifest.json
[0m15:32:33.059608 [debug] [MainThread]: Wrote artifact SemanticManifest to C:\Users\antoniou.athanasis\Desktop\adtech-analytics\target\semantic_manifest.json
[0m15:32:33.063694 [debug] [MainThread]: Wrote artifact RunExecutionResult to C:\Users\antoniou.athanasis\Desktop\adtech-analytics\target\run_results.json
[0m15:32:33.063883 [info ] [MainThread]: 
[0m15:32:33.064185 [info ] [MainThread]: [32mCompleted successfully[0m
[0m15:32:33.064447 [info ] [MainThread]: 
[0m15:32:33.064704 [info ] [MainThread]: Done. PASS=4 WARN=0 ERROR=0 SKIP=0 NO-OP=0 TOTAL=4
[0m15:32:33.065100 [warn ] [MainThread]: [[33mWARNING[0m][DeprecationsSummary]: Deprecated functionality
Summary of encountered deprecations:
- MissingArgumentsPropertyInGenericTestDeprecation: 4 occurrences
To see all deprecation instances instead of just the first occurrence of each,
run command again with the `--show-all-deprecations` flag. You may also need to
run with `--no-partial-parse` as some deprecations are only encountered during
parsing.
[0m15:32:33.065630 [debug] [MainThread]: Command `dbt run` succeeded at 15:32:33.065560 after 1.09 seconds
[0m15:32:33.065847 [debug] [MainThread]: Sending event: {'category': 'dbt', 'action': 'invocation', 'label': 'end', 'context': [<snowplow_tracker.self_describing_json.SelfDescribingJson object at 0x000001A89CC5A2D0>, <snowplow_tracker.self_describing_json.SelfDescribingJson object at 0x000001A8975BE5D0>, <snowplow_tracker.self_describing_json.SelfDescribingJson object at 0x000001A89DEA3AD0>]}
[0m15:32:33.066053 [debug] [MainThread]: Flushing usage events
[0m15:32:33.963662 [debug] [MainThread]: An error was encountered while trying to flush usage events
[0m15:36:31.550813 [debug] [MainThread]: Sending event: {'category': 'dbt', 'action': 'invocation', 'label': 'start', 'context': [<snowplow_tracker.self_describing_json.SelfDescribingJson object at 0x0000012D32EB9400>, <snowplow_tracker.self_describing_json.SelfDescribingJson object at 0x0000012D306A3D90>, <snowplow_tracker.self_describing_json.SelfDescribingJson object at 0x0000012D352BFC50>]}


============================== 15:36:31.553803 | 43fdab35-a124-4ba6-9c97-a9696d5083fa ==============================
[0m15:36:31.553803 [info ] [MainThread]: Running with dbt=1.11.11
[0m15:36:31.554233 [debug] [MainThread]: running dbt with arguments {'static_parser': 'True', 'no_print': 'None', 'version_check': 'True', 'target_path': 'None', 'warn_error_options': 'WarnErrorOptionsV2(error=[], warn=[], silence=[])', 'printer_width': '80', 'write_json': 'True', 'introspect': 'True', 'log_cache_events': 'False', 'empty': 'None', 'cache_selected_only': 'False', 'fail_fast': 'False', 'debug': 'False', 'log_format': 'default', 'profiles_dir': '.', 'send_anonymous_usage_stats': 'True', 'quiet': 'False', 'warn_error': 'None', 'partial_parse': 'True', 'invocation_command': 'dbt test --profiles-dir .', 'use_colors': 'True', 'indirect_selection': 'eager', 'use_experimental_parser': 'False', 'log_path': 'C:\\Users\\antoniou.athanasis\\Desktop\\adtech-analytics\\logs'}
[0m15:36:31.693012 [debug] [MainThread]: Sending event: {'category': 'dbt', 'action': 'project_id', 'label': '43fdab35-a124-4ba6-9c97-a9696d5083fa', 'context': [<snowplow_tracker.self_describing_json.SelfDescribingJson object at 0x0000012D353675C0>]}
[0m15:36:31.735346 [debug] [MainThread]: Sending event: {'category': 'dbt', 'action': 'adapter_info', 'label': '43fdab35-a124-4ba6-9c97-a9696d5083fa', 'context': [<snowplow_tracker.self_describing_json.SelfDescribingJson object at 0x0000012D339A3BD0>]}
[0m15:36:31.736908 [info ] [MainThread]: Registered adapter: duckdb=1.10.1
[0m15:36:31.864530 [debug] [MainThread]: checksum: 30a8cc8fdcbf66701b0944d4ccce3fa46dd04b61e5df68b9f16d57b2e0e3f0be, vars: {}, profile: , target: , version: 1.11.11
[0m15:36:32.007744 [debug] [MainThread]: Partial parsing enabled: 0 files deleted, 0 files added, 0 files changed.
[0m15:36:32.008003 [debug] [MainThread]: Nothing changed, skipping partial parsing.
[0m15:36:32.008154 [debug] [MainThread]: Partial parsing enabled, no changes found, skipping parsing
[0m15:36:32.034156 [debug] [MainThread]: Sending event: {'category': 'dbt', 'action': 'load_project', 'label': '43fdab35-a124-4ba6-9c97-a9696d5083fa', 'context': [<snowplow_tracker.self_describing_json.SelfDescribingJson object at 0x0000012D3593B650>]}
[0m15:36:32.087779 [debug] [MainThread]: Wrote artifact WritableManifest to C:\Users\antoniou.athanasis\Desktop\adtech-analytics\target\manifest.json
[0m15:36:32.089335 [debug] [MainThread]: Wrote artifact SemanticManifest to C:\Users\antoniou.athanasis\Desktop\adtech-analytics\target\semantic_manifest.json
[0m15:36:32.104631 [debug] [MainThread]: Sending event: {'category': 'dbt', 'action': 'resource_counts', 'label': '43fdab35-a124-4ba6-9c97-a9696d5083fa', 'context': [<snowplow_tracker.self_describing_json.SelfDescribingJson object at 0x0000012D35477C50>]}
[0m15:36:32.104975 [info ] [MainThread]: Found 4 models, 10 data tests, 3 sources, 485 macros
[0m15:36:32.105229 [debug] [MainThread]: Sending event: {'category': 'dbt', 'action': 'runnable_timing', 'label': '43fdab35-a124-4ba6-9c97-a9696d5083fa', 'context': [<snowplow_tracker.self_describing_json.SelfDescribingJson object at 0x0000012D35B7F230>]}
[0m15:36:32.106730 [info ] [MainThread]: 
[0m15:36:32.106982 [info ] [MainThread]: Concurrency: 4 threads (target='dev')
[0m15:36:32.107195 [info ] [MainThread]: 
[0m15:36:32.107538 [debug] [MainThread]: Acquiring new duckdb connection 'master'
[0m15:36:32.110571 [debug] [ThreadPool]: Acquiring new duckdb connection 'list_dev_main'
[0m15:36:32.165067 [debug] [ThreadPool]: Using duckdb connection "list_dev_main"
[0m15:36:32.165378 [debug] [ThreadPool]: On list_dev_main: BEGIN
[0m15:36:32.165536 [debug] [ThreadPool]: Opening a new connection, currently in state init
[0m15:36:32.181078 [debug] [ThreadPool]: SQL status: OK in 0.015 seconds
[0m15:36:32.181349 [debug] [ThreadPool]: Using duckdb connection "list_dev_main"
[0m15:36:32.181518 [debug] [ThreadPool]: On list_dev_main: /* {"app": "dbt", "dbt_version": "1.11.11", "profile_name": "adtech", "target_name": "dev", "connection_name": "list_dev_main"} */
select
      'dev' as database,
      table_name as name,
      table_schema as schema,
      CASE table_type
        WHEN 'BASE TABLE' THEN 'table'
        WHEN 'VIEW' THEN 'view'
        WHEN 'LOCAL TEMPORARY' THEN 'table'
        END as type
    from system.information_schema.tables
    where lower(table_schema) = 'main'
    and lower(table_catalog) = 'dev'
  
[0m15:36:32.184327 [debug] [ThreadPool]: SQL status: OK in 0.003 seconds
[0m15:36:32.185326 [debug] [ThreadPool]: On list_dev_main: ROLLBACK
[0m15:36:32.185946 [debug] [ThreadPool]: Failed to rollback 'list_dev_main'
[0m15:36:32.186124 [debug] [ThreadPool]: On list_dev_main: Close
[0m15:36:32.186958 [debug] [MainThread]: Sending event: {'category': 'dbt', 'action': 'runnable_timing', 'label': '43fdab35-a124-4ba6-9c97-a9696d5083fa', 'context': [<snowplow_tracker.self_describing_json.SelfDescribingJson object at 0x0000012D35F3C2C0>]}
[0m15:36:32.187238 [debug] [MainThread]: Using duckdb connection "master"
[0m15:36:32.187393 [debug] [MainThread]: On master: BEGIN
[0m15:36:32.187528 [debug] [MainThread]: Opening a new connection, currently in state init
[0m15:36:32.187815 [debug] [MainThread]: SQL status: OK in 0.000 seconds
[0m15:36:32.187979 [debug] [MainThread]: On master: COMMIT
[0m15:36:32.188114 [debug] [MainThread]: Using duckdb connection "master"
[0m15:36:32.188245 [debug] [MainThread]: On master: COMMIT
[0m15:36:32.188470 [debug] [MainThread]: SQL status: OK in 0.000 seconds
[0m15:36:32.188634 [debug] [MainThread]: On master: Close
[0m15:36:32.190971 [debug] [Thread-1 (]: Began running node test.adtech.accepted_values_stg_ad_events_event_type__impression__click__conversion.8fd3c92052
[0m15:36:32.191218 [debug] [Thread-3 (]: Began running node test.adtech.not_null_stg_ad_events_event_id.39843db2ec
[0m15:36:32.191441 [debug] [Thread-4 (]: Began running node test.adtech.not_null_stg_advertisers_advertiser_id.74304c67ed
[0m15:36:32.191646 [debug] [Thread-2 (]: Began running node test.adtech.accepted_values_stg_advertisers_status__active__paused.b7cce8e0e2
[0m15:36:32.191862 [info ] [Thread-1 (]: 1 of 10 START test accepted_values_stg_ad_events_event_type__impression__click__conversion  [RUN]
[0m15:36:32.192921 [debug] [Thread-1 (]: Acquiring new duckdb connection 'test.adtech.accepted_values_stg_ad_events_event_type__impression__click__conversion.8fd3c92052'
[0m15:36:32.193128 [debug] [Thread-1 (]: Began compiling node test.adtech.accepted_values_stg_ad_events_event_type__impression__click__conversion.8fd3c92052
[0m15:36:32.202664 [debug] [Thread-1 (]: Writing injected SQL for node "test.adtech.accepted_values_stg_ad_events_event_type__impression__click__conversion.8fd3c92052"
[0m15:36:32.192063 [info ] [Thread-3 (]: 3 of 10 START test not_null_stg_ad_events_event_id ............................. [RUN]
[0m15:36:32.192321 [info ] [Thread-4 (]: 4 of 10 START test not_null_stg_advertisers_advertiser_id ...................... [RUN]
[0m15:36:32.203570 [debug] [Thread-4 (]: Acquiring new duckdb connection 'test.adtech.not_null_stg_advertisers_advertiser_id.74304c67ed'
[0m15:36:32.203819 [debug] [Thread-4 (]: Began compiling node test.adtech.not_null_stg_advertisers_advertiser_id.74304c67ed
[0m15:36:32.208462 [debug] [Thread-4 (]: Writing injected SQL for node "test.adtech.not_null_stg_advertisers_advertiser_id.74304c67ed"
[0m15:36:32.203193 [debug] [Thread-3 (]: Acquiring new duckdb connection 'test.adtech.not_null_stg_ad_events_event_id.39843db2ec'
[0m15:36:32.192549 [info ] [Thread-2 (]: 2 of 10 START test accepted_values_stg_advertisers_status__active__paused ...... [RUN]
[0m15:36:32.209116 [debug] [Thread-2 (]: Acquiring new duckdb connection 'test.adtech.accepted_values_stg_advertisers_status__active__paused.b7cce8e0e2'
[0m15:36:32.209349 [debug] [Thread-2 (]: Began compiling node test.adtech.accepted_values_stg_advertisers_status__active__paused.b7cce8e0e2
[0m15:36:32.212138 [debug] [Thread-2 (]: Writing injected SQL for node "test.adtech.accepted_values_stg_advertisers_status__active__paused.b7cce8e0e2"
[0m15:36:32.208788 [debug] [Thread-3 (]: Began compiling node test.adtech.not_null_stg_ad_events_event_id.39843db2ec
[0m15:36:32.214542 [debug] [Thread-3 (]: Writing injected SQL for node "test.adtech.not_null_stg_ad_events_event_id.39843db2ec"
[0m15:36:32.212413 [debug] [Thread-1 (]: Began executing node test.adtech.accepted_values_stg_ad_events_event_type__impression__click__conversion.8fd3c92052
[0m15:36:32.225147 [debug] [Thread-1 (]: Writing runtime sql for node "test.adtech.accepted_values_stg_ad_events_event_type__impression__click__conversion.8fd3c92052"
[0m15:36:32.214929 [debug] [Thread-4 (]: Began executing node test.adtech.not_null_stg_advertisers_advertiser_id.74304c67ed
[0m15:36:32.226749 [debug] [Thread-4 (]: Writing runtime sql for node "test.adtech.not_null_stg_advertisers_advertiser_id.74304c67ed"
[0m15:36:32.227005 [debug] [Thread-3 (]: Began executing node test.adtech.not_null_stg_ad_events_event_id.39843db2ec
[0m15:36:32.228508 [debug] [Thread-3 (]: Writing runtime sql for node "test.adtech.not_null_stg_ad_events_event_id.39843db2ec"
[0m15:36:32.227335 [debug] [Thread-2 (]: Began executing node test.adtech.accepted_values_stg_advertisers_status__active__paused.b7cce8e0e2
[0m15:36:32.229743 [debug] [Thread-2 (]: Writing runtime sql for node "test.adtech.accepted_values_stg_advertisers_status__active__paused.b7cce8e0e2"
[0m15:36:32.230074 [debug] [Thread-1 (]: Using duckdb connection "test.adtech.accepted_values_stg_ad_events_event_type__impression__click__conversion.8fd3c92052"
[0m15:36:32.230348 [debug] [Thread-1 (]: On test.adtech.accepted_values_stg_ad_events_event_type__impression__click__conversion.8fd3c92052: BEGIN
[0m15:36:32.230650 [debug] [Thread-1 (]: Opening a new connection, currently in state init
[0m15:36:32.230923 [debug] [Thread-4 (]: Using duckdb connection "test.adtech.not_null_stg_advertisers_advertiser_id.74304c67ed"
[0m15:36:32.231809 [debug] [Thread-4 (]: On test.adtech.not_null_stg_advertisers_advertiser_id.74304c67ed: BEGIN
[0m15:36:32.232025 [debug] [Thread-4 (]: Opening a new connection, currently in state init
[0m15:36:32.231585 [debug] [Thread-3 (]: Using duckdb connection "test.adtech.not_null_stg_ad_events_event_id.39843db2ec"
[0m15:36:32.232313 [debug] [Thread-3 (]: On test.adtech.not_null_stg_ad_events_event_id.39843db2ec: BEGIN
[0m15:36:32.232998 [debug] [Thread-3 (]: Opening a new connection, currently in state init
[0m15:36:32.232795 [debug] [Thread-2 (]: Using duckdb connection "test.adtech.accepted_values_stg_advertisers_status__active__paused.b7cce8e0e2"
[0m15:36:32.233511 [debug] [Thread-2 (]: On test.adtech.accepted_values_stg_advertisers_status__active__paused.b7cce8e0e2: BEGIN
[0m15:36:32.233697 [debug] [Thread-2 (]: Opening a new connection, currently in state init
[0m15:36:32.233947 [debug] [Thread-3 (]: SQL status: OK in 0.001 seconds
[0m15:36:32.234149 [debug] [Thread-3 (]: Using duckdb connection "test.adtech.not_null_stg_ad_events_event_id.39843db2ec"
[0m15:36:32.234326 [debug] [Thread-3 (]: On test.adtech.not_null_stg_ad_events_event_id.39843db2ec: /* {"app": "dbt", "dbt_version": "1.11.11", "profile_name": "adtech", "target_name": "dev", "node_id": "test.adtech.not_null_stg_ad_events_event_id.39843db2ec"} */

    
    select
      count(*) as failures,
      count(*) != 0 as should_warn,
      count(*) != 0 as should_error
    from (
      
    
  
    
    



select event_id
from "dev"."main"."stg_ad_events"
where event_id is null



  
  
      
    ) dbt_internal_test
[0m15:36:32.233226 [debug] [Thread-4 (]: SQL status: OK in 0.001 seconds
[0m15:36:32.234820 [debug] [Thread-4 (]: Using duckdb connection "test.adtech.not_null_stg_advertisers_advertiser_id.74304c67ed"
[0m15:36:32.232552 [debug] [Thread-1 (]: SQL status: OK in 0.002 seconds
[0m15:36:32.235222 [debug] [Thread-1 (]: Using duckdb connection "test.adtech.accepted_values_stg_ad_events_event_type__impression__click__conversion.8fd3c92052"
[0m15:36:32.235429 [debug] [Thread-1 (]: On test.adtech.accepted_values_stg_ad_events_event_type__impression__click__conversion.8fd3c92052: /* {"app": "dbt", "dbt_version": "1.11.11", "profile_name": "adtech", "target_name": "dev", "node_id": "test.adtech.accepted_values_stg_ad_events_event_type__impression__click__conversion.8fd3c92052"} */

    
    select
      count(*) as failures,
      count(*) != 0 as should_warn,
      count(*) != 0 as should_error
    from (
      
    
  
    
    

with all_values as (

    select
        event_type as value_field,
        count(*) as n_records

    from "dev"."main"."stg_ad_events"
    group by event_type

)

select *
from all_values
where value_field not in (
    'impression','click','conversion'
)



  
  
      
    ) dbt_internal_test
[0m15:36:32.234605 [debug] [Thread-2 (]: SQL status: OK in 0.001 seconds
[0m15:36:32.235758 [debug] [Thread-2 (]: Using duckdb connection "test.adtech.accepted_values_stg_advertisers_status__active__paused.b7cce8e0e2"
[0m15:36:32.235953 [debug] [Thread-2 (]: On test.adtech.accepted_values_stg_advertisers_status__active__paused.b7cce8e0e2: /* {"app": "dbt", "dbt_version": "1.11.11", "profile_name": "adtech", "target_name": "dev", "node_id": "test.adtech.accepted_values_stg_advertisers_status__active__paused.b7cce8e0e2"} */

    
    select
      count(*) as failures,
      count(*) != 0 as should_warn,
      count(*) != 0 as should_error
    from (
      
    
  
    
    

with all_values as (

    select
        status as value_field,
        count(*) as n_records

    from "dev"."main"."stg_advertisers"
    group by status

)

select *
from all_values
where value_field not in (
    'active','paused'
)



  
  
      
    ) dbt_internal_test
[0m15:36:32.235018 [debug] [Thread-4 (]: On test.adtech.not_null_stg_advertisers_advertiser_id.74304c67ed: /* {"app": "dbt", "dbt_version": "1.11.11", "profile_name": "adtech", "target_name": "dev", "node_id": "test.adtech.not_null_stg_advertisers_advertiser_id.74304c67ed"} */

    
    select
      count(*) as failures,
      count(*) != 0 as should_warn,
      count(*) != 0 as should_error
    from (
      
    
  
    
    



select advertiser_id
from "dev"."main"."stg_advertisers"
where advertiser_id is null



  
  
      
    ) dbt_internal_test
[0m15:36:32.238067 [debug] [Thread-4 (]: SQL status: OK in 0.002 seconds
[0m15:36:32.242615 [debug] [Thread-4 (]: On test.adtech.not_null_stg_advertisers_advertiser_id.74304c67ed: ROLLBACK
[0m15:36:32.242983 [debug] [Thread-3 (]: SQL status: OK in 0.008 seconds
[0m15:36:32.243216 [debug] [Thread-2 (]: SQL status: OK in 0.007 seconds
[0m15:36:32.243645 [debug] [Thread-4 (]: Failed to rollback 'test.adtech.not_null_stg_advertisers_advertiser_id.74304c67ed'
[0m15:36:32.244940 [debug] [Thread-4 (]: On test.adtech.not_null_stg_advertisers_advertiser_id.74304c67ed: Close
[0m15:36:32.244714 [debug] [Thread-3 (]: On test.adtech.not_null_stg_ad_events_event_id.39843db2ec: ROLLBACK
[0m15:36:32.243877 [debug] [Thread-1 (]: SQL status: OK in 0.008 seconds
[0m15:36:32.245627 [debug] [Thread-2 (]: On test.adtech.accepted_values_stg_advertisers_status__active__paused.b7cce8e0e2: ROLLBACK
[0m15:36:32.246025 [info ] [Thread-4 (]: 4 of 10 PASS not_null_stg_advertisers_advertiser_id ............................ [[32mPASS[0m in 0.04s]
[0m15:36:32.246575 [debug] [Thread-2 (]: Failed to rollback 'test.adtech.accepted_values_stg_advertisers_status__active__paused.b7cce8e0e2'
[0m15:36:32.248102 [debug] [Thread-2 (]: On test.adtech.accepted_values_stg_advertisers_status__active__paused.b7cce8e0e2: Close
[0m15:36:32.247570 [debug] [Thread-3 (]: Failed to rollback 'test.adtech.not_null_stg_ad_events_event_id.39843db2ec'
[0m15:36:32.248329 [debug] [Thread-3 (]: On test.adtech.not_null_stg_ad_events_event_id.39843db2ec: Close
[0m15:36:32.247260 [debug] [Thread-1 (]: On test.adtech.accepted_values_stg_ad_events_event_type__impression__click__conversion.8fd3c92052: ROLLBACK
[0m15:36:32.248638 [info ] [Thread-2 (]: 2 of 10 PASS accepted_values_stg_advertisers_status__active__paused ............ [[32mPASS[0m in 0.04s]
[0m15:36:32.249598 [debug] [Thread-2 (]: Finished running node test.adtech.accepted_values_stg_advertisers_status__active__paused.b7cce8e0e2
[0m15:36:32.249904 [debug] [Thread-2 (]: Began running node test.adtech.not_null_stg_campaigns_campaign_id.644b49426a
[0m15:36:32.249282 [debug] [Thread-1 (]: Failed to rollback 'test.adtech.accepted_values_stg_ad_events_event_type__impression__click__conversion.8fd3c92052'
[0m15:36:32.247896 [debug] [Thread-4 (]: Finished running node test.adtech.not_null_stg_advertisers_advertiser_id.74304c67ed
[0m15:36:32.250667 [debug] [Thread-4 (]: Began running node test.adtech.relationships_stg_ad_events_campaign_id__campaign_id__ref_stg_campaigns_.72ab2f2b6f
[0m15:36:32.250370 [debug] [Thread-1 (]: On test.adtech.accepted_values_stg_ad_events_event_type__impression__click__conversion.8fd3c92052: Close
[0m15:36:32.250957 [info ] [Thread-4 (]: 6 of 10 START test relationships_stg_ad_events_campaign_id__campaign_id__ref_stg_campaigns_  [RUN]
[0m15:36:32.248906 [info ] [Thread-3 (]: 3 of 10 PASS not_null_stg_ad_events_event_id ................................... [[32mPASS[0m in 0.05s]
[0m15:36:32.251621 [debug] [Thread-3 (]: Finished running node test.adtech.not_null_stg_ad_events_event_id.39843db2ec
[0m15:36:32.251835 [debug] [Thread-3 (]: Began running node test.adtech.relationships_stg_campaigns_advertiser_id__advertiser_id__ref_stg_advertisers_.c9e35b8644
[0m15:36:32.250175 [info ] [Thread-2 (]: 5 of 10 START test not_null_stg_campaigns_campaign_id .......................... [RUN]
[0m15:36:32.251304 [debug] [Thread-4 (]: Re-using an available connection from the pool (formerly test.adtech.not_null_stg_advertisers_advertiser_id.74304c67ed, now test.adtech.relationships_stg_ad_events_campaign_id__campaign_id__ref_stg_campaigns_.72ab2f2b6f)
[0m15:36:32.252880 [debug] [Thread-4 (]: Began compiling node test.adtech.relationships_stg_ad_events_campaign_id__campaign_id__ref_stg_campaigns_.72ab2f2b6f
[0m15:36:32.257881 [debug] [Thread-4 (]: Writing injected SQL for node "test.adtech.relationships_stg_ad_events_campaign_id__campaign_id__ref_stg_campaigns_.72ab2f2b6f"
[0m15:36:32.252137 [info ] [Thread-1 (]: 1 of 10 PASS accepted_values_stg_ad_events_event_type__impression__click__conversion  [[32mPASS[0m in 0.06s]
[0m15:36:32.252636 [debug] [Thread-2 (]: Re-using an available connection from the pool (formerly test.adtech.accepted_values_stg_advertisers_status__active__paused.b7cce8e0e2, now test.adtech.not_null_stg_campaigns_campaign_id.644b49426a)
[0m15:36:32.258829 [debug] [Thread-2 (]: Began compiling node test.adtech.not_null_stg_campaigns_campaign_id.644b49426a
[0m15:36:32.260939 [debug] [Thread-2 (]: Writing injected SQL for node "test.adtech.not_null_stg_campaigns_campaign_id.644b49426a"
[0m15:36:32.252340 [info ] [Thread-3 (]: 7 of 10 START test relationships_stg_campaigns_advertiser_id__advertiser_id__ref_stg_advertisers_  [RUN]
[0m15:36:32.258536 [debug] [Thread-1 (]: Finished running node test.adtech.accepted_values_stg_ad_events_event_type__impression__click__conversion.8fd3c92052
[0m15:36:32.261949 [debug] [Thread-1 (]: Began running node test.adtech.unique_stg_ad_events_event_id.a6189a6044
[0m15:36:32.261610 [debug] [Thread-4 (]: Began executing node test.adtech.relationships_stg_ad_events_campaign_id__campaign_id__ref_stg_campaigns_.72ab2f2b6f
[0m15:36:32.263481 [debug] [Thread-4 (]: Writing runtime sql for node "test.adtech.relationships_stg_ad_events_campaign_id__campaign_id__ref_stg_campaigns_.72ab2f2b6f"
[0m15:36:32.263847 [debug] [Thread-2 (]: Began executing node test.adtech.not_null_stg_campaigns_campaign_id.644b49426a
[0m15:36:32.261330 [debug] [Thread-3 (]: Re-using an available connection from the pool (formerly test.adtech.not_null_stg_ad_events_event_id.39843db2ec, now test.adtech.relationships_stg_campaigns_advertiser_id__advertiser_id__ref_stg_advertisers_.c9e35b8644)
[0m15:36:32.262211 [info ] [Thread-1 (]: 8 of 10 START test unique_stg_ad_events_event_id ............................... [RUN]
[0m15:36:32.265504 [debug] [Thread-1 (]: Re-using an available connection from the pool (formerly test.adtech.accepted_values_stg_ad_events_event_type__impression__click__conversion.8fd3c92052, now test.adtech.unique_stg_ad_events_event_id.a6189a6044)
[0m15:36:32.265703 [debug] [Thread-1 (]: Began compiling node test.adtech.unique_stg_ad_events_event_id.a6189a6044
[0m15:36:32.269019 [debug] [Thread-1 (]: Writing injected SQL for node "test.adtech.unique_stg_ad_events_event_id.a6189a6044"
[0m15:36:32.265237 [debug] [Thread-3 (]: Began compiling node test.adtech.relationships_stg_campaigns_advertiser_id__advertiser_id__ref_stg_advertisers_.c9e35b8644
[0m15:36:32.272531 [debug] [Thread-3 (]: Writing injected SQL for node "test.adtech.relationships_stg_campaigns_advertiser_id__advertiser_id__ref_stg_advertisers_.c9e35b8644"
[0m15:36:32.264998 [debug] [Thread-2 (]: Writing runtime sql for node "test.adtech.not_null_stg_campaigns_campaign_id.644b49426a"
[0m15:36:32.269339 [debug] [Thread-4 (]: Using duckdb connection "test.adtech.relationships_stg_ad_events_campaign_id__campaign_id__ref_stg_campaigns_.72ab2f2b6f"
[0m15:36:32.273012 [debug] [Thread-4 (]: On test.adtech.relationships_stg_ad_events_campaign_id__campaign_id__ref_stg_campaigns_.72ab2f2b6f: BEGIN
[0m15:36:32.273336 [debug] [Thread-4 (]: Opening a new connection, currently in state closed
[0m15:36:32.273689 [debug] [Thread-1 (]: Began executing node test.adtech.unique_stg_ad_events_event_id.a6189a6044
[0m15:36:32.274799 [debug] [Thread-1 (]: Writing runtime sql for node "test.adtech.unique_stg_ad_events_event_id.a6189a6044"
[0m15:36:32.275057 [debug] [Thread-4 (]: SQL status: OK in 0.002 seconds
[0m15:36:32.275275 [debug] [Thread-4 (]: Using duckdb connection "test.adtech.relationships_stg_ad_events_campaign_id__campaign_id__ref_stg_campaigns_.72ab2f2b6f"
[0m15:36:32.275525 [debug] [Thread-4 (]: On test.adtech.relationships_stg_ad_events_campaign_id__campaign_id__ref_stg_campaigns_.72ab2f2b6f: /* {"app": "dbt", "dbt_version": "1.11.11", "profile_name": "adtech", "target_name": "dev", "node_id": "test.adtech.relationships_stg_ad_events_campaign_id__campaign_id__ref_stg_campaigns_.72ab2f2b6f"} */

    
    select
      count(*) as failures,
      count(*) != 0 as should_warn,
      count(*) != 0 as should_error
    from (
      
    
  
    
    

with child as (
    select campaign_id as from_field
    from "dev"."main"."stg_ad_events"
    where campaign_id is not null
),

parent as (
    select campaign_id as to_field
    from "dev"."main"."stg_campaigns"
)

select
    from_field

from child
left join parent
    on child.from_field = parent.to_field

where parent.to_field is null



  
  
      
    ) dbt_internal_test
[0m15:36:32.275900 [debug] [Thread-3 (]: Began executing node test.adtech.relationships_stg_campaigns_advertiser_id__advertiser_id__ref_stg_advertisers_.c9e35b8644
[0m15:36:32.277045 [debug] [Thread-3 (]: Writing runtime sql for node "test.adtech.relationships_stg_campaigns_advertiser_id__advertiser_id__ref_stg_advertisers_.c9e35b8644"
[0m15:36:32.277358 [debug] [Thread-2 (]: Using duckdb connection "test.adtech.not_null_stg_campaigns_campaign_id.644b49426a"
[0m15:36:32.277619 [debug] [Thread-2 (]: On test.adtech.not_null_stg_campaigns_campaign_id.644b49426a: BEGIN
[0m15:36:32.278065 [debug] [Thread-2 (]: Opening a new connection, currently in state closed
[0m15:36:32.277862 [debug] [Thread-1 (]: Using duckdb connection "test.adtech.unique_stg_ad_events_event_id.a6189a6044"
[0m15:36:32.278364 [debug] [Thread-1 (]: On test.adtech.unique_stg_ad_events_event_id.a6189a6044: BEGIN
[0m15:36:32.278549 [debug] [Thread-1 (]: Opening a new connection, currently in state closed
[0m15:36:32.278818 [debug] [Thread-2 (]: SQL status: OK in 0.001 seconds
[0m15:36:32.279125 [debug] [Thread-2 (]: Using duckdb connection "test.adtech.not_null_stg_campaigns_campaign_id.644b49426a"
[0m15:36:32.279447 [debug] [Thread-2 (]: On test.adtech.not_null_stg_campaigns_campaign_id.644b49426a: /* {"app": "dbt", "dbt_version": "1.11.11", "profile_name": "adtech", "target_name": "dev", "node_id": "test.adtech.not_null_stg_campaigns_campaign_id.644b49426a"} */

    
    select
      count(*) as failures,
      count(*) != 0 as should_warn,
      count(*) != 0 as should_error
    from (
      
    
  
    
    



select campaign_id
from "dev"."main"."stg_campaigns"
where campaign_id is null



  
  
      
    ) dbt_internal_test
[0m15:36:32.280514 [debug] [Thread-1 (]: SQL status: OK in 0.002 seconds
[0m15:36:32.280821 [debug] [Thread-1 (]: Using duckdb connection "test.adtech.unique_stg_ad_events_event_id.a6189a6044"
[0m15:36:32.281118 [debug] [Thread-1 (]: On test.adtech.unique_stg_ad_events_event_id.a6189a6044: /* {"app": "dbt", "dbt_version": "1.11.11", "profile_name": "adtech", "target_name": "dev", "node_id": "test.adtech.unique_stg_ad_events_event_id.a6189a6044"} */

    
    select
      count(*) as failures,
      count(*) != 0 as should_warn,
      count(*) != 0 as should_error
    from (
      
    
  
    
    

select
    event_id as unique_field,
    count(*) as n_records

from "dev"."main"."stg_ad_events"
where event_id is not null
group by event_id
having count(*) > 1



  
  
      
    ) dbt_internal_test
[0m15:36:32.281742 [debug] [Thread-2 (]: SQL status: OK in 0.002 seconds
[0m15:36:32.282244 [debug] [Thread-3 (]: Using duckdb connection "test.adtech.relationships_stg_campaigns_advertiser_id__advertiser_id__ref_stg_advertisers_.c9e35b8644"
[0m15:36:32.282707 [debug] [Thread-3 (]: On test.adtech.relationships_stg_campaigns_advertiser_id__advertiser_id__ref_stg_advertisers_.c9e35b8644: BEGIN
[0m15:36:32.282901 [debug] [Thread-3 (]: Opening a new connection, currently in state closed
[0m15:36:32.284318 [debug] [Thread-2 (]: On test.adtech.not_null_stg_campaigns_campaign_id.644b49426a: ROLLBACK
[0m15:36:32.282481 [debug] [Thread-4 (]: SQL status: OK in 0.007 seconds
[0m15:36:32.285012 [debug] [Thread-2 (]: Failed to rollback 'test.adtech.not_null_stg_campaigns_campaign_id.644b49426a'
[0m15:36:32.285563 [debug] [Thread-2 (]: On test.adtech.not_null_stg_campaigns_campaign_id.644b49426a: Close
[0m15:36:32.286570 [debug] [Thread-4 (]: On test.adtech.relationships_stg_ad_events_campaign_id__campaign_id__ref_stg_campaigns_.72ab2f2b6f: ROLLBACK
[0m15:36:32.285351 [debug] [Thread-3 (]: SQL status: OK in 0.002 seconds
[0m15:36:32.288153 [debug] [Thread-3 (]: Using duckdb connection "test.adtech.relationships_stg_campaigns_advertiser_id__advertiser_id__ref_stg_advertisers_.c9e35b8644"
[0m15:36:32.288481 [debug] [Thread-3 (]: On test.adtech.relationships_stg_campaigns_advertiser_id__advertiser_id__ref_stg_advertisers_.c9e35b8644: /* {"app": "dbt", "dbt_version": "1.11.11", "profile_name": "adtech", "target_name": "dev", "node_id": "test.adtech.relationships_stg_campaigns_advertiser_id__advertiser_id__ref_stg_advertisers_.c9e35b8644"} */

    
    select
      count(*) as failures,
      count(*) != 0 as should_warn,
      count(*) != 0 as should_error
    from (
      
    
  
    
    

with child as (
    select advertiser_id as from_field
    from "dev"."main"."stg_campaigns"
    where advertiser_id is not null
),

parent as (
    select advertiser_id as to_field
    from "dev"."main"."stg_advertisers"
)

select
    from_field

from child
left join parent
    on child.from_field = parent.to_field

where parent.to_field is null



  
  
      
    ) dbt_internal_test
[0m15:36:32.287599 [debug] [Thread-4 (]: Failed to rollback 'test.adtech.relationships_stg_ad_events_campaign_id__campaign_id__ref_stg_campaigns_.72ab2f2b6f'
[0m15:36:32.290394 [debug] [Thread-4 (]: On test.adtech.relationships_stg_ad_events_campaign_id__campaign_id__ref_stg_campaigns_.72ab2f2b6f: Close
[0m15:36:32.287133 [info ] [Thread-2 (]: 5 of 10 PASS not_null_stg_campaigns_campaign_id ................................ [[32mPASS[0m in 0.03s]
[0m15:36:32.291266 [debug] [Thread-2 (]: Finished running node test.adtech.not_null_stg_campaigns_campaign_id.644b49426a
[0m15:36:32.292232 [debug] [Thread-2 (]: Began running node test.adtech.unique_stg_advertisers_advertiser_id.4e29160c92
[0m15:36:32.291858 [info ] [Thread-4 (]: 6 of 10 PASS relationships_stg_ad_events_campaign_id__campaign_id__ref_stg_campaigns_  [[32mPASS[0m in 0.04s]
[0m15:36:32.293468 [debug] [Thread-4 (]: Finished running node test.adtech.relationships_stg_ad_events_campaign_id__campaign_id__ref_stg_campaigns_.72ab2f2b6f
[0m15:36:32.293908 [debug] [Thread-4 (]: Began running node test.adtech.unique_stg_campaigns_campaign_id.72679b60d0
[0m15:36:32.294158 [info ] [Thread-4 (]: 10 of 10 START test unique_stg_campaigns_campaign_id ........................... [RUN]
[0m15:36:32.293012 [debug] [Thread-3 (]: SQL status: OK in 0.004 seconds
[0m15:36:32.296561 [debug] [Thread-3 (]: On test.adtech.relationships_stg_campaigns_advertiser_id__advertiser_id__ref_stg_advertisers_.c9e35b8644: ROLLBACK
[0m15:36:32.292562 [info ] [Thread-2 (]: 9 of 10 START test unique_stg_advertisers_advertiser_id ........................ [RUN]
[0m15:36:32.294596 [debug] [Thread-4 (]: Re-using an available connection from the pool (formerly test.adtech.relationships_stg_ad_events_campaign_id__campaign_id__ref_stg_campaigns_.72ab2f2b6f, now test.adtech.unique_stg_campaigns_campaign_id.72679b60d0)
[0m15:36:32.297213 [debug] [Thread-2 (]: Re-using an available connection from the pool (formerly test.adtech.not_null_stg_campaigns_campaign_id.644b49426a, now test.adtech.unique_stg_advertisers_advertiser_id.4e29160c92)
[0m15:36:32.299286 [debug] [Thread-2 (]: Began compiling node test.adtech.unique_stg_advertisers_advertiser_id.4e29160c92
[0m15:36:32.298939 [debug] [Thread-4 (]: Began compiling node test.adtech.unique_stg_campaigns_campaign_id.72679b60d0
[0m15:36:32.298513 [debug] [Thread-3 (]: Failed to rollback 'test.adtech.relationships_stg_campaigns_advertiser_id__advertiser_id__ref_stg_advertisers_.c9e35b8644'
[0m15:36:32.306800 [debug] [Thread-2 (]: Writing injected SQL for node "test.adtech.unique_stg_advertisers_advertiser_id.4e29160c92"
[0m15:36:32.309368 [debug] [Thread-4 (]: Writing injected SQL for node "test.adtech.unique_stg_campaigns_campaign_id.72679b60d0"
[0m15:36:32.309638 [debug] [Thread-3 (]: On test.adtech.relationships_stg_campaigns_advertiser_id__advertiser_id__ref_stg_advertisers_.c9e35b8644: Close
[0m15:36:32.309879 [debug] [Thread-1 (]: SQL status: OK in 0.028 seconds
[0m15:36:32.310452 [info ] [Thread-3 (]: 7 of 10 PASS relationships_stg_campaigns_advertiser_id__advertiser_id__ref_stg_advertisers_  [[32mPASS[0m in 0.05s]
[0m15:36:32.311823 [debug] [Thread-3 (]: Finished running node test.adtech.relationships_stg_campaigns_advertiser_id__advertiser_id__ref_stg_advertisers_.c9e35b8644
[0m15:36:32.311473 [debug] [Thread-1 (]: On test.adtech.unique_stg_ad_events_event_id.a6189a6044: ROLLBACK
[0m15:36:32.312141 [debug] [Thread-4 (]: Began executing node test.adtech.unique_stg_campaigns_campaign_id.72679b60d0
[0m15:36:32.314224 [debug] [Thread-4 (]: Writing runtime sql for node "test.adtech.unique_stg_campaigns_campaign_id.72679b60d0"
[0m15:36:32.312939 [debug] [Thread-2 (]: Began executing node test.adtech.unique_stg_advertisers_advertiser_id.4e29160c92
[0m15:36:32.312550 [debug] [Thread-1 (]: Failed to rollback 'test.adtech.unique_stg_ad_events_event_id.a6189a6044'
[0m15:36:32.315743 [debug] [Thread-1 (]: On test.adtech.unique_stg_ad_events_event_id.a6189a6044: Close
[0m15:36:32.315504 [debug] [Thread-2 (]: Writing runtime sql for node "test.adtech.unique_stg_advertisers_advertiser_id.4e29160c92"
[0m15:36:32.316456 [debug] [Thread-4 (]: Using duckdb connection "test.adtech.unique_stg_campaigns_campaign_id.72679b60d0"
[0m15:36:32.316831 [debug] [Thread-4 (]: On test.adtech.unique_stg_campaigns_campaign_id.72679b60d0: BEGIN
[0m15:36:32.317044 [debug] [Thread-4 (]: Opening a new connection, currently in state closed
[0m15:36:32.316167 [info ] [Thread-1 (]: 8 of 10 PASS unique_stg_ad_events_event_id ..................................... [[32mPASS[0m in 0.05s]
[0m15:36:32.317464 [debug] [Thread-1 (]: Finished running node test.adtech.unique_stg_ad_events_event_id.a6189a6044
[0m15:36:32.317689 [debug] [Thread-4 (]: SQL status: OK in 0.001 seconds
[0m15:36:32.317944 [debug] [Thread-4 (]: Using duckdb connection "test.adtech.unique_stg_campaigns_campaign_id.72679b60d0"
[0m15:36:32.318147 [debug] [Thread-4 (]: On test.adtech.unique_stg_campaigns_campaign_id.72679b60d0: /* {"app": "dbt", "dbt_version": "1.11.11", "profile_name": "adtech", "target_name": "dev", "node_id": "test.adtech.unique_stg_campaigns_campaign_id.72679b60d0"} */

    
    select
      count(*) as failures,
      count(*) != 0 as should_warn,
      count(*) != 0 as should_error
    from (
      
    
  
    
    

select
    campaign_id as unique_field,
    count(*) as n_records

from "dev"."main"."stg_campaigns"
where campaign_id is not null
group by campaign_id
having count(*) > 1



  
  
      
    ) dbt_internal_test
[0m15:36:32.318373 [debug] [Thread-2 (]: Using duckdb connection "test.adtech.unique_stg_advertisers_advertiser_id.4e29160c92"
[0m15:36:32.318693 [debug] [Thread-2 (]: On test.adtech.unique_stg_advertisers_advertiser_id.4e29160c92: BEGIN
[0m15:36:32.318909 [debug] [Thread-2 (]: Opening a new connection, currently in state closed
[0m15:36:32.319250 [debug] [Thread-2 (]: SQL status: OK in 0.000 seconds
[0m15:36:32.319439 [debug] [Thread-2 (]: Using duckdb connection "test.adtech.unique_stg_advertisers_advertiser_id.4e29160c92"
[0m15:36:32.319613 [debug] [Thread-2 (]: On test.adtech.unique_stg_advertisers_advertiser_id.4e29160c92: /* {"app": "dbt", "dbt_version": "1.11.11", "profile_name": "adtech", "target_name": "dev", "node_id": "test.adtech.unique_stg_advertisers_advertiser_id.4e29160c92"} */

    
    select
      count(*) as failures,
      count(*) != 0 as should_warn,
      count(*) != 0 as should_error
    from (
      
    
  
    
    

select
    advertiser_id as unique_field,
    count(*) as n_records

from "dev"."main"."stg_advertisers"
where advertiser_id is not null
group by advertiser_id
having count(*) > 1



  
  
      
    ) dbt_internal_test
[0m15:36:32.319904 [debug] [Thread-4 (]: SQL status: OK in 0.001 seconds
[0m15:36:32.320724 [debug] [Thread-4 (]: On test.adtech.unique_stg_campaigns_campaign_id.72679b60d0: ROLLBACK
[0m15:36:32.320961 [debug] [Thread-2 (]: SQL status: OK in 0.001 seconds
[0m15:36:32.321367 [debug] [Thread-4 (]: Failed to rollback 'test.adtech.unique_stg_campaigns_campaign_id.72679b60d0'
[0m15:36:32.321669 [debug] [Thread-4 (]: On test.adtech.unique_stg_campaigns_campaign_id.72679b60d0: Close
[0m15:36:32.322380 [debug] [Thread-2 (]: On test.adtech.unique_stg_advertisers_advertiser_id.4e29160c92: ROLLBACK
[0m15:36:32.323059 [debug] [Thread-2 (]: Failed to rollback 'test.adtech.unique_stg_advertisers_advertiser_id.4e29160c92'
[0m15:36:32.323320 [debug] [Thread-2 (]: On test.adtech.unique_stg_advertisers_advertiser_id.4e29160c92: Close
[0m15:36:32.322731 [info ] [Thread-4 (]: 10 of 10 PASS unique_stg_campaigns_campaign_id ................................. [[32mPASS[0m in 0.03s]
[0m15:36:32.323629 [debug] [Thread-4 (]: Finished running node test.adtech.unique_stg_campaigns_campaign_id.72679b60d0
[0m15:36:32.323893 [info ] [Thread-2 (]: 9 of 10 PASS unique_stg_advertisers_advertiser_id .............................. [[32mPASS[0m in 0.03s]
[0m15:36:32.324252 [debug] [Thread-2 (]: Finished running node test.adtech.unique_stg_advertisers_advertiser_id.4e29160c92
[0m15:36:32.325170 [debug] [MainThread]: Using duckdb connection "master"
[0m15:36:32.325356 [debug] [MainThread]: On master: BEGIN
[0m15:36:32.325505 [debug] [MainThread]: Opening a new connection, currently in state closed
[0m15:36:32.325836 [debug] [MainThread]: SQL status: OK in 0.000 seconds
[0m15:36:32.326022 [debug] [MainThread]: On master: COMMIT
[0m15:36:32.326169 [debug] [MainThread]: Using duckdb connection "master"
[0m15:36:32.326303 [debug] [MainThread]: On master: COMMIT
[0m15:36:32.326538 [debug] [MainThread]: SQL status: OK in 0.000 seconds
[0m15:36:32.326704 [debug] [MainThread]: On master: Close
[0m15:36:32.326896 [debug] [MainThread]: Connection 'master' was properly closed.
[0m15:36:32.327036 [debug] [MainThread]: Connection 'list_dev_main' was properly closed.
[0m15:36:32.327161 [debug] [MainThread]: Connection 'test.adtech.unique_stg_ad_events_event_id.a6189a6044' was properly closed.
[0m15:36:32.327278 [debug] [MainThread]: Connection 'test.adtech.relationships_stg_campaigns_advertiser_id__advertiser_id__ref_stg_advertisers_.c9e35b8644' was properly closed.
[0m15:36:32.327393 [debug] [MainThread]: Connection 'test.adtech.unique_stg_campaigns_campaign_id.72679b60d0' was properly closed.
[0m15:36:32.327513 [debug] [MainThread]: Connection 'test.adtech.unique_stg_advertisers_advertiser_id.4e29160c92' was properly closed.
[0m15:36:32.327670 [info ] [MainThread]: 
[0m15:36:32.327913 [info ] [MainThread]: Finished running 10 data tests in 0 hours 0 minutes and 0.22 seconds (0.22s).
[0m15:36:32.328870 [debug] [MainThread]: Command end result
[0m15:36:32.345535 [debug] [MainThread]: Wrote artifact WritableManifest to C:\Users\antoniou.athanasis\Desktop\adtech-analytics\target\manifest.json
[0m15:36:32.347172 [debug] [MainThread]: Wrote artifact SemanticManifest to C:\Users\antoniou.athanasis\Desktop\adtech-analytics\target\semantic_manifest.json
[0m15:36:32.351810 [debug] [MainThread]: Wrote artifact RunExecutionResult to C:\Users\antoniou.athanasis\Desktop\adtech-analytics\target\run_results.json
[0m15:36:32.352007 [info ] [MainThread]: 
[0m15:36:32.352306 [info ] [MainThread]: [32mCompleted successfully[0m
[0m15:36:32.352578 [info ] [MainThread]: 
[0m15:36:32.352857 [info ] [MainThread]: Done. PASS=10 WARN=0 ERROR=0 SKIP=0 NO-OP=0 TOTAL=10
[0m15:36:32.353422 [debug] [MainThread]: Command `dbt test` succeeded at 15:36:32.353348 after 0.89 seconds
[0m15:36:32.353645 [debug] [MainThread]: Sending event: {'category': 'dbt', 'action': 'invocation', 'label': 'end', 'context': [<snowplow_tracker.self_describing_json.SelfDescribingJson object at 0x0000012D35FBB950>, <snowplow_tracker.self_describing_json.SelfDescribingJson object at 0x0000012D40FA5A70>, <snowplow_tracker.self_describing_json.SelfDescribingJson object at 0x0000012D40FA57B0>]}
[0m15:36:32.353883 [debug] [MainThread]: Flushing usage events
[0m15:36:33.100659 [debug] [MainThread]: An error was encountered while trying to flush usage events
[0m15:54:05.353061 [debug] [MainThread]: Sending event: {'category': 'dbt', 'action': 'invocation', 'label': 'start', 'context': [<snowplow_tracker.self_describing_json.SelfDescribingJson object at 0x000002BCEFD59400>, <snowplow_tracker.self_describing_json.SelfDescribingJson object at 0x000002BCED563ED0>, <snowplow_tracker.self_describing_json.SelfDescribingJson object at 0x000002BCF2163C50>]}


============================== 15:54:05.356022 | 5544ef2d-51ad-4e17-a578-f5dc7d005c5f ==============================
[0m15:54:05.356022 [info ] [MainThread]: Running with dbt=1.11.11
[0m15:54:05.356419 [debug] [MainThread]: running dbt with arguments {'version_check': 'True', 'no_print': 'None', 'static_parser': 'True', 'target_path': 'None', 'warn_error_options': 'WarnErrorOptionsV2(error=[], warn=[], silence=[])', 'printer_width': '80', 'write_json': 'True', 'introspect': 'True', 'log_cache_events': 'False', 'empty': 'False', 'cache_selected_only': 'False', 'fail_fast': 'False', 'debug': 'False', 'log_format': 'default', 'partial_parse': 'True', 'send_anonymous_usage_stats': 'True', 'quiet': 'False', 'warn_error': 'None', 'profiles_dir': '.', 'invocation_command': 'dbt run --profiles-dir . --full-refresh', 'indirect_selection': 'eager', 'use_colors': 'True', 'use_experimental_parser': 'False', 'log_path': 'C:\\Users\\antoniou.athanasis\\Desktop\\adtech-analytics\\logs'}
[0m15:54:05.494210 [debug] [MainThread]: Sending event: {'category': 'dbt', 'action': 'project_id', 'label': '5544ef2d-51ad-4e17-a578-f5dc7d005c5f', 'context': [<snowplow_tracker.self_describing_json.SelfDescribingJson object at 0x000002BCF22275C0>]}
[0m15:54:05.537888 [debug] [MainThread]: Sending event: {'category': 'dbt', 'action': 'adapter_info', 'label': '5544ef2d-51ad-4e17-a578-f5dc7d005c5f', 'context': [<snowplow_tracker.self_describing_json.SelfDescribingJson object at 0x000002BCF0843BD0>]}
[0m15:54:05.539529 [info ] [MainThread]: Registered adapter: duckdb=1.10.1
[0m15:54:05.664221 [debug] [MainThread]: checksum: 30a8cc8fdcbf66701b0944d4ccce3fa46dd04b61e5df68b9f16d57b2e0e3f0be, vars: {}, profile: , target: , version: 1.11.11
[0m15:54:05.798864 [debug] [MainThread]: Partial parsing enabled: 0 files deleted, 0 files added, 0 files changed.
[0m15:54:05.799137 [debug] [MainThread]: Nothing changed, skipping partial parsing.
[0m15:54:05.799287 [debug] [MainThread]: Partial parsing enabled, no changes found, skipping parsing
[0m15:54:05.825931 [debug] [MainThread]: Sending event: {'category': 'dbt', 'action': 'load_project', 'label': '5544ef2d-51ad-4e17-a578-f5dc7d005c5f', 'context': [<snowplow_tracker.self_describing_json.SelfDescribingJson object at 0x000002BCF281F650>]}
[0m15:54:05.881188 [debug] [MainThread]: Wrote artifact WritableManifest to C:\Users\antoniou.athanasis\Desktop\adtech-analytics\target\manifest.json
[0m15:54:05.882771 [debug] [MainThread]: Wrote artifact SemanticManifest to C:\Users\antoniou.athanasis\Desktop\adtech-analytics\target\semantic_manifest.json
[0m15:54:05.890142 [debug] [MainThread]: Sending event: {'category': 'dbt', 'action': 'resource_counts', 'label': '5544ef2d-51ad-4e17-a578-f5dc7d005c5f', 'context': [<snowplow_tracker.self_describing_json.SelfDescribingJson object at 0x000002BCF2A01A90>]}
[0m15:54:05.890424 [info ] [MainThread]: Found 4 models, 10 data tests, 3 sources, 485 macros
[0m15:54:05.890706 [debug] [MainThread]: Sending event: {'category': 'dbt', 'action': 'runnable_timing', 'label': '5544ef2d-51ad-4e17-a578-f5dc7d005c5f', 'context': [<snowplow_tracker.self_describing_json.SelfDescribingJson object at 0x000002BCF29B8F30>]}
[0m15:54:05.892007 [info ] [MainThread]: 
[0m15:54:05.892278 [info ] [MainThread]: Concurrency: 4 threads (target='dev')
[0m15:54:05.892527 [info ] [MainThread]: 
[0m15:54:05.892891 [debug] [MainThread]: Acquiring new duckdb connection 'master'
[0m15:54:05.895807 [debug] [ThreadPool]: Acquiring new duckdb connection 'list_dev'
[0m15:54:05.951604 [debug] [ThreadPool]: Using duckdb connection "list_dev"
[0m15:54:05.951876 [debug] [ThreadPool]: On list_dev: /* {"app": "dbt", "dbt_version": "1.11.11", "profile_name": "adtech", "target_name": "dev", "connection_name": "list_dev"} */

    
    select schema_name
    from system.information_schema.schemata
    
    where lower(catalog_name) = '"dev"'
    
  
  
[0m15:54:05.952034 [debug] [ThreadPool]: Opening a new connection, currently in state init
[0m15:54:05.962337 [debug] [ThreadPool]: SQL status: OK in 0.010 seconds
[0m15:54:05.963200 [debug] [ThreadPool]: On list_dev: Close
[0m15:54:05.963676 [debug] [ThreadPool]: Re-using an available connection from the pool (formerly list_dev, now create_dev_main)
[0m15:54:05.963953 [debug] [ThreadPool]: Creating schema "database: "dev"
schema: "main"
"
[0m15:54:05.967788 [debug] [ThreadPool]: Using duckdb connection "create_dev_main"
[0m15:54:05.967974 [debug] [ThreadPool]: On create_dev_main: /* {"app": "dbt", "dbt_version": "1.11.11", "profile_name": "adtech", "target_name": "dev", "connection_name": "create_dev_main"} */

    
        select type from duckdb_databases()
        where lower(database_name)='dev'
        and type='sqlite'
    
  
[0m15:54:05.968127 [debug] [ThreadPool]: Opening a new connection, currently in state closed
[0m15:54:05.968726 [debug] [ThreadPool]: SQL status: OK in 0.001 seconds
[0m15:54:05.969660 [debug] [ThreadPool]: Using duckdb connection "create_dev_main"
[0m15:54:05.969874 [debug] [ThreadPool]: On create_dev_main: BEGIN
[0m15:54:05.970135 [debug] [ThreadPool]: SQL status: OK in 0.000 seconds
[0m15:54:05.970294 [debug] [ThreadPool]: Using duckdb connection "create_dev_main"
[0m15:54:05.970435 [debug] [ThreadPool]: On create_dev_main: /* {"app": "dbt", "dbt_version": "1.11.11", "profile_name": "adtech", "target_name": "dev", "connection_name": "create_dev_main"} */

    
    
        create schema if not exists "dev"."main"
    
[0m15:54:05.970713 [debug] [ThreadPool]: SQL status: OK in 0.000 seconds
[0m15:54:05.971125 [debug] [ThreadPool]: On create_dev_main: COMMIT
[0m15:54:05.971282 [debug] [ThreadPool]: Using duckdb connection "create_dev_main"
[0m15:54:05.971416 [debug] [ThreadPool]: On create_dev_main: COMMIT
[0m15:54:05.971645 [debug] [ThreadPool]: SQL status: OK in 0.000 seconds
[0m15:54:05.971812 [debug] [ThreadPool]: On create_dev_main: Close
[0m15:54:05.972719 [debug] [ThreadPool]: Acquiring new duckdb connection 'list_dev_main'
[0m15:54:05.975706 [debug] [ThreadPool]: Using duckdb connection "list_dev_main"
[0m15:54:05.975911 [debug] [ThreadPool]: On list_dev_main: BEGIN
[0m15:54:05.976057 [debug] [ThreadPool]: Opening a new connection, currently in state init
[0m15:54:05.976336 [debug] [ThreadPool]: SQL status: OK in 0.000 seconds
[0m15:54:05.976503 [debug] [ThreadPool]: Using duckdb connection "list_dev_main"
[0m15:54:05.976648 [debug] [ThreadPool]: On list_dev_main: /* {"app": "dbt", "dbt_version": "1.11.11", "profile_name": "adtech", "target_name": "dev", "connection_name": "list_dev_main"} */
select
      'dev' as database,
      table_name as name,
      table_schema as schema,
      CASE table_type
        WHEN 'BASE TABLE' THEN 'table'
        WHEN 'VIEW' THEN 'view'
        WHEN 'LOCAL TEMPORARY' THEN 'table'
        END as type
    from system.information_schema.tables
    where lower(table_schema) = 'main'
    and lower(table_catalog) = 'dev'
  
[0m15:54:05.978901 [debug] [ThreadPool]: SQL status: OK in 0.002 seconds
[0m15:54:05.979585 [debug] [ThreadPool]: On list_dev_main: ROLLBACK
[0m15:54:05.980187 [debug] [ThreadPool]: Failed to rollback 'list_dev_main'
[0m15:54:05.980358 [debug] [ThreadPool]: On list_dev_main: Close
[0m15:54:05.981105 [debug] [MainThread]: Sending event: {'category': 'dbt', 'action': 'runnable_timing', 'label': '5544ef2d-51ad-4e17-a578-f5dc7d005c5f', 'context': [<snowplow_tracker.self_describing_json.SelfDescribingJson object at 0x000002BCF2BD1E60>]}
[0m15:54:05.981408 [debug] [MainThread]: Using duckdb connection "master"
[0m15:54:05.981566 [debug] [MainThread]: On master: BEGIN
[0m15:54:05.981698 [debug] [MainThread]: Opening a new connection, currently in state init
[0m15:54:05.981974 [debug] [MainThread]: SQL status: OK in 0.000 seconds
[0m15:54:05.982144 [debug] [MainThread]: On master: COMMIT
[0m15:54:05.982346 [debug] [MainThread]: Using duckdb connection "master"
[0m15:54:05.982521 [debug] [MainThread]: On master: COMMIT
[0m15:54:05.982768 [debug] [MainThread]: SQL status: OK in 0.000 seconds
[0m15:54:05.982939 [debug] [MainThread]: On master: Close
[0m15:54:05.985352 [debug] [Thread-1 (]: Began running node model.adtech.stg_ad_events
[0m15:54:05.985603 [debug] [Thread-3 (]: Began running node model.adtech.stg_campaigns
[0m15:54:05.985825 [debug] [Thread-2 (]: Began running node model.adtech.stg_advertisers
[0m15:54:05.986119 [info ] [Thread-1 (]: 1 of 4 START sql view model main.stg_ad_events ................................. [RUN]
[0m15:54:05.987066 [debug] [Thread-1 (]: Acquiring new duckdb connection 'model.adtech.stg_ad_events'
[0m15:54:05.987344 [debug] [Thread-1 (]: Began compiling node model.adtech.stg_ad_events
[0m15:54:05.991666 [debug] [Thread-1 (]: Writing injected SQL for node "model.adtech.stg_ad_events"
[0m15:54:05.986760 [info ] [Thread-2 (]: 2 of 4 START sql view model main.stg_advertisers ............................... [RUN]
[0m15:54:05.992134 [debug] [Thread-2 (]: Acquiring new duckdb connection 'model.adtech.stg_advertisers'
[0m15:54:05.992343 [debug] [Thread-2 (]: Began compiling node model.adtech.stg_advertisers
[0m15:54:05.993817 [debug] [Thread-2 (]: Writing injected SQL for node "model.adtech.stg_advertisers"
[0m15:54:05.986393 [info ] [Thread-3 (]: 3 of 4 START sql view model main.stg_campaigns ................................. [RUN]
[0m15:54:05.994177 [debug] [Thread-3 (]: Acquiring new duckdb connection 'model.adtech.stg_campaigns'
[0m15:54:05.994653 [debug] [Thread-3 (]: Began compiling node model.adtech.stg_campaigns
[0m15:54:05.996031 [debug] [Thread-3 (]: Writing injected SQL for node "model.adtech.stg_campaigns"
[0m15:54:05.994424 [debug] [Thread-1 (]: Began executing node model.adtech.stg_ad_events
[0m15:54:06.013418 [debug] [Thread-1 (]: Writing runtime sql for node "model.adtech.stg_ad_events"
[0m15:54:06.013778 [debug] [Thread-2 (]: Began executing node model.adtech.stg_advertisers
[0m15:54:06.015573 [debug] [Thread-2 (]: Writing runtime sql for node "model.adtech.stg_advertisers"
[0m15:54:06.016018 [debug] [Thread-3 (]: Began executing node model.adtech.stg_campaigns
[0m15:54:06.017736 [debug] [Thread-3 (]: Writing runtime sql for node "model.adtech.stg_campaigns"
[0m15:54:06.018183 [debug] [Thread-2 (]: Using duckdb connection "model.adtech.stg_advertisers"
[0m15:54:06.018725 [debug] [Thread-2 (]: On model.adtech.stg_advertisers: BEGIN
[0m15:54:06.018947 [debug] [Thread-2 (]: Opening a new connection, currently in state init
[0m15:54:06.018500 [debug] [Thread-1 (]: Using duckdb connection "model.adtech.stg_ad_events"
[0m15:54:06.019522 [debug] [Thread-1 (]: On model.adtech.stg_ad_events: BEGIN
[0m15:54:06.019733 [debug] [Thread-1 (]: Opening a new connection, currently in state init
[0m15:54:06.019949 [debug] [Thread-2 (]: SQL status: OK in 0.001 seconds
[0m15:54:06.020490 [debug] [Thread-2 (]: Using duckdb connection "model.adtech.stg_advertisers"
[0m15:54:06.020692 [debug] [Thread-2 (]: On model.adtech.stg_advertisers: /* {"app": "dbt", "dbt_version": "1.11.11", "profile_name": "adtech", "target_name": "dev", "node_id": "model.adtech.stg_advertisers"} */

  
  create view "dev"."main"."stg_advertisers__dbt_tmp" as (
    with source as (
    select * from 'data/raw/advertisers.parquet'
)
select 
    advertiser_id,
    advertiser_name,
    country,
    status,
    cast(created_at as date) as created_at
from source
  );

[0m15:54:06.020888 [debug] [Thread-1 (]: SQL status: OK in 0.001 seconds
[0m15:54:06.021201 [debug] [Thread-1 (]: Using duckdb connection "model.adtech.stg_ad_events"
[0m15:54:06.020193 [debug] [Thread-3 (]: Using duckdb connection "model.adtech.stg_campaigns"
[0m15:54:06.021682 [debug] [Thread-3 (]: On model.adtech.stg_campaigns: BEGIN
[0m15:54:06.021879 [debug] [Thread-3 (]: Opening a new connection, currently in state init
[0m15:54:06.022129 [debug] [Thread-2 (]: SQL status: OK in 0.001 seconds
[0m15:54:06.025792 [debug] [Thread-2 (]: Using duckdb connection "model.adtech.stg_advertisers"
[0m15:54:06.026248 [debug] [Thread-2 (]: On model.adtech.stg_advertisers: /* {"app": "dbt", "dbt_version": "1.11.11", "profile_name": "adtech", "target_name": "dev", "node_id": "model.adtech.stg_advertisers"} */
alter view "dev"."main"."stg_advertisers" rename to "stg_advertisers__dbt_backup"
[0m15:54:06.021435 [debug] [Thread-1 (]: On model.adtech.stg_ad_events: /* {"app": "dbt", "dbt_version": "1.11.11", "profile_name": "adtech", "target_name": "dev", "node_id": "model.adtech.stg_ad_events"} */

  
  create view "dev"."main"."stg_ad_events__dbt_tmp" as (
    with source as (
    select * from read_parquet('data/raw/ad_events/*/part.parquet', hive_partitioning=true)
)
select
    event_id,
    event_ts,
    cast(event_date as date)        as event_date,
    campaign_id,
    device,
    country,
    event_type,
    revenue
from source
  );

[0m15:54:06.026025 [debug] [Thread-3 (]: SQL status: OK in 0.004 seconds
[0m15:54:06.026658 [debug] [Thread-3 (]: Using duckdb connection "model.adtech.stg_campaigns"
[0m15:54:06.026859 [debug] [Thread-3 (]: On model.adtech.stg_campaigns: /* {"app": "dbt", "dbt_version": "1.11.11", "profile_name": "adtech", "target_name": "dev", "node_id": "model.adtech.stg_campaigns"} */

  
  create view "dev"."main"."stg_campaigns__dbt_tmp" as (
    with source as (
    select * from 'data/raw/campaigns.parquet'
)
select 
    campaign_id,
    advertiser_id,
    campaign_name,
    channel,
    bid_cpm,
    daily_budget,
    start_date
from source
  );

[0m15:54:06.027077 [debug] [Thread-2 (]: SQL status: OK in 0.001 seconds
[0m15:54:06.028663 [debug] [Thread-2 (]: Using duckdb connection "model.adtech.stg_advertisers"
[0m15:54:06.028861 [debug] [Thread-2 (]: On model.adtech.stg_advertisers: /* {"app": "dbt", "dbt_version": "1.11.11", "profile_name": "adtech", "target_name": "dev", "node_id": "model.adtech.stg_advertisers"} */
alter view "dev"."main"."stg_advertisers__dbt_tmp" rename to "stg_advertisers"
[0m15:54:06.029078 [debug] [Thread-1 (]: SQL status: OK in 0.003 seconds
[0m15:54:06.030516 [debug] [Thread-1 (]: Using duckdb connection "model.adtech.stg_ad_events"
[0m15:54:06.030716 [debug] [Thread-1 (]: On model.adtech.stg_ad_events: /* {"app": "dbt", "dbt_version": "1.11.11", "profile_name": "adtech", "target_name": "dev", "node_id": "model.adtech.stg_ad_events"} */
alter view "dev"."main"."stg_ad_events" rename to "stg_ad_events__dbt_backup"
[0m15:54:06.030916 [debug] [Thread-3 (]: SQL status: OK in 0.004 seconds
[0m15:54:06.032577 [debug] [Thread-3 (]: Using duckdb connection "model.adtech.stg_campaigns"
[0m15:54:06.032797 [debug] [Thread-3 (]: On model.adtech.stg_campaigns: /* {"app": "dbt", "dbt_version": "1.11.11", "profile_name": "adtech", "target_name": "dev", "node_id": "model.adtech.stg_campaigns"} */
alter view "dev"."main"."stg_campaigns" rename to "stg_campaigns__dbt_backup"
[0m15:54:06.031178 [debug] [Thread-2 (]: SQL status: OK in 0.002 seconds
[0m15:54:06.033061 [debug] [Thread-1 (]: SQL status: OK in 0.002 seconds
[0m15:54:06.042698 [debug] [Thread-1 (]: Using duckdb connection "model.adtech.stg_ad_events"
[0m15:54:06.043154 [debug] [Thread-1 (]: On model.adtech.stg_ad_events: /* {"app": "dbt", "dbt_version": "1.11.11", "profile_name": "adtech", "target_name": "dev", "node_id": "model.adtech.stg_ad_events"} */
alter view "dev"."main"."stg_ad_events__dbt_tmp" rename to "stg_ad_events"
[0m15:54:06.041083 [debug] [Thread-2 (]: On model.adtech.stg_advertisers: COMMIT
[0m15:54:06.043461 [debug] [Thread-2 (]: Using duckdb connection "model.adtech.stg_advertisers"
[0m15:54:06.043652 [debug] [Thread-2 (]: On model.adtech.stg_advertisers: COMMIT
[0m15:54:06.043884 [debug] [Thread-1 (]: SQL status: OK in 0.000 seconds
[0m15:54:06.042929 [debug] [Thread-3 (]: SQL status: OK in 0.010 seconds
[0m15:54:06.046226 [debug] [Thread-3 (]: Using duckdb connection "model.adtech.stg_campaigns"
[0m15:54:06.044694 [debug] [Thread-1 (]: On model.adtech.stg_ad_events: COMMIT
[0m15:54:06.046663 [debug] [Thread-1 (]: Using duckdb connection "model.adtech.stg_ad_events"
[0m15:54:06.047094 [debug] [Thread-1 (]: On model.adtech.stg_ad_events: COMMIT
[0m15:54:06.046449 [debug] [Thread-3 (]: On model.adtech.stg_campaigns: /* {"app": "dbt", "dbt_version": "1.11.11", "profile_name": "adtech", "target_name": "dev", "node_id": "model.adtech.stg_campaigns"} */
alter view "dev"."main"."stg_campaigns__dbt_tmp" rename to "stg_campaigns"
[0m15:54:06.046885 [debug] [Thread-2 (]: SQL status: OK in 0.003 seconds
[0m15:54:06.050241 [debug] [Thread-2 (]: Using duckdb connection "model.adtech.stg_advertisers"
[0m15:54:06.050454 [debug] [Thread-2 (]: On model.adtech.stg_advertisers: /* {"app": "dbt", "dbt_version": "1.11.11", "profile_name": "adtech", "target_name": "dev", "node_id": "model.adtech.stg_advertisers"} */

      drop view if exists "dev"."main"."stg_advertisers__dbt_backup" cascade
    
[0m15:54:06.050671 [debug] [Thread-3 (]: SQL status: OK in 0.003 seconds
[0m15:54:06.051736 [debug] [Thread-3 (]: On model.adtech.stg_campaigns: COMMIT
[0m15:54:06.051939 [debug] [Thread-3 (]: Using duckdb connection "model.adtech.stg_campaigns"
[0m15:54:06.052111 [debug] [Thread-3 (]: On model.adtech.stg_campaigns: COMMIT
[0m15:54:06.050963 [debug] [Thread-1 (]: SQL status: OK in 0.004 seconds
[0m15:54:06.053317 [debug] [Thread-1 (]: Using duckdb connection "model.adtech.stg_ad_events"
[0m15:54:06.053752 [debug] [Thread-1 (]: On model.adtech.stg_ad_events: /* {"app": "dbt", "dbt_version": "1.11.11", "profile_name": "adtech", "target_name": "dev", "node_id": "model.adtech.stg_ad_events"} */

      drop view if exists "dev"."main"."stg_ad_events__dbt_backup" cascade
    
[0m15:54:06.053535 [debug] [Thread-2 (]: SQL status: OK in 0.003 seconds
[0m15:54:06.055151 [debug] [Thread-2 (]: On model.adtech.stg_advertisers: Close
[0m15:54:06.055415 [debug] [Thread-3 (]: SQL status: OK in 0.003 seconds
[0m15:54:06.057234 [debug] [Thread-3 (]: Using duckdb connection "model.adtech.stg_campaigns"
[0m15:54:06.057669 [debug] [Thread-3 (]: On model.adtech.stg_campaigns: /* {"app": "dbt", "dbt_version": "1.11.11", "profile_name": "adtech", "target_name": "dev", "node_id": "model.adtech.stg_campaigns"} */

      drop view if exists "dev"."main"."stg_campaigns__dbt_backup" cascade
    
[0m15:54:06.057447 [debug] [Thread-1 (]: SQL status: OK in 0.003 seconds
[0m15:54:06.058472 [debug] [Thread-1 (]: On model.adtech.stg_ad_events: Close
[0m15:54:06.058891 [debug] [Thread-2 (]: Sending event: {'category': 'dbt', 'action': 'run_model', 'label': '5544ef2d-51ad-4e17-a578-f5dc7d005c5f', 'context': [<snowplow_tracker.self_describing_json.SelfDescribingJson object at 0x000002BCF2A59C10>]}
[0m15:54:06.059111 [debug] [Thread-1 (]: Sending event: {'category': 'dbt', 'action': 'run_model', 'label': '5544ef2d-51ad-4e17-a578-f5dc7d005c5f', 'context': [<snowplow_tracker.self_describing_json.SelfDescribingJson object at 0x000002BCF01F6410>]}
[0m15:54:06.059500 [info ] [Thread-2 (]: 2 of 4 OK created sql view model main.stg_advertisers .......................... [[32mOK[0m in 0.06s]
[0m15:54:06.060191 [debug] [Thread-2 (]: Finished running node model.adtech.stg_advertisers
[0m15:54:06.059836 [info ] [Thread-1 (]: 1 of 4 OK created sql view model main.stg_ad_events ............................ [[32mOK[0m in 0.07s]
[0m15:54:06.060661 [debug] [Thread-1 (]: Finished running node model.adtech.stg_ad_events
[0m15:54:06.060868 [debug] [Thread-3 (]: SQL status: OK in 0.003 seconds
[0m15:54:06.061630 [debug] [Thread-3 (]: On model.adtech.stg_campaigns: Close
[0m15:54:06.061901 [debug] [Thread-3 (]: Sending event: {'category': 'dbt', 'action': 'run_model', 'label': '5544ef2d-51ad-4e17-a578-f5dc7d005c5f', 'context': [<snowplow_tracker.self_describing_json.SelfDescribingJson object at 0x000002BCF2DDA670>]}
[0m15:54:06.062209 [info ] [Thread-3 (]: 3 of 4 OK created sql view model main.stg_campaigns ............................ [[32mOK[0m in 0.07s]
[0m15:54:06.062586 [debug] [Thread-3 (]: Finished running node model.adtech.stg_campaigns
[0m15:54:06.062965 [debug] [Thread-4 (]: Began running node model.adtech.fct_campaign_performance
[0m15:54:06.063250 [info ] [Thread-4 (]: 4 of 4 START sql table model main.fct_campaign_performance ..................... [RUN]
[0m15:54:06.063639 [debug] [Thread-4 (]: Acquiring new duckdb connection 'model.adtech.fct_campaign_performance'
[0m15:54:06.063889 [debug] [Thread-4 (]: Began compiling node model.adtech.fct_campaign_performance
[0m15:54:06.065547 [debug] [Thread-4 (]: Writing injected SQL for node "model.adtech.fct_campaign_performance"
[0m15:54:06.066102 [debug] [Thread-4 (]: Began executing node model.adtech.fct_campaign_performance
[0m15:54:06.077113 [debug] [Thread-4 (]: Writing runtime sql for node "model.adtech.fct_campaign_performance"
[0m15:54:06.077859 [debug] [Thread-4 (]: Using duckdb connection "model.adtech.fct_campaign_performance"
[0m15:54:06.078083 [debug] [Thread-4 (]: On model.adtech.fct_campaign_performance: BEGIN
[0m15:54:06.078266 [debug] [Thread-4 (]: Opening a new connection, currently in state init
[0m15:54:06.078688 [debug] [Thread-4 (]: SQL status: OK in 0.000 seconds
[0m15:54:06.078880 [debug] [Thread-4 (]: Using duckdb connection "model.adtech.fct_campaign_performance"
[0m15:54:06.079072 [debug] [Thread-4 (]: On model.adtech.fct_campaign_performance: /* {"app": "dbt", "dbt_version": "1.11.11", "profile_name": "adtech", "target_name": "dev", "node_id": "model.adtech.fct_campaign_performance"} */

  
    
    

    create  table
      "dev"."main"."fct_campaign_performance__dbt_tmp"
  
    as (
      with events as (
    select * from "dev"."main"."stg_ad_events"
),

campaigns as (
    select * from "dev"."main"."stg_campaigns"
),

daily as (
    select
        e.event_date,
        e.campaign_id,
        c.channel,
        c.advertiser_id,
        count(case when e.event_type = 'impression' then 1 end) as impressions,
        count(case when e.event_type = 'click'      then 1 end) as clicks,
        count(case when e.event_type = 'conversion' then 1 end) as conversions,
        sum(e.revenue) as revenue
    from events e
    left join campaigns c on e.campaign_id = c.campaign_id
    group by 1, 2, 3, 4
)

select
    event_date,
    campaign_id,
    channel,
    advertiser_id,
    impressions,
    clicks,
    conversions,
    round(revenue, 2) as revenue,
    clicks / impressions as ctr,
    revenue / impressions * 1000 as ecpm,
    conversions / clicks as cvr

from daily
    );
  
  
[0m15:54:06.098633 [debug] [Thread-4 (]: SQL status: OK in 0.019 seconds
[0m15:54:06.102275 [debug] [Thread-4 (]: Using duckdb connection "model.adtech.fct_campaign_performance"
[0m15:54:06.102527 [debug] [Thread-4 (]: On model.adtech.fct_campaign_performance: /* {"app": "dbt", "dbt_version": "1.11.11", "profile_name": "adtech", "target_name": "dev", "node_id": "model.adtech.fct_campaign_performance"} */

    SELECT index_name
    FROM duckdb_indexes()
    WHERE schema_name = 'main'
      AND table_name = 'fct_campaign_performance'
  
[0m15:54:06.103153 [debug] [Thread-4 (]: SQL status: OK in 0.000 seconds
[0m15:54:06.104219 [debug] [Thread-4 (]: Using duckdb connection "model.adtech.fct_campaign_performance"
[0m15:54:06.104424 [debug] [Thread-4 (]: On model.adtech.fct_campaign_performance: /* {"app": "dbt", "dbt_version": "1.11.11", "profile_name": "adtech", "target_name": "dev", "node_id": "model.adtech.fct_campaign_performance"} */

    SELECT COUNT(*) as remaining_indexes
    FROM duckdb_indexes()
    WHERE schema_name = 'main'
      AND table_name = 'fct_campaign_performance'
  
[0m15:54:06.104980 [debug] [Thread-4 (]: SQL status: OK in 0.000 seconds
[0m15:54:06.107018 [debug] [Thread-4 (]: Using duckdb connection "model.adtech.fct_campaign_performance"
[0m15:54:06.107222 [debug] [Thread-4 (]: On model.adtech.fct_campaign_performance: /* {"app": "dbt", "dbt_version": "1.11.11", "profile_name": "adtech", "target_name": "dev", "node_id": "model.adtech.fct_campaign_performance"} */
alter table "dev"."main"."fct_campaign_performance" rename to "fct_campaign_performance__dbt_backup"
[0m15:54:06.107700 [debug] [Thread-4 (]: SQL status: OK in 0.000 seconds
[0m15:54:06.109200 [debug] [Thread-4 (]: Using duckdb connection "model.adtech.fct_campaign_performance"
[0m15:54:06.109402 [debug] [Thread-4 (]: On model.adtech.fct_campaign_performance: /* {"app": "dbt", "dbt_version": "1.11.11", "profile_name": "adtech", "target_name": "dev", "node_id": "model.adtech.fct_campaign_performance"} */
alter table "dev"."main"."fct_campaign_performance__dbt_tmp" rename to "fct_campaign_performance"
[0m15:54:06.109753 [debug] [Thread-4 (]: SQL status: OK in 0.000 seconds
[0m15:54:06.112645 [debug] [Thread-4 (]: On model.adtech.fct_campaign_performance: COMMIT
[0m15:54:06.112917 [debug] [Thread-4 (]: Using duckdb connection "model.adtech.fct_campaign_performance"
[0m15:54:06.113112 [debug] [Thread-4 (]: On model.adtech.fct_campaign_performance: COMMIT
[0m15:54:06.117260 [debug] [Thread-4 (]: SQL status: OK in 0.004 seconds
[0m15:54:06.118455 [debug] [Thread-4 (]: Using duckdb connection "model.adtech.fct_campaign_performance"
[0m15:54:06.118648 [debug] [Thread-4 (]: On model.adtech.fct_campaign_performance: /* {"app": "dbt", "dbt_version": "1.11.11", "profile_name": "adtech", "target_name": "dev", "node_id": "model.adtech.fct_campaign_performance"} */

      drop table if exists "dev"."main"."fct_campaign_performance__dbt_backup" cascade
    
[0m15:54:06.120992 [debug] [Thread-4 (]: SQL status: OK in 0.002 seconds
[0m15:54:06.121710 [debug] [Thread-4 (]: On model.adtech.fct_campaign_performance: Close
[0m15:54:06.122030 [debug] [Thread-4 (]: Sending event: {'category': 'dbt', 'action': 'run_model', 'label': '5544ef2d-51ad-4e17-a578-f5dc7d005c5f', 'context': [<snowplow_tracker.self_describing_json.SelfDescribingJson object at 0x000002BCF3F9E3D0>]}
[0m15:54:06.122385 [info ] [Thread-4 (]: 4 of 4 OK created sql table model main.fct_campaign_performance ................ [[32mOK[0m in 0.06s]
[0m15:54:06.122772 [debug] [Thread-4 (]: Finished running node model.adtech.fct_campaign_performance
[0m15:54:06.123669 [debug] [MainThread]: Using duckdb connection "master"
[0m15:54:06.123849 [debug] [MainThread]: On master: BEGIN
[0m15:54:06.123997 [debug] [MainThread]: Opening a new connection, currently in state closed
[0m15:54:06.124293 [debug] [MainThread]: SQL status: OK in 0.000 seconds
[0m15:54:06.124459 [debug] [MainThread]: On master: COMMIT
[0m15:54:06.124596 [debug] [MainThread]: Using duckdb connection "master"
[0m15:54:06.124724 [debug] [MainThread]: On master: COMMIT
[0m15:54:06.124957 [debug] [MainThread]: SQL status: OK in 0.000 seconds
[0m15:54:06.125116 [debug] [MainThread]: On master: Close
[0m15:54:06.125331 [debug] [MainThread]: Connection 'master' was properly closed.
[0m15:54:06.125470 [debug] [MainThread]: Connection 'create_dev_main' was properly closed.
[0m15:54:06.125590 [debug] [MainThread]: Connection 'list_dev_main' was properly closed.
[0m15:54:06.125704 [debug] [MainThread]: Connection 'model.adtech.stg_ad_events' was properly closed.
[0m15:54:06.125817 [debug] [MainThread]: Connection 'model.adtech.stg_advertisers' was properly closed.
[0m15:54:06.125930 [debug] [MainThread]: Connection 'model.adtech.stg_campaigns' was properly closed.
[0m15:54:06.126040 [debug] [MainThread]: Connection 'model.adtech.fct_campaign_performance' was properly closed.
[0m15:54:06.126406 [info ] [MainThread]: 
[0m15:54:06.126665 [info ] [MainThread]: Finished running 1 table model, 3 view models in 0 hours 0 minutes and 0.23 seconds (0.23s).
[0m15:54:06.127274 [debug] [MainThread]: Command end result
[0m15:54:06.143423 [debug] [MainThread]: Wrote artifact WritableManifest to C:\Users\antoniou.athanasis\Desktop\adtech-analytics\target\manifest.json
[0m15:54:06.144893 [debug] [MainThread]: Wrote artifact SemanticManifest to C:\Users\antoniou.athanasis\Desktop\adtech-analytics\target\semantic_manifest.json
[0m15:54:06.148914 [debug] [MainThread]: Wrote artifact RunExecutionResult to C:\Users\antoniou.athanasis\Desktop\adtech-analytics\target\run_results.json
[0m15:54:06.149107 [info ] [MainThread]: 
[0m15:54:06.149383 [info ] [MainThread]: [32mCompleted successfully[0m
[0m15:54:06.149639 [info ] [MainThread]: 
[0m15:54:06.149895 [info ] [MainThread]: Done. PASS=4 WARN=0 ERROR=0 SKIP=0 NO-OP=0 TOTAL=4
[0m15:54:06.150376 [debug] [MainThread]: Command `dbt run` succeeded at 15:54:06.150311 after 0.89 seconds
[0m15:54:06.150582 [debug] [MainThread]: Sending event: {'category': 'dbt', 'action': 'invocation', 'label': 'end', 'context': [<snowplow_tracker.self_describing_json.SelfDescribingJson object at 0x000002BCF2177150>, <snowplow_tracker.self_describing_json.SelfDescribingJson object at 0x000002BCF1FE8440>, <snowplow_tracker.self_describing_json.SelfDescribingJson object at 0x000002BCF01A3AD0>]}
[0m15:54:06.150779 [debug] [MainThread]: Flushing usage events
[0m15:54:06.980395 [debug] [MainThread]: An error was encountered while trying to flush usage events
[0m15:57:35.696632 [debug] [MainThread]: Sending event: {'category': 'dbt', 'action': 'invocation', 'label': 'start', 'context': [<snowplow_tracker.self_describing_json.SelfDescribingJson object at 0x000001CEF2D39400>, <snowplow_tracker.self_describing_json.SelfDescribingJson object at 0x000001CEF0523D90>, <snowplow_tracker.self_describing_json.SelfDescribingJson object at 0x000001CEF5147C50>]}


============================== 15:57:35.699555 | 101e384f-9fc7-4847-b2ed-e4d8eea8e333 ==============================
[0m15:57:35.699555 [info ] [MainThread]: Running with dbt=1.11.11
[0m15:57:35.699940 [debug] [MainThread]: running dbt with arguments {'static_parser': 'True', 'no_print': 'None', 'version_check': 'True', 'target_path': 'None', 'warn_error_options': 'WarnErrorOptionsV2(error=[], warn=[], silence=[])', 'printer_width': '80', 'write_json': 'True', 'introspect': 'True', 'log_cache_events': 'False', 'empty': 'False', 'cache_selected_only': 'False', 'fail_fast': 'False', 'debug': 'False', 'log_format': 'default', 'partial_parse': 'True', 'send_anonymous_usage_stats': 'True', 'quiet': 'False', 'warn_error': 'None', 'profiles_dir': '.', 'indirect_selection': 'eager', 'invocation_command': 'dbt run --profiles-dir .', 'use_colors': 'True', 'use_experimental_parser': 'False', 'log_path': 'C:\\Users\\antoniou.athanasis\\Desktop\\adtech-analytics\\logs'}
[0m15:57:35.837795 [debug] [MainThread]: Sending event: {'category': 'dbt', 'action': 'project_id', 'label': '101e384f-9fc7-4847-b2ed-e4d8eea8e333', 'context': [<snowplow_tracker.self_describing_json.SelfDescribingJson object at 0x000001CEF51C75C0>]}
[0m15:57:35.880597 [debug] [MainThread]: Sending event: {'category': 'dbt', 'action': 'adapter_info', 'label': '101e384f-9fc7-4847-b2ed-e4d8eea8e333', 'context': [<snowplow_tracker.self_describing_json.SelfDescribingJson object at 0x000001CEF3823BD0>]}
[0m15:57:35.882203 [info ] [MainThread]: Registered adapter: duckdb=1.10.1
[0m15:57:36.011651 [debug] [MainThread]: checksum: 30a8cc8fdcbf66701b0944d4ccce3fa46dd04b61e5df68b9f16d57b2e0e3f0be, vars: {}, profile: , target: , version: 1.11.11
[0m15:57:36.145175 [debug] [MainThread]: Partial parsing enabled: 0 files deleted, 0 files added, 0 files changed.
[0m15:57:36.145429 [debug] [MainThread]: Nothing changed, skipping partial parsing.
[0m15:57:36.145576 [debug] [MainThread]: Partial parsing enabled, no changes found, skipping parsing
[0m15:57:36.171768 [debug] [MainThread]: Sending event: {'category': 'dbt', 'action': 'load_project', 'label': '101e384f-9fc7-4847-b2ed-e4d8eea8e333', 'context': [<snowplow_tracker.self_describing_json.SelfDescribingJson object at 0x000001CEF57C7650>]}
[0m15:57:36.225595 [debug] [MainThread]: Wrote artifact WritableManifest to C:\Users\antoniou.athanasis\Desktop\adtech-analytics\target\manifest.json
[0m15:57:36.227145 [debug] [MainThread]: Wrote artifact SemanticManifest to C:\Users\antoniou.athanasis\Desktop\adtech-analytics\target\semantic_manifest.json
[0m15:57:36.234469 [debug] [MainThread]: Sending event: {'category': 'dbt', 'action': 'resource_counts', 'label': '101e384f-9fc7-4847-b2ed-e4d8eea8e333', 'context': [<snowplow_tracker.self_describing_json.SelfDescribingJson object at 0x000001CEF5765A90>]}
[0m15:57:36.234723 [info ] [MainThread]: Found 4 models, 10 data tests, 3 sources, 485 macros
[0m15:57:36.234986 [debug] [MainThread]: Sending event: {'category': 'dbt', 'action': 'runnable_timing', 'label': '101e384f-9fc7-4847-b2ed-e4d8eea8e333', 'context': [<snowplow_tracker.self_describing_json.SelfDescribingJson object at 0x000001CEF5958F30>]}
[0m15:57:36.236286 [info ] [MainThread]: 
[0m15:57:36.236520 [info ] [MainThread]: Concurrency: 4 threads (target='dev')
[0m15:57:36.236712 [info ] [MainThread]: 
[0m15:57:36.237027 [debug] [MainThread]: Acquiring new duckdb connection 'master'
[0m15:57:36.239814 [debug] [ThreadPool]: Acquiring new duckdb connection 'list_dev'
[0m15:57:36.292692 [debug] [ThreadPool]: Using duckdb connection "list_dev"
[0m15:57:36.292984 [debug] [ThreadPool]: On list_dev: /* {"app": "dbt", "dbt_version": "1.11.11", "profile_name": "adtech", "target_name": "dev", "connection_name": "list_dev"} */

    
    select schema_name
    from system.information_schema.schemata
    
    where lower(catalog_name) = '"dev"'
    
  
  
[0m15:57:36.293141 [debug] [ThreadPool]: Opening a new connection, currently in state init
[0m15:57:36.309565 [debug] [ThreadPool]: SQL status: OK in 0.016 seconds
[0m15:57:36.310341 [debug] [ThreadPool]: On list_dev: Close
[0m15:57:36.310754 [debug] [ThreadPool]: Re-using an available connection from the pool (formerly list_dev, now create_dev_main)
[0m15:57:36.311013 [debug] [ThreadPool]: Creating schema "database: "dev"
schema: "main"
"
[0m15:57:36.314752 [debug] [ThreadPool]: Using duckdb connection "create_dev_main"
[0m15:57:36.314937 [debug] [ThreadPool]: On create_dev_main: /* {"app": "dbt", "dbt_version": "1.11.11", "profile_name": "adtech", "target_name": "dev", "connection_name": "create_dev_main"} */

    
        select type from duckdb_databases()
        where lower(database_name)='dev'
        and type='sqlite'
    
  
[0m15:57:36.315088 [debug] [ThreadPool]: Opening a new connection, currently in state closed
[0m15:57:36.315578 [debug] [ThreadPool]: SQL status: OK in 0.000 seconds
[0m15:57:36.316186 [debug] [ThreadPool]: Using duckdb connection "create_dev_main"
[0m15:57:36.316348 [debug] [ThreadPool]: On create_dev_main: BEGIN
[0m15:57:36.316590 [debug] [ThreadPool]: SQL status: OK in 0.000 seconds
[0m15:57:36.316747 [debug] [ThreadPool]: Using duckdb connection "create_dev_main"
[0m15:57:36.316882 [debug] [ThreadPool]: On create_dev_main: /* {"app": "dbt", "dbt_version": "1.11.11", "profile_name": "adtech", "target_name": "dev", "connection_name": "create_dev_main"} */

    
    
        create schema if not exists "dev"."main"
    
[0m15:57:36.317150 [debug] [ThreadPool]: SQL status: OK in 0.000 seconds
[0m15:57:36.317550 [debug] [ThreadPool]: On create_dev_main: COMMIT
[0m15:57:36.317708 [debug] [ThreadPool]: Using duckdb connection "create_dev_main"
[0m15:57:36.317840 [debug] [ThreadPool]: On create_dev_main: COMMIT
[0m15:57:36.318069 [debug] [ThreadPool]: SQL status: OK in 0.000 seconds
[0m15:57:36.318230 [debug] [ThreadPool]: On create_dev_main: Close
[0m15:57:36.319040 [debug] [ThreadPool]: Acquiring new duckdb connection 'list_dev_main'
[0m15:57:36.321791 [debug] [ThreadPool]: Using duckdb connection "list_dev_main"
[0m15:57:36.322002 [debug] [ThreadPool]: On list_dev_main: BEGIN
[0m15:57:36.322146 [debug] [ThreadPool]: Opening a new connection, currently in state init
[0m15:57:36.322417 [debug] [ThreadPool]: SQL status: OK in 0.000 seconds
[0m15:57:36.322582 [debug] [ThreadPool]: Using duckdb connection "list_dev_main"
[0m15:57:36.322728 [debug] [ThreadPool]: On list_dev_main: /* {"app": "dbt", "dbt_version": "1.11.11", "profile_name": "adtech", "target_name": "dev", "connection_name": "list_dev_main"} */
select
      'dev' as database,
      table_name as name,
      table_schema as schema,
      CASE table_type
        WHEN 'BASE TABLE' THEN 'table'
        WHEN 'VIEW' THEN 'view'
        WHEN 'LOCAL TEMPORARY' THEN 'table'
        END as type
    from system.information_schema.tables
    where lower(table_schema) = 'main'
    and lower(table_catalog) = 'dev'
  
[0m15:57:36.324842 [debug] [ThreadPool]: SQL status: OK in 0.002 seconds
[0m15:57:36.325485 [debug] [ThreadPool]: On list_dev_main: ROLLBACK
[0m15:57:36.326069 [debug] [ThreadPool]: Failed to rollback 'list_dev_main'
[0m15:57:36.326240 [debug] [ThreadPool]: On list_dev_main: Close
[0m15:57:36.326930 [debug] [MainThread]: Sending event: {'category': 'dbt', 'action': 'runnable_timing', 'label': '101e384f-9fc7-4847-b2ed-e4d8eea8e333', 'context': [<snowplow_tracker.self_describing_json.SelfDescribingJson object at 0x000001CEF5B6DE60>]}
[0m15:57:36.327190 [debug] [MainThread]: Using duckdb connection "master"
[0m15:57:36.327343 [debug] [MainThread]: On master: BEGIN
[0m15:57:36.327474 [debug] [MainThread]: Opening a new connection, currently in state init
[0m15:57:36.327733 [debug] [MainThread]: SQL status: OK in 0.000 seconds
[0m15:57:36.327892 [debug] [MainThread]: On master: COMMIT
[0m15:57:36.328030 [debug] [MainThread]: Using duckdb connection "master"
[0m15:57:36.328158 [debug] [MainThread]: On master: COMMIT
[0m15:57:36.328387 [debug] [MainThread]: SQL status: OK in 0.000 seconds
[0m15:57:36.328544 [debug] [MainThread]: On master: Close
[0m15:57:36.330654 [debug] [Thread-1 (]: Began running node model.adtech.stg_ad_events
[0m15:57:36.330886 [debug] [Thread-3 (]: Began running node model.adtech.stg_campaigns
[0m15:57:36.331100 [debug] [Thread-2 (]: Began running node model.adtech.stg_advertisers
[0m15:57:36.331367 [info ] [Thread-1 (]: 1 of 4 START sql view model main.stg_ad_events ................................. [RUN]
[0m15:57:36.332227 [debug] [Thread-1 (]: Acquiring new duckdb connection 'model.adtech.stg_ad_events'
[0m15:57:36.332503 [debug] [Thread-1 (]: Began compiling node model.adtech.stg_ad_events
[0m15:57:36.336081 [debug] [Thread-1 (]: Writing injected SQL for node "model.adtech.stg_ad_events"
[0m15:57:36.331940 [info ] [Thread-2 (]: 2 of 4 START sql view model main.stg_advertisers ............................... [RUN]
[0m15:57:36.336443 [debug] [Thread-2 (]: Acquiring new duckdb connection 'model.adtech.stg_advertisers'
[0m15:57:36.336645 [debug] [Thread-2 (]: Began compiling node model.adtech.stg_advertisers
[0m15:57:36.337956 [debug] [Thread-2 (]: Writing injected SQL for node "model.adtech.stg_advertisers"
[0m15:57:36.331619 [info ] [Thread-3 (]: 3 of 4 START sql view model main.stg_campaigns ................................. [RUN]
[0m15:57:36.338402 [debug] [Thread-3 (]: Acquiring new duckdb connection 'model.adtech.stg_campaigns'
[0m15:57:36.338841 [debug] [Thread-3 (]: Began compiling node model.adtech.stg_campaigns
[0m15:57:36.340134 [debug] [Thread-3 (]: Writing injected SQL for node "model.adtech.stg_campaigns"
[0m15:57:36.338630 [debug] [Thread-1 (]: Began executing node model.adtech.stg_ad_events
[0m15:57:36.356772 [debug] [Thread-1 (]: Writing runtime sql for node "model.adtech.stg_ad_events"
[0m15:57:36.357025 [debug] [Thread-2 (]: Began executing node model.adtech.stg_advertisers
[0m15:57:36.358709 [debug] [Thread-2 (]: Writing runtime sql for node "model.adtech.stg_advertisers"
[0m15:57:36.358959 [debug] [Thread-3 (]: Began executing node model.adtech.stg_campaigns
[0m15:57:36.360504 [debug] [Thread-3 (]: Writing runtime sql for node "model.adtech.stg_campaigns"
[0m15:57:36.360868 [debug] [Thread-1 (]: Using duckdb connection "model.adtech.stg_ad_events"
[0m15:57:36.361487 [debug] [Thread-1 (]: On model.adtech.stg_ad_events: BEGIN
[0m15:57:36.361691 [debug] [Thread-1 (]: Opening a new connection, currently in state init
[0m15:57:36.361207 [debug] [Thread-2 (]: Using duckdb connection "model.adtech.stg_advertisers"
[0m15:57:36.362212 [debug] [Thread-2 (]: On model.adtech.stg_advertisers: BEGIN
[0m15:57:36.362408 [debug] [Thread-2 (]: Opening a new connection, currently in state init
[0m15:57:36.362602 [debug] [Thread-1 (]: SQL status: OK in 0.001 seconds
[0m15:57:36.362894 [debug] [Thread-1 (]: Using duckdb connection "model.adtech.stg_ad_events"
[0m15:57:36.363106 [debug] [Thread-1 (]: On model.adtech.stg_ad_events: /* {"app": "dbt", "dbt_version": "1.11.11", "profile_name": "adtech", "target_name": "dev", "node_id": "model.adtech.stg_ad_events"} */

  
  create view "dev"."main"."stg_ad_events__dbt_tmp" as (
    with source as (
    select * from read_parquet('data/raw/ad_events/*/part.parquet', hive_partitioning=true)
)
select
    event_id,
    event_ts,
    cast(event_date as date)        as event_date,
    campaign_id,
    device,
    country,
    event_type,
    revenue
from source
  );

[0m15:57:36.363305 [debug] [Thread-2 (]: SQL status: OK in 0.001 seconds
[0m15:57:36.363844 [debug] [Thread-2 (]: Using duckdb connection "model.adtech.stg_advertisers"
[0m15:57:36.364033 [debug] [Thread-2 (]: On model.adtech.stg_advertisers: /* {"app": "dbt", "dbt_version": "1.11.11", "profile_name": "adtech", "target_name": "dev", "node_id": "model.adtech.stg_advertisers"} */

  
  create view "dev"."main"."stg_advertisers__dbt_tmp" as (
    with source as (
    select * from 'data/raw/advertisers.parquet'
)
select 
    advertiser_id,
    advertiser_name,
    country,
    status,
    cast(created_at as date) as created_at
from source
  );

[0m15:57:36.363526 [debug] [Thread-3 (]: Using duckdb connection "model.adtech.stg_campaigns"
[0m15:57:36.364285 [debug] [Thread-3 (]: On model.adtech.stg_campaigns: BEGIN
[0m15:57:36.364478 [debug] [Thread-3 (]: Opening a new connection, currently in state init
[0m15:57:36.364892 [debug] [Thread-3 (]: SQL status: OK in 0.000 seconds
[0m15:57:36.365197 [debug] [Thread-3 (]: Using duckdb connection "model.adtech.stg_campaigns"
[0m15:57:36.365684 [debug] [Thread-3 (]: On model.adtech.stg_campaigns: /* {"app": "dbt", "dbt_version": "1.11.11", "profile_name": "adtech", "target_name": "dev", "node_id": "model.adtech.stg_campaigns"} */

  
  create view "dev"."main"."stg_campaigns__dbt_tmp" as (
    with source as (
    select * from 'data/raw/campaigns.parquet'
)
select 
    campaign_id,
    advertiser_id,
    campaign_name,
    channel,
    bid_cpm,
    daily_budget,
    start_date
from source
  );

[0m15:57:36.365469 [debug] [Thread-2 (]: SQL status: OK in 0.001 seconds
[0m15:57:36.369253 [debug] [Thread-2 (]: Using duckdb connection "model.adtech.stg_advertisers"
[0m15:57:36.365983 [debug] [Thread-1 (]: SQL status: OK in 0.002 seconds
[0m15:57:36.370864 [debug] [Thread-1 (]: Using duckdb connection "model.adtech.stg_ad_events"
[0m15:57:36.371058 [debug] [Thread-1 (]: On model.adtech.stg_ad_events: /* {"app": "dbt", "dbt_version": "1.11.11", "profile_name": "adtech", "target_name": "dev", "node_id": "model.adtech.stg_ad_events"} */
alter view "dev"."main"."stg_ad_events" rename to "stg_ad_events__dbt_backup"
[0m15:57:36.371239 [debug] [Thread-3 (]: SQL status: OK in 0.005 seconds
[0m15:57:36.369461 [debug] [Thread-2 (]: On model.adtech.stg_advertisers: /* {"app": "dbt", "dbt_version": "1.11.11", "profile_name": "adtech", "target_name": "dev", "node_id": "model.adtech.stg_advertisers"} */
alter view "dev"."main"."stg_advertisers" rename to "stg_advertisers__dbt_backup"
[0m15:57:36.372645 [debug] [Thread-3 (]: Using duckdb connection "model.adtech.stg_campaigns"
[0m15:57:36.373112 [debug] [Thread-3 (]: On model.adtech.stg_campaigns: /* {"app": "dbt", "dbt_version": "1.11.11", "profile_name": "adtech", "target_name": "dev", "node_id": "model.adtech.stg_campaigns"} */
alter view "dev"."main"."stg_campaigns" rename to "stg_campaigns__dbt_backup"
[0m15:57:36.372915 [debug] [Thread-1 (]: SQL status: OK in 0.001 seconds
[0m15:57:36.374532 [debug] [Thread-1 (]: Using duckdb connection "model.adtech.stg_ad_events"
[0m15:57:36.374723 [debug] [Thread-1 (]: On model.adtech.stg_ad_events: /* {"app": "dbt", "dbt_version": "1.11.11", "profile_name": "adtech", "target_name": "dev", "node_id": "model.adtech.stg_ad_events"} */
alter view "dev"."main"."stg_ad_events__dbt_tmp" rename to "stg_ad_events"
[0m15:57:36.374950 [debug] [Thread-3 (]: SQL status: OK in 0.002 seconds
[0m15:57:36.376537 [debug] [Thread-3 (]: Using duckdb connection "model.adtech.stg_campaigns"
[0m15:57:36.375155 [debug] [Thread-2 (]: SQL status: OK in 0.002 seconds
[0m15:57:36.378237 [debug] [Thread-2 (]: Using duckdb connection "model.adtech.stg_advertisers"
[0m15:57:36.376919 [debug] [Thread-1 (]: SQL status: OK in 0.002 seconds
[0m15:57:36.376731 [debug] [Thread-3 (]: On model.adtech.stg_campaigns: /* {"app": "dbt", "dbt_version": "1.11.11", "profile_name": "adtech", "target_name": "dev", "node_id": "model.adtech.stg_campaigns"} */
alter view "dev"."main"."stg_campaigns__dbt_tmp" rename to "stg_campaigns"
[0m15:57:36.378438 [debug] [Thread-2 (]: On model.adtech.stg_advertisers: /* {"app": "dbt", "dbt_version": "1.11.11", "profile_name": "adtech", "target_name": "dev", "node_id": "model.adtech.stg_advertisers"} */
alter view "dev"."main"."stg_advertisers__dbt_tmp" rename to "stg_advertisers"
[0m15:57:36.386397 [debug] [Thread-1 (]: On model.adtech.stg_ad_events: COMMIT
[0m15:57:36.386844 [debug] [Thread-1 (]: Using duckdb connection "model.adtech.stg_ad_events"
[0m15:57:36.387369 [debug] [Thread-1 (]: On model.adtech.stg_ad_events: COMMIT
[0m15:57:36.387155 [debug] [Thread-3 (]: SQL status: OK in 0.000 seconds
[0m15:57:36.388364 [debug] [Thread-3 (]: On model.adtech.stg_campaigns: COMMIT
[0m15:57:36.388568 [debug] [Thread-3 (]: Using duckdb connection "model.adtech.stg_campaigns"
[0m15:57:36.388734 [debug] [Thread-3 (]: On model.adtech.stg_campaigns: COMMIT
[0m15:57:36.387637 [debug] [Thread-2 (]: SQL status: OK in 0.001 seconds
[0m15:57:36.389474 [debug] [Thread-2 (]: On model.adtech.stg_advertisers: COMMIT
[0m15:57:36.389676 [debug] [Thread-2 (]: Using duckdb connection "model.adtech.stg_advertisers"
[0m15:57:36.389861 [debug] [Thread-2 (]: On model.adtech.stg_advertisers: COMMIT
[0m15:57:36.390111 [debug] [Thread-1 (]: SQL status: OK in 0.002 seconds
[0m15:57:36.393137 [debug] [Thread-1 (]: Using duckdb connection "model.adtech.stg_ad_events"
[0m15:57:36.393348 [debug] [Thread-1 (]: On model.adtech.stg_ad_events: /* {"app": "dbt", "dbt_version": "1.11.11", "profile_name": "adtech", "target_name": "dev", "node_id": "model.adtech.stg_ad_events"} */

      drop view if exists "dev"."main"."stg_ad_events__dbt_backup" cascade
    
[0m15:57:36.393604 [debug] [Thread-3 (]: SQL status: OK in 0.005 seconds
[0m15:57:36.394731 [debug] [Thread-3 (]: Using duckdb connection "model.adtech.stg_campaigns"
[0m15:57:36.394939 [debug] [Thread-3 (]: On model.adtech.stg_campaigns: /* {"app": "dbt", "dbt_version": "1.11.11", "profile_name": "adtech", "target_name": "dev", "node_id": "model.adtech.stg_campaigns"} */

      drop view if exists "dev"."main"."stg_campaigns__dbt_backup" cascade
    
[0m15:57:36.395196 [debug] [Thread-2 (]: SQL status: OK in 0.005 seconds
[0m15:57:36.396295 [debug] [Thread-2 (]: Using duckdb connection "model.adtech.stg_advertisers"
[0m15:57:36.396480 [debug] [Thread-2 (]: On model.adtech.stg_advertisers: /* {"app": "dbt", "dbt_version": "1.11.11", "profile_name": "adtech", "target_name": "dev", "node_id": "model.adtech.stg_advertisers"} */

      drop view if exists "dev"."main"."stg_advertisers__dbt_backup" cascade
    
[0m15:57:36.396944 [debug] [Thread-1 (]: SQL status: OK in 0.003 seconds
[0m15:57:36.398204 [debug] [Thread-1 (]: On model.adtech.stg_ad_events: Close
[0m15:57:36.399082 [debug] [Thread-2 (]: SQL status: OK in 0.002 seconds
[0m15:57:36.399718 [debug] [Thread-2 (]: On model.adtech.stg_advertisers: Close
[0m15:57:36.400354 [debug] [Thread-1 (]: Sending event: {'category': 'dbt', 'action': 'run_model', 'label': '101e384f-9fc7-4847-b2ed-e4d8eea8e333', 'context': [<snowplow_tracker.self_describing_json.SelfDescribingJson object at 0x000001CEF59F5F10>]}
[0m15:57:36.400566 [debug] [Thread-2 (]: Sending event: {'category': 'dbt', 'action': 'run_model', 'label': '101e384f-9fc7-4847-b2ed-e4d8eea8e333', 'context': [<snowplow_tracker.self_describing_json.SelfDescribingJson object at 0x000001CEF31D6410>]}
[0m15:57:36.400929 [info ] [Thread-1 (]: 1 of 4 OK created sql view model main.stg_ad_events ............................ [[32mOK[0m in 0.07s]
[0m15:57:36.401939 [debug] [Thread-1 (]: Finished running node model.adtech.stg_ad_events
[0m15:57:36.401570 [info ] [Thread-2 (]: 2 of 4 OK created sql view model main.stg_advertisers .......................... [[32mOK[0m in 0.06s]
[0m15:57:36.402383 [debug] [Thread-2 (]: Finished running node model.adtech.stg_advertisers
[0m15:57:36.401175 [debug] [Thread-3 (]: SQL status: OK in 0.006 seconds
[0m15:57:36.403048 [debug] [Thread-3 (]: On model.adtech.stg_campaigns: Close
[0m15:57:36.403291 [debug] [Thread-3 (]: Sending event: {'category': 'dbt', 'action': 'run_model', 'label': '101e384f-9fc7-4847-b2ed-e4d8eea8e333', 'context': [<snowplow_tracker.self_describing_json.SelfDescribingJson object at 0x000001CEF5D7E710>]}
[0m15:57:36.403590 [info ] [Thread-3 (]: 3 of 4 OK created sql view model main.stg_campaigns ............................ [[32mOK[0m in 0.06s]
[0m15:57:36.403952 [debug] [Thread-3 (]: Finished running node model.adtech.stg_campaigns
[0m15:57:36.404337 [debug] [Thread-4 (]: Began running node model.adtech.fct_campaign_performance
[0m15:57:36.404622 [info ] [Thread-4 (]: 4 of 4 START sql table model main.fct_campaign_performance ..................... [RUN]
[0m15:57:36.405031 [debug] [Thread-4 (]: Acquiring new duckdb connection 'model.adtech.fct_campaign_performance'
[0m15:57:36.405224 [debug] [Thread-4 (]: Began compiling node model.adtech.fct_campaign_performance
[0m15:57:36.406700 [debug] [Thread-4 (]: Writing injected SQL for node "model.adtech.fct_campaign_performance"
[0m15:57:36.407237 [debug] [Thread-4 (]: Began executing node model.adtech.fct_campaign_performance
[0m15:57:36.417292 [debug] [Thread-4 (]: Writing runtime sql for node "model.adtech.fct_campaign_performance"
[0m15:57:36.417878 [debug] [Thread-4 (]: Using duckdb connection "model.adtech.fct_campaign_performance"
[0m15:57:36.418101 [debug] [Thread-4 (]: On model.adtech.fct_campaign_performance: BEGIN
[0m15:57:36.418267 [debug] [Thread-4 (]: Opening a new connection, currently in state init
[0m15:57:36.418611 [debug] [Thread-4 (]: SQL status: OK in 0.000 seconds
[0m15:57:36.418795 [debug] [Thread-4 (]: Using duckdb connection "model.adtech.fct_campaign_performance"
[0m15:57:36.418975 [debug] [Thread-4 (]: On model.adtech.fct_campaign_performance: /* {"app": "dbt", "dbt_version": "1.11.11", "profile_name": "adtech", "target_name": "dev", "node_id": "model.adtech.fct_campaign_performance"} */

  
    
    

    create  table
      "dev"."main"."fct_campaign_performance__dbt_tmp"
  
    as (
      with events as (
    select * from "dev"."main"."stg_ad_events"
),

campaigns as (
    select * from "dev"."main"."stg_campaigns"
),

daily as (
    select
        e.event_date,
        e.campaign_id,
        c.channel,
        c.advertiser_id,
        count(case when e.event_type = 'impression' then 1 end) as impressions,
        count(case when e.event_type = 'click'      then 1 end) as clicks,
        count(case when e.event_type = 'conversion' then 1 end) as conversions,
        sum(e.revenue) as revenue
    from events e
    left join campaigns c on e.campaign_id = c.campaign_id
    group by 1, 2, 3, 4
)

select
    event_date,
    campaign_id,
    channel,
    advertiser_id,
    impressions,
    clicks,
    conversions,
    round(revenue, 2) as revenue,
    clicks / impressions as ctr,
    revenue / impressions * 1000 as ecpm,
    conversions / clicks as cvr

from daily
    );
  
  
[0m15:57:36.444409 [debug] [Thread-4 (]: SQL status: OK in 0.025 seconds
[0m15:57:36.447841 [debug] [Thread-4 (]: Using duckdb connection "model.adtech.fct_campaign_performance"
[0m15:57:36.448063 [debug] [Thread-4 (]: On model.adtech.fct_campaign_performance: /* {"app": "dbt", "dbt_version": "1.11.11", "profile_name": "adtech", "target_name": "dev", "node_id": "model.adtech.fct_campaign_performance"} */

    SELECT index_name
    FROM duckdb_indexes()
    WHERE schema_name = 'main'
      AND table_name = 'fct_campaign_performance'
  
[0m15:57:36.448645 [debug] [Thread-4 (]: SQL status: OK in 0.000 seconds
[0m15:57:36.449271 [debug] [Thread-4 (]: Using duckdb connection "model.adtech.fct_campaign_performance"
[0m15:57:36.449466 [debug] [Thread-4 (]: On model.adtech.fct_campaign_performance: /* {"app": "dbt", "dbt_version": "1.11.11", "profile_name": "adtech", "target_name": "dev", "node_id": "model.adtech.fct_campaign_performance"} */

    SELECT COUNT(*) as remaining_indexes
    FROM duckdb_indexes()
    WHERE schema_name = 'main'
      AND table_name = 'fct_campaign_performance'
  
[0m15:57:36.449934 [debug] [Thread-4 (]: SQL status: OK in 0.000 seconds
[0m15:57:36.451652 [debug] [Thread-4 (]: Using duckdb connection "model.adtech.fct_campaign_performance"
[0m15:57:36.451845 [debug] [Thread-4 (]: On model.adtech.fct_campaign_performance: /* {"app": "dbt", "dbt_version": "1.11.11", "profile_name": "adtech", "target_name": "dev", "node_id": "model.adtech.fct_campaign_performance"} */
alter table "dev"."main"."fct_campaign_performance" rename to "fct_campaign_performance__dbt_backup"
[0m15:57:36.452250 [debug] [Thread-4 (]: SQL status: OK in 0.000 seconds
[0m15:57:36.453581 [debug] [Thread-4 (]: Using duckdb connection "model.adtech.fct_campaign_performance"
[0m15:57:36.453772 [debug] [Thread-4 (]: On model.adtech.fct_campaign_performance: /* {"app": "dbt", "dbt_version": "1.11.11", "profile_name": "adtech", "target_name": "dev", "node_id": "model.adtech.fct_campaign_performance"} */
alter table "dev"."main"."fct_campaign_performance__dbt_tmp" rename to "fct_campaign_performance"
[0m15:57:36.454141 [debug] [Thread-4 (]: SQL status: OK in 0.000 seconds
[0m15:57:36.456799 [debug] [Thread-4 (]: On model.adtech.fct_campaign_performance: COMMIT
[0m15:57:36.456997 [debug] [Thread-4 (]: Using duckdb connection "model.adtech.fct_campaign_performance"
[0m15:57:36.457162 [debug] [Thread-4 (]: On model.adtech.fct_campaign_performance: COMMIT
[0m15:57:36.461011 [debug] [Thread-4 (]: SQL status: OK in 0.004 seconds
[0m15:57:36.462132 [debug] [Thread-4 (]: Using duckdb connection "model.adtech.fct_campaign_performance"
[0m15:57:36.462321 [debug] [Thread-4 (]: On model.adtech.fct_campaign_performance: /* {"app": "dbt", "dbt_version": "1.11.11", "profile_name": "adtech", "target_name": "dev", "node_id": "model.adtech.fct_campaign_performance"} */

      drop table if exists "dev"."main"."fct_campaign_performance__dbt_backup" cascade
    
[0m15:57:36.464702 [debug] [Thread-4 (]: SQL status: OK in 0.002 seconds
[0m15:57:36.465347 [debug] [Thread-4 (]: On model.adtech.fct_campaign_performance: Close
[0m15:57:36.465664 [debug] [Thread-4 (]: Sending event: {'category': 'dbt', 'action': 'run_model', 'label': '101e384f-9fc7-4847-b2ed-e4d8eea8e333', 'context': [<snowplow_tracker.self_describing_json.SelfDescribingJson object at 0x000001CEF6F5E450>]}
[0m15:57:36.466002 [info ] [Thread-4 (]: 4 of 4 OK created sql table model main.fct_campaign_performance ................ [[32mOK[0m in 0.06s]
[0m15:57:36.466518 [debug] [Thread-4 (]: Finished running node model.adtech.fct_campaign_performance
[0m15:57:36.467459 [debug] [MainThread]: Using duckdb connection "master"
[0m15:57:36.467657 [debug] [MainThread]: On master: BEGIN
[0m15:57:36.467804 [debug] [MainThread]: Opening a new connection, currently in state closed
[0m15:57:36.468072 [debug] [MainThread]: SQL status: OK in 0.000 seconds
[0m15:57:36.468230 [debug] [MainThread]: On master: COMMIT
[0m15:57:36.468363 [debug] [MainThread]: Using duckdb connection "master"
[0m15:57:36.468488 [debug] [MainThread]: On master: COMMIT
[0m15:57:36.468715 [debug] [MainThread]: SQL status: OK in 0.000 seconds
[0m15:57:36.468869 [debug] [MainThread]: On master: Close
[0m15:57:36.469063 [debug] [MainThread]: Connection 'master' was properly closed.
[0m15:57:36.469200 [debug] [MainThread]: Connection 'create_dev_main' was properly closed.
[0m15:57:36.469315 [debug] [MainThread]: Connection 'list_dev_main' was properly closed.
[0m15:57:36.469425 [debug] [MainThread]: Connection 'model.adtech.stg_ad_events' was properly closed.
[0m15:57:36.469533 [debug] [MainThread]: Connection 'model.adtech.stg_advertisers' was properly closed.
[0m15:57:36.469671 [debug] [MainThread]: Connection 'model.adtech.stg_campaigns' was properly closed.
[0m15:57:36.469800 [debug] [MainThread]: Connection 'model.adtech.fct_campaign_performance' was properly closed.
[0m15:57:36.469977 [info ] [MainThread]: 
[0m15:57:36.470216 [info ] [MainThread]: Finished running 1 table model, 3 view models in 0 hours 0 minutes and 0.23 seconds (0.23s).
[0m15:57:36.470792 [debug] [MainThread]: Command end result
[0m15:57:36.487114 [debug] [MainThread]: Wrote artifact WritableManifest to C:\Users\antoniou.athanasis\Desktop\adtech-analytics\target\manifest.json
[0m15:57:36.488494 [debug] [MainThread]: Wrote artifact SemanticManifest to C:\Users\antoniou.athanasis\Desktop\adtech-analytics\target\semantic_manifest.json
[0m15:57:36.492672 [debug] [MainThread]: Wrote artifact RunExecutionResult to C:\Users\antoniou.athanasis\Desktop\adtech-analytics\target\run_results.json
[0m15:57:36.492847 [info ] [MainThread]: 
[0m15:57:36.493132 [info ] [MainThread]: [32mCompleted successfully[0m
[0m15:57:36.493356 [info ] [MainThread]: 
[0m15:57:36.493576 [info ] [MainThread]: Done. PASS=4 WARN=0 ERROR=0 SKIP=0 NO-OP=0 TOTAL=4
[0m15:57:36.494057 [debug] [MainThread]: Command `dbt run` succeeded at 15:57:36.493994 after 0.88 seconds
[0m15:57:36.494255 [debug] [MainThread]: Sending event: {'category': 'dbt', 'action': 'invocation', 'label': 'end', 'context': [<snowplow_tracker.self_describing_json.SelfDescribingJson object at 0x000001CEF515B690>, <snowplow_tracker.self_describing_json.SelfDescribingJson object at 0x000001CEF4FC0980>, <snowplow_tracker.self_describing_json.SelfDescribingJson object at 0x000001CEF3929670>]}
[0m15:57:36.494446 [debug] [MainThread]: Flushing usage events
[0m15:57:37.298061 [debug] [MainThread]: An error was encountered while trying to flush usage events
[0m16:02:06.536709 [debug] [MainThread]: Sending event: {'category': 'dbt', 'action': 'invocation', 'label': 'start', 'context': [<snowplow_tracker.self_describing_json.SelfDescribingJson object at 0x000001DE2BEE9400>, <snowplow_tracker.self_describing_json.SelfDescribingJson object at 0x000001DE296C3ED0>, <snowplow_tracker.self_describing_json.SelfDescribingJson object at 0x000001DE2E2F3C50>]}


============================== 16:02:06.539648 | 2f9e6b19-fb29-4759-90d0-ac7047e5331a ==============================
[0m16:02:06.539648 [info ] [MainThread]: Running with dbt=1.11.11
[0m16:02:06.540060 [debug] [MainThread]: running dbt with arguments {'static_parser': 'True', 'no_print': 'None', 'version_check': 'True', 'warn_error_options': 'WarnErrorOptionsV2(error=[], warn=[], silence=[])', 'target_path': 'None', 'printer_width': '80', 'write_json': 'True', 'introspect': 'True', 'log_cache_events': 'False', 'empty': 'False', 'cache_selected_only': 'False', 'fail_fast': 'False', 'debug': 'False', 'log_format': 'default', 'partial_parse': 'True', 'send_anonymous_usage_stats': 'True', 'quiet': 'False', 'warn_error': 'None', 'profiles_dir': '.', 'use_colors': 'True', 'invocation_command': 'dbt snapshot --profiles-dir .', 'indirect_selection': 'eager', 'use_experimental_parser': 'False', 'log_path': 'C:\\Users\\antoniou.athanasis\\Desktop\\adtech-analytics\\logs'}
[0m16:02:06.675808 [debug] [MainThread]: Sending event: {'category': 'dbt', 'action': 'project_id', 'label': '2f9e6b19-fb29-4759-90d0-ac7047e5331a', 'context': [<snowplow_tracker.self_describing_json.SelfDescribingJson object at 0x000001DE2E3735C0>]}
[0m16:02:06.716631 [debug] [MainThread]: Sending event: {'category': 'dbt', 'action': 'adapter_info', 'label': '2f9e6b19-fb29-4759-90d0-ac7047e5331a', 'context': [<snowplow_tracker.self_describing_json.SelfDescribingJson object at 0x000001DE2C9D3BD0>]}
[0m16:02:06.718117 [info ] [MainThread]: Registered adapter: duckdb=1.10.1
[0m16:02:06.842933 [debug] [MainThread]: checksum: 30a8cc8fdcbf66701b0944d4ccce3fa46dd04b61e5df68b9f16d57b2e0e3f0be, vars: {}, profile: , target: , version: 1.11.11
[0m16:02:06.981602 [debug] [MainThread]: Partial parsing enabled: 0 files deleted, 1 files added, 0 files changed.
[0m16:02:06.981964 [debug] [MainThread]: Partial parsing: added file: adtech://models\snapshots\snap_advertisers.sql
[0m16:02:07.097842 [error] [MainThread]: Encountered an error:
Compilation Error in model snap_advertisers (models\snapshots\snap_advertisers.sql)
  Encountered unknown tag 'snapshot'.
    line 1
      {% snapshot snap_advertisers %}
[0m16:02:07.098429 [debug] [MainThread]: Command `dbt snapshot` failed at 16:02:07.098352 after 0.64 seconds
[0m16:02:07.098674 [debug] [MainThread]: Sending event: {'category': 'dbt', 'action': 'invocation', 'label': 'end', 'context': [<snowplow_tracker.self_describing_json.SelfDescribingJson object at 0x000001DE2E977C50>, <snowplow_tracker.self_describing_json.SelfDescribingJson object at 0x000001DE2E977E50>, <snowplow_tracker.self_describing_json.SelfDescribingJson object at 0x000001DE2EB9B7A0>]}
[0m16:02:07.098885 [debug] [MainThread]: Flushing usage events
[0m16:02:08.989291 [debug] [MainThread]: An error was encountered while trying to flush usage events
[0m16:04:01.087699 [debug] [MainThread]: Sending event: {'category': 'dbt', 'action': 'invocation', 'label': 'start', 'context': [<snowplow_tracker.self_describing_json.SelfDescribingJson object at 0x000001D2174B9400>, <snowplow_tracker.self_describing_json.SelfDescribingJson object at 0x000001D214CA3D90>, <snowplow_tracker.self_describing_json.SelfDescribingJson object at 0x000001D2198C3C50>]}


============================== 16:04:01.090667 | 09be5ccb-401e-4f1c-a94b-f8c89cb2e2bc ==============================
[0m16:04:01.090667 [info ] [MainThread]: Running with dbt=1.11.11
[0m16:04:01.091052 [debug] [MainThread]: running dbt with arguments {'static_parser': 'True', 'no_print': 'None', 'version_check': 'True', 'target_path': 'None', 'warn_error_options': 'WarnErrorOptionsV2(error=[], warn=[], silence=[])', 'printer_width': '80', 'write_json': 'True', 'introspect': 'True', 'log_cache_events': 'False', 'empty': 'False', 'cache_selected_only': 'False', 'fail_fast': 'False', 'debug': 'False', 'log_format': 'default', 'partial_parse': 'True', 'send_anonymous_usage_stats': 'True', 'quiet': 'False', 'warn_error': 'None', 'profiles_dir': '.', 'invocation_command': 'dbt snapshot --profiles-dir .', 'use_colors': 'True', 'indirect_selection': 'eager', 'use_experimental_parser': 'False', 'log_path': 'C:\\Users\\antoniou.athanasis\\Desktop\\adtech-analytics\\logs'}
[0m16:04:01.229548 [debug] [MainThread]: Sending event: {'category': 'dbt', 'action': 'project_id', 'label': '09be5ccb-401e-4f1c-a94b-f8c89cb2e2bc', 'context': [<snowplow_tracker.self_describing_json.SelfDescribingJson object at 0x000001D2199435C0>]}
[0m16:04:01.273116 [debug] [MainThread]: Sending event: {'category': 'dbt', 'action': 'adapter_info', 'label': '09be5ccb-401e-4f1c-a94b-f8c89cb2e2bc', 'context': [<snowplow_tracker.self_describing_json.SelfDescribingJson object at 0x000001D217FA3BD0>]}
[0m16:04:01.274751 [info ] [MainThread]: Registered adapter: duckdb=1.10.1
[0m16:04:01.403973 [debug] [MainThread]: checksum: 30a8cc8fdcbf66701b0944d4ccce3fa46dd04b61e5df68b9f16d57b2e0e3f0be, vars: {}, profile: , target: , version: 1.11.11
[0m16:04:01.540599 [debug] [MainThread]: Partial parsing enabled: 0 files deleted, 1 files added, 0 files changed.
[0m16:04:01.540974 [debug] [MainThread]: Partial parsing: added file: adtech://snapshots\snap_advertisers.sql
[0m16:04:01.756473 [debug] [MainThread]: Sending event: {'category': 'dbt', 'action': 'load_project', 'label': '09be5ccb-401e-4f1c-a94b-f8c89cb2e2bc', 'context': [<snowplow_tracker.self_describing_json.SelfDescribingJson object at 0x000001D21A264C50>]}
[0m16:04:01.834282 [debug] [MainThread]: Wrote artifact WritableManifest to C:\Users\antoniou.athanasis\Desktop\adtech-analytics\target\manifest.json
[0m16:04:01.835849 [debug] [MainThread]: Wrote artifact SemanticManifest to C:\Users\antoniou.athanasis\Desktop\adtech-analytics\target\semantic_manifest.json
[0m16:04:01.843594 [debug] [MainThread]: Sending event: {'category': 'dbt', 'action': 'resource_counts', 'label': '09be5ccb-401e-4f1c-a94b-f8c89cb2e2bc', 'context': [<snowplow_tracker.self_describing_json.SelfDescribingJson object at 0x000001D21A2F6E40>]}
[0m16:04:01.843866 [info ] [MainThread]: Found 4 models, 10 data tests, 1 snapshot, 3 sources, 485 macros
[0m16:04:01.844123 [debug] [MainThread]: Sending event: {'category': 'dbt', 'action': 'runnable_timing', 'label': '09be5ccb-401e-4f1c-a94b-f8c89cb2e2bc', 'context': [<snowplow_tracker.self_describing_json.SelfDescribingJson object at 0x000001D21A281550>]}
[0m16:04:01.845348 [info ] [MainThread]: 
[0m16:04:01.845640 [info ] [MainThread]: Concurrency: 4 threads (target='dev')
[0m16:04:01.845898 [info ] [MainThread]: 
[0m16:04:01.846250 [debug] [MainThread]: Acquiring new duckdb connection 'master'
[0m16:04:01.846858 [debug] [ThreadPool]: Acquiring new duckdb connection 'list_dev'
[0m16:04:01.883255 [debug] [ThreadPool]: Using duckdb connection "list_dev"
[0m16:04:01.883526 [debug] [ThreadPool]: On list_dev: /* {"app": "dbt", "dbt_version": "1.11.11", "profile_name": "adtech", "target_name": "dev", "connection_name": "list_dev"} */

    
    select schema_name
    from system.information_schema.schemata
    
    where lower(catalog_name) = '"dev"'
    
  
  
[0m16:04:01.883688 [debug] [ThreadPool]: Opening a new connection, currently in state init
[0m16:04:01.899892 [debug] [ThreadPool]: SQL status: OK in 0.016 seconds
[0m16:04:01.900767 [debug] [ThreadPool]: On list_dev: Close
[0m16:04:01.901205 [debug] [ThreadPool]: Re-using an available connection from the pool (formerly list_dev, now create_dev_snapshots)
[0m16:04:01.901482 [debug] [ThreadPool]: Creating schema "database: "dev"
schema: "snapshots"
"
[0m16:04:01.905326 [debug] [ThreadPool]: Using duckdb connection "create_dev_snapshots"
[0m16:04:01.905519 [debug] [ThreadPool]: On create_dev_snapshots: /* {"app": "dbt", "dbt_version": "1.11.11", "profile_name": "adtech", "target_name": "dev", "connection_name": "create_dev_snapshots"} */

    
        select type from duckdb_databases()
        where lower(database_name)='dev'
        and type='sqlite'
    
  
[0m16:04:01.905671 [debug] [ThreadPool]: Opening a new connection, currently in state closed
[0m16:04:01.906194 [debug] [ThreadPool]: SQL status: OK in 0.001 seconds
[0m16:04:01.906846 [debug] [ThreadPool]: Using duckdb connection "create_dev_snapshots"
[0m16:04:01.907012 [debug] [ThreadPool]: On create_dev_snapshots: BEGIN
[0m16:04:01.907265 [debug] [ThreadPool]: SQL status: OK in 0.000 seconds
[0m16:04:01.907426 [debug] [ThreadPool]: Using duckdb connection "create_dev_snapshots"
[0m16:04:01.907562 [debug] [ThreadPool]: On create_dev_snapshots: /* {"app": "dbt", "dbt_version": "1.11.11", "profile_name": "adtech", "target_name": "dev", "connection_name": "create_dev_snapshots"} */

    
    
        create schema if not exists "dev"."snapshots"
    
[0m16:04:01.907855 [debug] [ThreadPool]: SQL status: OK in 0.000 seconds
[0m16:04:01.908334 [debug] [ThreadPool]: On create_dev_snapshots: COMMIT
[0m16:04:01.908494 [debug] [ThreadPool]: Using duckdb connection "create_dev_snapshots"
[0m16:04:01.908635 [debug] [ThreadPool]: On create_dev_snapshots: COMMIT
[0m16:04:01.913635 [debug] [ThreadPool]: SQL status: OK in 0.005 seconds
[0m16:04:01.913852 [debug] [ThreadPool]: On create_dev_snapshots: Close
[0m16:04:01.917324 [debug] [ThreadPool]: Acquiring new duckdb connection 'list_dev_snapshots'
[0m16:04:01.920931 [debug] [ThreadPool]: Using duckdb connection "list_dev_snapshots"
[0m16:04:01.921405 [debug] [ThreadPool]: On list_dev_snapshots: BEGIN
[0m16:04:01.921637 [debug] [ThreadPool]: Opening a new connection, currently in state init
[0m16:04:01.921209 [debug] [ThreadPool]: Acquiring new duckdb connection 'list_dev_main'
[0m16:04:01.922677 [debug] [ThreadPool]: Using duckdb connection "list_dev_main"
[0m16:04:01.922856 [debug] [ThreadPool]: On list_dev_main: BEGIN
[0m16:04:01.923213 [debug] [ThreadPool]: Opening a new connection, currently in state init
[0m16:04:01.923025 [debug] [ThreadPool]: SQL status: OK in 0.001 seconds
[0m16:04:01.923477 [debug] [ThreadPool]: Using duckdb connection "list_dev_snapshots"
[0m16:04:01.923640 [debug] [ThreadPool]: On list_dev_snapshots: /* {"app": "dbt", "dbt_version": "1.11.11", "profile_name": "adtech", "target_name": "dev", "connection_name": "list_dev_snapshots"} */
select
      'dev' as database,
      table_name as name,
      table_schema as schema,
      CASE table_type
        WHEN 'BASE TABLE' THEN 'table'
        WHEN 'VIEW' THEN 'view'
        WHEN 'LOCAL TEMPORARY' THEN 'table'
        END as type
    from system.information_schema.tables
    where lower(table_schema) = 'snapshots'
    and lower(table_catalog) = 'dev'
  
[0m16:04:01.923812 [debug] [ThreadPool]: SQL status: OK in 0.001 seconds
[0m16:04:01.924094 [debug] [ThreadPool]: Using duckdb connection "list_dev_main"
[0m16:04:01.924256 [debug] [ThreadPool]: On list_dev_main: /* {"app": "dbt", "dbt_version": "1.11.11", "profile_name": "adtech", "target_name": "dev", "connection_name": "list_dev_main"} */
select
      'dev' as database,
      table_name as name,
      table_schema as schema,
      CASE table_type
        WHEN 'BASE TABLE' THEN 'table'
        WHEN 'VIEW' THEN 'view'
        WHEN 'LOCAL TEMPORARY' THEN 'table'
        END as type
    from system.information_schema.tables
    where lower(table_schema) = 'main'
    and lower(table_catalog) = 'dev'
  
[0m16:04:01.926255 [debug] [ThreadPool]: SQL status: OK in 0.002 seconds
[0m16:04:01.926491 [debug] [ThreadPool]: SQL status: OK in 0.002 seconds
[0m16:04:01.927121 [debug] [ThreadPool]: On list_dev_snapshots: ROLLBACK
[0m16:04:01.927806 [debug] [ThreadPool]: On list_dev_main: ROLLBACK
[0m16:04:01.928600 [debug] [ThreadPool]: Failed to rollback 'list_dev_snapshots'
[0m16:04:01.928788 [debug] [ThreadPool]: On list_dev_snapshots: Close
[0m16:04:01.929066 [debug] [ThreadPool]: Failed to rollback 'list_dev_main'
[0m16:04:01.929382 [debug] [ThreadPool]: On list_dev_main: Close
[0m16:04:01.930189 [debug] [MainThread]: Sending event: {'category': 'dbt', 'action': 'runnable_timing', 'label': '09be5ccb-401e-4f1c-a94b-f8c89cb2e2bc', 'context': [<snowplow_tracker.self_describing_json.SelfDescribingJson object at 0x000001D21A536D00>]}
[0m16:04:01.930461 [debug] [MainThread]: Using duckdb connection "master"
[0m16:04:01.930638 [debug] [MainThread]: On master: BEGIN
[0m16:04:01.930773 [debug] [MainThread]: Opening a new connection, currently in state init
[0m16:04:01.931075 [debug] [MainThread]: SQL status: OK in 0.000 seconds
[0m16:04:01.931241 [debug] [MainThread]: On master: COMMIT
[0m16:04:01.931379 [debug] [MainThread]: Using duckdb connection "master"
[0m16:04:01.931504 [debug] [MainThread]: On master: COMMIT
[0m16:04:01.931744 [debug] [MainThread]: SQL status: OK in 0.000 seconds
[0m16:04:01.931913 [debug] [MainThread]: On master: Close
[0m16:04:01.934160 [debug] [Thread-1 (]: Began running node snapshot.adtech.snap_advertisers
[0m16:04:01.934471 [info ] [Thread-1 (]: 1 of 1 START snapshot snapshots.snap_advertisers ............................... [RUN]
[0m16:04:01.934962 [debug] [Thread-1 (]: Acquiring new duckdb connection 'snapshot.adtech.snap_advertisers'
[0m16:04:01.935258 [debug] [Thread-1 (]: Began compiling node snapshot.adtech.snap_advertisers
[0m16:04:01.940082 [debug] [Thread-1 (]: Began executing node snapshot.adtech.snap_advertisers
[0m16:04:01.983746 [debug] [Thread-1 (]: Using duckdb connection "snapshot.adtech.snap_advertisers"
[0m16:04:01.984056 [debug] [Thread-1 (]: On snapshot.adtech.snap_advertisers: /* {"app": "dbt", "dbt_version": "1.11.11", "profile_name": "adtech", "target_name": "dev", "node_id": "snapshot.adtech.snap_advertisers"} */
DESCRIBE (select * from (
        
    

    select *,
        md5(coalesce(cast(advertiser_id as varchar ), '')
         || '|' || coalesce(cast(now()::timestamp as varchar ), '')
        ) as dbt_scd_id,
        now()::timestamp as dbt_updated_at,
        now()::timestamp as dbt_valid_from,
        
  
  coalesce(nullif(now()::timestamp, now()::timestamp), null)
  as dbt_valid_to
from (
        



select * from "dev"."main"."stg_advertisers"

    ) sbq



    ) as __dbt_sbq
    where false
    limit 0
)
[0m16:04:01.984251 [debug] [Thread-1 (]: Opening a new connection, currently in state init
[0m16:04:01.986087 [debug] [Thread-1 (]: SQL status: OK in 0.002 seconds
[0m16:04:01.988149 [debug] [Thread-1 (]: Using duckdb connection "snapshot.adtech.snap_advertisers"
[0m16:04:01.988365 [debug] [Thread-1 (]: On snapshot.adtech.snap_advertisers: /* {"app": "dbt", "dbt_version": "1.11.11", "profile_name": "adtech", "target_name": "dev", "node_id": "snapshot.adtech.snap_advertisers"} */
DESCRIBE (select * from (
        select now()::timestamp as dbt_snapshot_time
    ) as __dbt_sbq
    where false
    limit 0
)
[0m16:04:01.988879 [debug] [Thread-1 (]: SQL status: OK in 0.000 seconds
[0m16:04:01.989212 [debug] [Thread-1 (]: Writing runtime sql for node "snapshot.adtech.snap_advertisers"
[0m16:04:01.990042 [debug] [Thread-1 (]: Using duckdb connection "snapshot.adtech.snap_advertisers"
[0m16:04:01.990242 [debug] [Thread-1 (]: On snapshot.adtech.snap_advertisers: BEGIN
[0m16:04:01.990566 [debug] [Thread-1 (]: SQL status: OK in 0.000 seconds
[0m16:04:01.990783 [debug] [Thread-1 (]: Using duckdb connection "snapshot.adtech.snap_advertisers"
[0m16:04:01.990964 [debug] [Thread-1 (]: On snapshot.adtech.snap_advertisers: /* {"app": "dbt", "dbt_version": "1.11.11", "profile_name": "adtech", "target_name": "dev", "node_id": "snapshot.adtech.snap_advertisers"} */

      
  
    
    

    create  table
      "dev"."snapshots"."snap_advertisers"
  
    as (
      
    

    select *,
        md5(coalesce(cast(advertiser_id as varchar ), '')
         || '|' || coalesce(cast(now()::timestamp as varchar ), '')
        ) as dbt_scd_id,
        now()::timestamp as dbt_updated_at,
        now()::timestamp as dbt_valid_from,
        
  
  coalesce(nullif(now()::timestamp, now()::timestamp), null)
  as dbt_valid_to
from (
        



select * from "dev"."main"."stg_advertisers"

    ) sbq



    );
  
  
  
[0m16:04:01.992791 [debug] [Thread-1 (]: SQL status: OK in 0.002 seconds
[0m16:04:02.001491 [debug] [Thread-1 (]: On snapshot.adtech.snap_advertisers: COMMIT
[0m16:04:02.001773 [debug] [Thread-1 (]: Using duckdb connection "snapshot.adtech.snap_advertisers"
[0m16:04:02.001946 [debug] [Thread-1 (]: On snapshot.adtech.snap_advertisers: COMMIT
[0m16:04:02.004312 [debug] [Thread-1 (]: SQL status: OK in 0.002 seconds
[0m16:04:02.005375 [debug] [Thread-1 (]: On snapshot.adtech.snap_advertisers: Close
[0m16:04:02.006591 [debug] [Thread-1 (]: Sending event: {'category': 'dbt', 'action': 'run_model', 'label': '09be5ccb-401e-4f1c-a94b-f8c89cb2e2bc', 'context': [<snowplow_tracker.self_describing_json.SelfDescribingJson object at 0x000001D21B7841D0>]}
[0m16:04:02.007061 [info ] [Thread-1 (]: 1 of 1 OK snapshotted snapshots.snap_advertisers ............................... [[32mOK[0m in 0.07s]
[0m16:04:02.007512 [debug] [Thread-1 (]: Finished running node snapshot.adtech.snap_advertisers
[0m16:04:02.008474 [debug] [MainThread]: Using duckdb connection "master"
[0m16:04:02.008729 [debug] [MainThread]: On master: BEGIN
[0m16:04:02.008872 [debug] [MainThread]: Opening a new connection, currently in state closed
[0m16:04:02.009193 [debug] [MainThread]: SQL status: OK in 0.000 seconds
[0m16:04:02.009372 [debug] [MainThread]: On master: COMMIT
[0m16:04:02.009514 [debug] [MainThread]: Using duckdb connection "master"
[0m16:04:02.009641 [debug] [MainThread]: On master: COMMIT
[0m16:04:02.009877 [debug] [MainThread]: SQL status: OK in 0.000 seconds
[0m16:04:02.010049 [debug] [MainThread]: On master: Close
[0m16:04:02.010247 [debug] [MainThread]: Connection 'master' was properly closed.
[0m16:04:02.010388 [debug] [MainThread]: Connection 'create_dev_snapshots' was properly closed.
[0m16:04:02.010508 [debug] [MainThread]: Connection 'list_dev_snapshots' was properly closed.
[0m16:04:02.010674 [debug] [MainThread]: Connection 'list_dev_main' was properly closed.
[0m16:04:02.010796 [debug] [MainThread]: Connection 'snapshot.adtech.snap_advertisers' was properly closed.
[0m16:04:02.010950 [info ] [MainThread]: 
[0m16:04:02.011200 [info ] [MainThread]: Finished running 1 snapshot in 0 hours 0 minutes and 0.16 seconds (0.16s).
[0m16:04:02.011642 [debug] [MainThread]: Command end result
[0m16:04:02.028299 [debug] [MainThread]: Wrote artifact WritableManifest to C:\Users\antoniou.athanasis\Desktop\adtech-analytics\target\manifest.json
[0m16:04:02.029858 [debug] [MainThread]: Wrote artifact SemanticManifest to C:\Users\antoniou.athanasis\Desktop\adtech-analytics\target\semantic_manifest.json
[0m16:04:02.033825 [debug] [MainThread]: Wrote artifact RunExecutionResult to C:\Users\antoniou.athanasis\Desktop\adtech-analytics\target\run_results.json
[0m16:04:02.034016 [info ] [MainThread]: 
[0m16:04:02.034336 [info ] [MainThread]: [32mCompleted successfully[0m
[0m16:04:02.034596 [info ] [MainThread]: 
[0m16:04:02.034847 [info ] [MainThread]: Done. PASS=1 WARN=0 ERROR=0 SKIP=0 NO-OP=0 TOTAL=1
[0m16:04:02.035324 [debug] [MainThread]: Command `dbt snapshot` succeeded at 16:04:02.035259 after 1.03 seconds
[0m16:04:02.035530 [debug] [MainThread]: Sending event: {'category': 'dbt', 'action': 'invocation', 'label': 'end', 'context': [<snowplow_tracker.self_describing_json.SelfDescribingJson object at 0x000001D21B79A200>, <snowplow_tracker.self_describing_json.SelfDescribingJson object at 0x000001D2135FDBD0>, <snowplow_tracker.self_describing_json.SelfDescribingJson object at 0x000001D219F48870>]}
[0m16:04:02.035735 [debug] [MainThread]: Flushing usage events
[0m16:04:02.839077 [debug] [MainThread]: An error was encountered while trying to flush usage events
[0m16:04:53.137693 [debug] [MainThread]: Sending event: {'category': 'dbt', 'action': 'invocation', 'label': 'start', 'context': [<snowplow_tracker.self_describing_json.SelfDescribingJson object at 0x000001AE6E489400>, <snowplow_tracker.self_describing_json.SelfDescribingJson object at 0x000001AE6BD03ED0>, <snowplow_tracker.self_describing_json.SelfDescribingJson object at 0x000001AE70887C50>]}


============================== 16:04:53.140648 | 9bc90f6a-2dc2-436c-bcaf-5719c0077870 ==============================
[0m16:04:53.140648 [info ] [MainThread]: Running with dbt=1.11.11
[0m16:04:53.141040 [debug] [MainThread]: running dbt with arguments {'version_check': 'True', 'no_print': 'None', 'static_parser': 'True', 'warn_error_options': 'WarnErrorOptionsV2(error=[], warn=[], silence=[])', 'target_path': 'None', 'printer_width': '80', 'write_json': 'True', 'introspect': 'True', 'log_cache_events': 'False', 'empty': 'False', 'cache_selected_only': 'False', 'log_format': 'default', 'debug': 'False', 'fail_fast': 'False', 'profiles_dir': '.', 'send_anonymous_usage_stats': 'True', 'quiet': 'False', 'warn_error': 'None', 'partial_parse': 'True', 'invocation_command': 'dbt run --profiles-dir . --select stg_advertisers', 'use_colors': 'True', 'indirect_selection': 'eager', 'use_experimental_parser': 'False', 'log_path': 'C:\\Users\\antoniou.athanasis\\Desktop\\adtech-analytics\\logs'}
[0m16:04:53.274918 [debug] [MainThread]: Sending event: {'category': 'dbt', 'action': 'project_id', 'label': '9bc90f6a-2dc2-436c-bcaf-5719c0077870', 'context': [<snowplow_tracker.self_describing_json.SelfDescribingJson object at 0x000001AE709235C0>]}
[0m16:04:53.315544 [debug] [MainThread]: Sending event: {'category': 'dbt', 'action': 'adapter_info', 'label': '9bc90f6a-2dc2-436c-bcaf-5719c0077870', 'context': [<snowplow_tracker.self_describing_json.SelfDescribingJson object at 0x000001AE6EF63BD0>]}
[0m16:04:53.317032 [info ] [MainThread]: Registered adapter: duckdb=1.10.1
[0m16:04:53.431704 [debug] [MainThread]: checksum: 30a8cc8fdcbf66701b0944d4ccce3fa46dd04b61e5df68b9f16d57b2e0e3f0be, vars: {}, profile: , target: , version: 1.11.11
[0m16:04:53.580053 [debug] [MainThread]: Partial parsing enabled: 0 files deleted, 0 files added, 0 files changed.
[0m16:04:53.580309 [debug] [MainThread]: Nothing changed, skipping partial parsing.
[0m16:04:53.580460 [debug] [MainThread]: Partial parsing enabled, no changes found, skipping parsing
[0m16:04:53.612673 [debug] [MainThread]: Sending event: {'category': 'dbt', 'action': 'load_project', 'label': '9bc90f6a-2dc2-436c-bcaf-5719c0077870', 'context': [<snowplow_tracker.self_describing_json.SelfDescribingJson object at 0x000001AE70F7B650>]}
[0m16:04:53.672423 [debug] [MainThread]: Wrote artifact WritableManifest to C:\Users\antoniou.athanasis\Desktop\adtech-analytics\target\manifest.json
[0m16:04:53.673771 [debug] [MainThread]: Wrote artifact SemanticManifest to C:\Users\antoniou.athanasis\Desktop\adtech-analytics\target\semantic_manifest.json
[0m16:04:53.680895 [debug] [MainThread]: Sending event: {'category': 'dbt', 'action': 'resource_counts', 'label': '9bc90f6a-2dc2-436c-bcaf-5719c0077870', 'context': [<snowplow_tracker.self_describing_json.SelfDescribingJson object at 0x000001AE70FF17C0>]}
[0m16:04:53.681148 [info ] [MainThread]: Found 4 models, 10 data tests, 1 snapshot, 3 sources, 485 macros
[0m16:04:53.681424 [debug] [MainThread]: Sending event: {'category': 'dbt', 'action': 'runnable_timing', 'label': '9bc90f6a-2dc2-436c-bcaf-5719c0077870', 'context': [<snowplow_tracker.self_describing_json.SelfDescribingJson object at 0x000001AE7115D010>]}
[0m16:04:53.682507 [info ] [MainThread]: 
[0m16:04:53.682744 [info ] [MainThread]: Concurrency: 4 threads (target='dev')
[0m16:04:53.682943 [info ] [MainThread]: 
[0m16:04:53.683257 [debug] [MainThread]: Acquiring new duckdb connection 'master'
[0m16:04:53.683906 [debug] [ThreadPool]: Acquiring new duckdb connection 'list_dev'
[0m16:04:53.735854 [debug] [ThreadPool]: Using duckdb connection "list_dev"
[0m16:04:53.736110 [debug] [ThreadPool]: On list_dev: /* {"app": "dbt", "dbt_version": "1.11.11", "profile_name": "adtech", "target_name": "dev", "connection_name": "list_dev"} */

    
    select schema_name
    from system.information_schema.schemata
    
    where lower(catalog_name) = '"dev"'
    
  
  
[0m16:04:53.736268 [debug] [ThreadPool]: Opening a new connection, currently in state init
[0m16:04:53.751424 [debug] [ThreadPool]: SQL status: OK in 0.015 seconds
[0m16:04:53.752174 [debug] [ThreadPool]: On list_dev: Close
[0m16:04:53.752589 [debug] [ThreadPool]: Re-using an available connection from the pool (formerly list_dev, now create_dev_main)
[0m16:04:53.752846 [debug] [ThreadPool]: Creating schema "database: "dev"
schema: "main"
"
[0m16:04:53.756532 [debug] [ThreadPool]: Using duckdb connection "create_dev_main"
[0m16:04:53.756763 [debug] [ThreadPool]: On create_dev_main: /* {"app": "dbt", "dbt_version": "1.11.11", "profile_name": "adtech", "target_name": "dev", "connection_name": "create_dev_main"} */

    
        select type from duckdb_databases()
        where lower(database_name)='dev'
        and type='sqlite'
    
  
[0m16:04:53.756948 [debug] [ThreadPool]: Opening a new connection, currently in state closed
[0m16:04:53.757411 [debug] [ThreadPool]: SQL status: OK in 0.000 seconds
[0m16:04:53.758047 [debug] [ThreadPool]: Using duckdb connection "create_dev_main"
[0m16:04:53.758206 [debug] [ThreadPool]: On create_dev_main: BEGIN
[0m16:04:53.758443 [debug] [ThreadPool]: SQL status: OK in 0.000 seconds
[0m16:04:53.758598 [debug] [ThreadPool]: Using duckdb connection "create_dev_main"
[0m16:04:53.758729 [debug] [ThreadPool]: On create_dev_main: /* {"app": "dbt", "dbt_version": "1.11.11", "profile_name": "adtech", "target_name": "dev", "connection_name": "create_dev_main"} */

    
    
        create schema if not exists "dev"."main"
    
[0m16:04:53.758998 [debug] [ThreadPool]: SQL status: OK in 0.000 seconds
[0m16:04:53.759399 [debug] [ThreadPool]: On create_dev_main: COMMIT
[0m16:04:53.759555 [debug] [ThreadPool]: Using duckdb connection "create_dev_main"
[0m16:04:53.759719 [debug] [ThreadPool]: On create_dev_main: COMMIT
[0m16:04:53.759974 [debug] [ThreadPool]: SQL status: OK in 0.000 seconds
[0m16:04:53.760144 [debug] [ThreadPool]: On create_dev_main: Close
[0m16:04:53.763205 [debug] [ThreadPool]: Acquiring new duckdb connection 'list_dev_snapshots'
[0m16:04:53.766066 [debug] [ThreadPool]: Using duckdb connection "list_dev_snapshots"
[0m16:04:53.766373 [debug] [ThreadPool]: On list_dev_snapshots: BEGIN
[0m16:04:53.766864 [debug] [ThreadPool]: Opening a new connection, currently in state init
[0m16:04:53.766688 [debug] [ThreadPool]: Acquiring new duckdb connection 'list_dev_main'
[0m16:04:53.768202 [debug] [ThreadPool]: Using duckdb connection "list_dev_main"
[0m16:04:53.768427 [debug] [ThreadPool]: On list_dev_main: BEGIN
[0m16:04:53.768756 [debug] [ThreadPool]: Opening a new connection, currently in state init
[0m16:04:53.768585 [debug] [ThreadPool]: SQL status: OK in 0.002 seconds
[0m16:04:53.768994 [debug] [ThreadPool]: Using duckdb connection "list_dev_snapshots"
[0m16:04:53.769153 [debug] [ThreadPool]: On list_dev_snapshots: /* {"app": "dbt", "dbt_version": "1.11.11", "profile_name": "adtech", "target_name": "dev", "connection_name": "list_dev_snapshots"} */
select
      'dev' as database,
      table_name as name,
      table_schema as schema,
      CASE table_type
        WHEN 'BASE TABLE' THEN 'table'
        WHEN 'VIEW' THEN 'view'
        WHEN 'LOCAL TEMPORARY' THEN 'table'
        END as type
    from system.information_schema.tables
    where lower(table_schema) = 'snapshots'
    and lower(table_catalog) = 'dev'
  
[0m16:04:53.769317 [debug] [ThreadPool]: SQL status: OK in 0.001 seconds
[0m16:04:53.769552 [debug] [ThreadPool]: Using duckdb connection "list_dev_main"
[0m16:04:53.769701 [debug] [ThreadPool]: On list_dev_main: /* {"app": "dbt", "dbt_version": "1.11.11", "profile_name": "adtech", "target_name": "dev", "connection_name": "list_dev_main"} */
select
      'dev' as database,
      table_name as name,
      table_schema as schema,
      CASE table_type
        WHEN 'BASE TABLE' THEN 'table'
        WHEN 'VIEW' THEN 'view'
        WHEN 'LOCAL TEMPORARY' THEN 'table'
        END as type
    from system.information_schema.tables
    where lower(table_schema) = 'main'
    and lower(table_catalog) = 'dev'
  
[0m16:04:53.771654 [debug] [ThreadPool]: SQL status: OK in 0.002 seconds
[0m16:04:53.771846 [debug] [ThreadPool]: SQL status: OK in 0.002 seconds
[0m16:04:53.772457 [debug] [ThreadPool]: On list_dev_snapshots: ROLLBACK
[0m16:04:53.773103 [debug] [ThreadPool]: On list_dev_main: ROLLBACK
[0m16:04:53.773713 [debug] [ThreadPool]: Failed to rollback 'list_dev_snapshots'
[0m16:04:53.773883 [debug] [ThreadPool]: On list_dev_snapshots: Close
[0m16:04:53.774158 [debug] [ThreadPool]: Failed to rollback 'list_dev_main'
[0m16:04:53.774421 [debug] [ThreadPool]: On list_dev_main: Close
[0m16:04:53.775201 [debug] [MainThread]: Sending event: {'category': 'dbt', 'action': 'runnable_timing', 'label': '9bc90f6a-2dc2-436c-bcaf-5719c0077870', 'context': [<snowplow_tracker.self_describing_json.SelfDescribingJson object at 0x000001AE71326DD0>]}
[0m16:04:53.775477 [debug] [MainThread]: Using duckdb connection "master"
[0m16:04:53.775624 [debug] [MainThread]: On master: BEGIN
[0m16:04:53.775749 [debug] [MainThread]: Opening a new connection, currently in state init
[0m16:04:53.776004 [debug] [MainThread]: SQL status: OK in 0.000 seconds
[0m16:04:53.776156 [debug] [MainThread]: On master: COMMIT
[0m16:04:53.776283 [debug] [MainThread]: Using duckdb connection "master"
[0m16:04:53.776402 [debug] [MainThread]: On master: COMMIT
[0m16:04:53.776612 [debug] [MainThread]: SQL status: OK in 0.000 seconds
[0m16:04:53.776760 [debug] [MainThread]: On master: Close
[0m16:04:53.778775 [debug] [Thread-1 (]: Began running node model.adtech.stg_advertisers
[0m16:04:53.779046 [info ] [Thread-1 (]: 1 of 1 START sql view model main.stg_advertisers ............................... [RUN]
[0m16:04:53.779394 [debug] [Thread-1 (]: Acquiring new duckdb connection 'model.adtech.stg_advertisers'
[0m16:04:53.779587 [debug] [Thread-1 (]: Began compiling node model.adtech.stg_advertisers
[0m16:04:53.783222 [debug] [Thread-1 (]: Writing injected SQL for node "model.adtech.stg_advertisers"
[0m16:04:53.783720 [debug] [Thread-1 (]: Began executing node model.adtech.stg_advertisers
[0m16:04:53.800400 [debug] [Thread-1 (]: Writing runtime sql for node "model.adtech.stg_advertisers"
[0m16:04:53.801063 [debug] [Thread-1 (]: Using duckdb connection "model.adtech.stg_advertisers"
[0m16:04:53.801268 [debug] [Thread-1 (]: On model.adtech.stg_advertisers: BEGIN
[0m16:04:53.801438 [debug] [Thread-1 (]: Opening a new connection, currently in state init
[0m16:04:53.801992 [debug] [Thread-1 (]: SQL status: OK in 0.001 seconds
[0m16:04:53.802178 [debug] [Thread-1 (]: Using duckdb connection "model.adtech.stg_advertisers"
[0m16:04:53.802342 [debug] [Thread-1 (]: On model.adtech.stg_advertisers: /* {"app": "dbt", "dbt_version": "1.11.11", "profile_name": "adtech", "target_name": "dev", "node_id": "model.adtech.stg_advertisers"} */

  
  create view "dev"."main"."stg_advertisers__dbt_tmp" as (
    with source as (
    select * from 'data/raw/advertisers.parquet'
)
select 
    advertiser_id,
    advertiser_name,
    country,
    status,
    cast(created_at as date) as created_at
from source
  );

[0m16:04:53.816605 [debug] [Thread-1 (]: SQL status: OK in 0.014 seconds
[0m16:04:53.820108 [debug] [Thread-1 (]: Using duckdb connection "model.adtech.stg_advertisers"
[0m16:04:53.820311 [debug] [Thread-1 (]: On model.adtech.stg_advertisers: /* {"app": "dbt", "dbt_version": "1.11.11", "profile_name": "adtech", "target_name": "dev", "node_id": "model.adtech.stg_advertisers"} */
alter view "dev"."main"."stg_advertisers" rename to "stg_advertisers__dbt_backup"
[0m16:04:53.820680 [debug] [Thread-1 (]: SQL status: OK in 0.000 seconds
[0m16:04:53.822001 [debug] [Thread-1 (]: Using duckdb connection "model.adtech.stg_advertisers"
[0m16:04:53.822188 [debug] [Thread-1 (]: On model.adtech.stg_advertisers: /* {"app": "dbt", "dbt_version": "1.11.11", "profile_name": "adtech", "target_name": "dev", "node_id": "model.adtech.stg_advertisers"} */
alter view "dev"."main"."stg_advertisers__dbt_tmp" rename to "stg_advertisers"
[0m16:04:53.822572 [debug] [Thread-1 (]: SQL status: OK in 0.000 seconds
[0m16:04:53.830229 [debug] [Thread-1 (]: On model.adtech.stg_advertisers: COMMIT
[0m16:04:53.830429 [debug] [Thread-1 (]: Using duckdb connection "model.adtech.stg_advertisers"
[0m16:04:53.830601 [debug] [Thread-1 (]: On model.adtech.stg_advertisers: COMMIT
[0m16:04:53.833829 [debug] [Thread-1 (]: SQL status: OK in 0.003 seconds
[0m16:04:53.836823 [debug] [Thread-1 (]: Using duckdb connection "model.adtech.stg_advertisers"
[0m16:04:53.837019 [debug] [Thread-1 (]: On model.adtech.stg_advertisers: /* {"app": "dbt", "dbt_version": "1.11.11", "profile_name": "adtech", "target_name": "dev", "node_id": "model.adtech.stg_advertisers"} */

      drop view if exists "dev"."main"."stg_advertisers__dbt_backup" cascade
    
[0m16:04:53.839303 [debug] [Thread-1 (]: SQL status: OK in 0.002 seconds
[0m16:04:53.840532 [debug] [Thread-1 (]: On model.adtech.stg_advertisers: Close
[0m16:04:53.841739 [debug] [Thread-1 (]: Sending event: {'category': 'dbt', 'action': 'run_model', 'label': '9bc90f6a-2dc2-436c-bcaf-5719c0077870', 'context': [<snowplow_tracker.self_describing_json.SelfDescribingJson object at 0x000001AE7116EED0>]}
[0m16:04:53.842094 [info ] [Thread-1 (]: 1 of 1 OK created sql view model main.stg_advertisers .......................... [[32mOK[0m in 0.06s]
[0m16:04:53.842593 [debug] [Thread-1 (]: Finished running node model.adtech.stg_advertisers
[0m16:04:53.843523 [debug] [MainThread]: Using duckdb connection "master"
[0m16:04:53.843692 [debug] [MainThread]: On master: BEGIN
[0m16:04:53.843827 [debug] [MainThread]: Opening a new connection, currently in state closed
[0m16:04:53.844105 [debug] [MainThread]: SQL status: OK in 0.000 seconds
[0m16:04:53.844262 [debug] [MainThread]: On master: COMMIT
[0m16:04:53.844391 [debug] [MainThread]: Using duckdb connection "master"
[0m16:04:53.844516 [debug] [MainThread]: On master: COMMIT
[0m16:04:53.844740 [debug] [MainThread]: SQL status: OK in 0.000 seconds
[0m16:04:53.844889 [debug] [MainThread]: On master: Close
[0m16:04:53.845074 [debug] [MainThread]: Connection 'master' was properly closed.
[0m16:04:53.845204 [debug] [MainThread]: Connection 'create_dev_main' was properly closed.
[0m16:04:53.845318 [debug] [MainThread]: Connection 'list_dev_snapshots' was properly closed.
[0m16:04:53.845428 [debug] [MainThread]: Connection 'list_dev_main' was properly closed.
[0m16:04:53.845537 [debug] [MainThread]: Connection 'model.adtech.stg_advertisers' was properly closed.
[0m16:04:53.845674 [info ] [MainThread]: 
[0m16:04:53.845906 [info ] [MainThread]: Finished running 1 view model in 0 hours 0 minutes and 0.16 seconds (0.16s).
[0m16:04:53.846381 [debug] [MainThread]: Command end result
[0m16:04:53.862339 [debug] [MainThread]: Wrote artifact WritableManifest to C:\Users\antoniou.athanasis\Desktop\adtech-analytics\target\manifest.json
[0m16:04:53.863658 [debug] [MainThread]: Wrote artifact SemanticManifest to C:\Users\antoniou.athanasis\Desktop\adtech-analytics\target\semantic_manifest.json
[0m16:04:53.867390 [debug] [MainThread]: Wrote artifact RunExecutionResult to C:\Users\antoniou.athanasis\Desktop\adtech-analytics\target\run_results.json
[0m16:04:53.867566 [info ] [MainThread]: 
[0m16:04:53.867853 [info ] [MainThread]: [32mCompleted successfully[0m
[0m16:04:53.868070 [info ] [MainThread]: 
[0m16:04:53.868283 [info ] [MainThread]: Done. PASS=1 WARN=0 ERROR=0 SKIP=0 NO-OP=0 TOTAL=1
[0m16:04:53.868726 [debug] [MainThread]: Command `dbt run` succeeded at 16:04:53.868665 after 0.81 seconds
[0m16:04:53.868937 [debug] [MainThread]: Sending event: {'category': 'dbt', 'action': 'invocation', 'label': 'end', 'context': [<snowplow_tracker.self_describing_json.SelfDescribingJson object at 0x000001AE725C87E0>, <snowplow_tracker.self_describing_json.SelfDescribingJson object at 0x000001AE6A60DBD0>, <snowplow_tracker.self_describing_json.SelfDescribingJson object at 0x000001AE725A1310>]}
[0m16:04:53.869133 [debug] [MainThread]: Flushing usage events
[0m16:04:54.736807 [debug] [MainThread]: An error was encountered while trying to flush usage events
[0m16:04:59.925633 [debug] [MainThread]: Sending event: {'category': 'dbt', 'action': 'invocation', 'label': 'start', 'context': [<snowplow_tracker.self_describing_json.SelfDescribingJson object at 0x0000016503729400>, <snowplow_tracker.self_describing_json.SelfDescribingJson object at 0x0000016500EF3ED0>, <snowplow_tracker.self_describing_json.SelfDescribingJson object at 0x0000016505B33C50>]}


============================== 16:04:59.928539 | db672754-5948-4d3e-a4b0-3cc0731f2034 ==============================
[0m16:04:59.928539 [info ] [MainThread]: Running with dbt=1.11.11
[0m16:04:59.928955 [debug] [MainThread]: running dbt with arguments {'version_check': 'True', 'no_print': 'None', 'static_parser': 'True', 'target_path': 'None', 'warn_error_options': 'WarnErrorOptionsV2(error=[], warn=[], silence=[])', 'printer_width': '80', 'write_json': 'True', 'empty': 'False', 'log_cache_events': 'False', 'introspect': 'True', 'cache_selected_only': 'False', 'fail_fast': 'False', 'debug': 'False', 'log_format': 'default', 'partial_parse': 'True', 'send_anonymous_usage_stats': 'True', 'quiet': 'False', 'warn_error': 'None', 'profiles_dir': '.', 'use_colors': 'True', 'indirect_selection': 'eager', 'invocation_command': 'dbt snapshot --profiles-dir .', 'use_experimental_parser': 'False', 'log_path': 'C:\\Users\\antoniou.athanasis\\Desktop\\adtech-analytics\\logs'}
[0m16:05:00.068242 [debug] [MainThread]: Sending event: {'category': 'dbt', 'action': 'project_id', 'label': 'db672754-5948-4d3e-a4b0-3cc0731f2034', 'context': [<snowplow_tracker.self_describing_json.SelfDescribingJson object at 0x0000016505BB35C0>]}
[0m16:05:00.112114 [debug] [MainThread]: Sending event: {'category': 'dbt', 'action': 'adapter_info', 'label': 'db672754-5948-4d3e-a4b0-3cc0731f2034', 'context': [<snowplow_tracker.self_describing_json.SelfDescribingJson object at 0x0000016504213BD0>]}
[0m16:05:00.113736 [info ] [MainThread]: Registered adapter: duckdb=1.10.1
[0m16:05:00.237942 [debug] [MainThread]: checksum: 30a8cc8fdcbf66701b0944d4ccce3fa46dd04b61e5df68b9f16d57b2e0e3f0be, vars: {}, profile: , target: , version: 1.11.11
[0m16:05:00.382323 [debug] [MainThread]: Partial parsing enabled: 0 files deleted, 0 files added, 0 files changed.
[0m16:05:00.382583 [debug] [MainThread]: Nothing changed, skipping partial parsing.
[0m16:05:00.382732 [debug] [MainThread]: Partial parsing enabled, no changes found, skipping parsing
[0m16:05:00.417411 [debug] [MainThread]: Sending event: {'category': 'dbt', 'action': 'load_project', 'label': 'db672754-5948-4d3e-a4b0-3cc0731f2034', 'context': [<snowplow_tracker.self_describing_json.SelfDescribingJson object at 0x00000165061AB650>]}
[0m16:05:00.480013 [debug] [MainThread]: Wrote artifact WritableManifest to C:\Users\antoniou.athanasis\Desktop\adtech-analytics\target\manifest.json
[0m16:05:00.481538 [debug] [MainThread]: Wrote artifact SemanticManifest to C:\Users\antoniou.athanasis\Desktop\adtech-analytics\target\semantic_manifest.json
[0m16:05:00.489557 [debug] [MainThread]: Sending event: {'category': 'dbt', 'action': 'resource_counts', 'label': 'db672754-5948-4d3e-a4b0-3cc0731f2034', 'context': [<snowplow_tracker.self_describing_json.SelfDescribingJson object at 0x0000016506383200>]}
[0m16:05:00.489847 [info ] [MainThread]: Found 4 models, 10 data tests, 1 snapshot, 3 sources, 485 macros
[0m16:05:00.490100 [debug] [MainThread]: Sending event: {'category': 'dbt', 'action': 'runnable_timing', 'label': 'db672754-5948-4d3e-a4b0-3cc0731f2034', 'context': [<snowplow_tracker.self_describing_json.SelfDescribingJson object at 0x000001650633F850>]}
[0m16:05:00.491335 [info ] [MainThread]: 
[0m16:05:00.491593 [info ] [MainThread]: Concurrency: 4 threads (target='dev')
[0m16:05:00.491797 [info ] [MainThread]: 
[0m16:05:00.492130 [debug] [MainThread]: Acquiring new duckdb connection 'master'
[0m16:05:00.492750 [debug] [ThreadPool]: Acquiring new duckdb connection 'list_dev'
[0m16:05:00.551041 [debug] [ThreadPool]: Using duckdb connection "list_dev"
[0m16:05:00.551314 [debug] [ThreadPool]: On list_dev: /* {"app": "dbt", "dbt_version": "1.11.11", "profile_name": "adtech", "target_name": "dev", "connection_name": "list_dev"} */

    
    select schema_name
    from system.information_schema.schemata
    
    where lower(catalog_name) = '"dev"'
    
  
  
[0m16:05:00.551482 [debug] [ThreadPool]: Opening a new connection, currently in state init
[0m16:05:00.568907 [debug] [ThreadPool]: SQL status: OK in 0.017 seconds
[0m16:05:00.569823 [debug] [ThreadPool]: On list_dev: Close
[0m16:05:00.570315 [debug] [ThreadPool]: Re-using an available connection from the pool (formerly list_dev, now create_dev_snapshots)
[0m16:05:00.570640 [debug] [ThreadPool]: Creating schema "database: "dev"
schema: "snapshots"
"
[0m16:05:00.574568 [debug] [ThreadPool]: Using duckdb connection "create_dev_snapshots"
[0m16:05:00.574759 [debug] [ThreadPool]: On create_dev_snapshots: /* {"app": "dbt", "dbt_version": "1.11.11", "profile_name": "adtech", "target_name": "dev", "connection_name": "create_dev_snapshots"} */

    
        select type from duckdb_databases()
        where lower(database_name)='dev'
        and type='sqlite'
    
  
[0m16:05:00.574910 [debug] [ThreadPool]: Opening a new connection, currently in state closed
[0m16:05:00.575500 [debug] [ThreadPool]: SQL status: OK in 0.001 seconds
[0m16:05:00.576181 [debug] [ThreadPool]: Using duckdb connection "create_dev_snapshots"
[0m16:05:00.576349 [debug] [ThreadPool]: On create_dev_snapshots: BEGIN
[0m16:05:00.576613 [debug] [ThreadPool]: SQL status: OK in 0.000 seconds
[0m16:05:00.576800 [debug] [ThreadPool]: Using duckdb connection "create_dev_snapshots"
[0m16:05:00.576942 [debug] [ThreadPool]: On create_dev_snapshots: /* {"app": "dbt", "dbt_version": "1.11.11", "profile_name": "adtech", "target_name": "dev", "connection_name": "create_dev_snapshots"} */

    
    
        create schema if not exists "dev"."snapshots"
    
[0m16:05:00.577288 [debug] [ThreadPool]: SQL status: OK in 0.000 seconds
[0m16:05:00.577735 [debug] [ThreadPool]: On create_dev_snapshots: COMMIT
[0m16:05:00.577903 [debug] [ThreadPool]: Using duckdb connection "create_dev_snapshots"
[0m16:05:00.578042 [debug] [ThreadPool]: On create_dev_snapshots: COMMIT
[0m16:05:00.578299 [debug] [ThreadPool]: SQL status: OK in 0.000 seconds
[0m16:05:00.578472 [debug] [ThreadPool]: On create_dev_snapshots: Close
[0m16:05:00.581735 [debug] [ThreadPool]: Acquiring new duckdb connection 'list_dev_main'
[0m16:05:00.585017 [debug] [ThreadPool]: Using duckdb connection "list_dev_main"
[0m16:05:00.585576 [debug] [ThreadPool]: On list_dev_main: BEGIN
[0m16:05:00.585822 [debug] [ThreadPool]: Opening a new connection, currently in state init
[0m16:05:00.585350 [debug] [ThreadPool]: Acquiring new duckdb connection 'list_dev_snapshots'
[0m16:05:00.586965 [debug] [ThreadPool]: Using duckdb connection "list_dev_snapshots"
[0m16:05:00.587138 [debug] [ThreadPool]: On list_dev_snapshots: BEGIN
[0m16:05:00.587493 [debug] [ThreadPool]: Opening a new connection, currently in state init
[0m16:05:00.587299 [debug] [ThreadPool]: SQL status: OK in 0.001 seconds
[0m16:05:00.587764 [debug] [ThreadPool]: Using duckdb connection "list_dev_main"
[0m16:05:00.587943 [debug] [ThreadPool]: On list_dev_main: /* {"app": "dbt", "dbt_version": "1.11.11", "profile_name": "adtech", "target_name": "dev", "connection_name": "list_dev_main"} */
select
      'dev' as database,
      table_name as name,
      table_schema as schema,
      CASE table_type
        WHEN 'BASE TABLE' THEN 'table'
        WHEN 'VIEW' THEN 'view'
        WHEN 'LOCAL TEMPORARY' THEN 'table'
        END as type
    from system.information_schema.tables
    where lower(table_schema) = 'main'
    and lower(table_catalog) = 'dev'
  
[0m16:05:00.588121 [debug] [ThreadPool]: SQL status: OK in 0.001 seconds
[0m16:05:00.588411 [debug] [ThreadPool]: Using duckdb connection "list_dev_snapshots"
[0m16:05:00.588583 [debug] [ThreadPool]: On list_dev_snapshots: /* {"app": "dbt", "dbt_version": "1.11.11", "profile_name": "adtech", "target_name": "dev", "connection_name": "list_dev_snapshots"} */
select
      'dev' as database,
      table_name as name,
      table_schema as schema,
      CASE table_type
        WHEN 'BASE TABLE' THEN 'table'
        WHEN 'VIEW' THEN 'view'
        WHEN 'LOCAL TEMPORARY' THEN 'table'
        END as type
    from system.information_schema.tables
    where lower(table_schema) = 'snapshots'
    and lower(table_catalog) = 'dev'
  
[0m16:05:00.590790 [debug] [ThreadPool]: SQL status: OK in 0.002 seconds
[0m16:05:00.590997 [debug] [ThreadPool]: SQL status: OK in 0.003 seconds
[0m16:05:00.591724 [debug] [ThreadPool]: On list_dev_snapshots: ROLLBACK
[0m16:05:00.592501 [debug] [ThreadPool]: On list_dev_main: ROLLBACK
[0m16:05:00.593178 [debug] [ThreadPool]: Failed to rollback 'list_dev_snapshots'
[0m16:05:00.593670 [debug] [ThreadPool]: On list_dev_snapshots: Close
[0m16:05:00.593481 [debug] [ThreadPool]: Failed to rollback 'list_dev_main'
[0m16:05:00.593887 [debug] [ThreadPool]: On list_dev_main: Close
[0m16:05:00.594839 [debug] [MainThread]: Sending event: {'category': 'dbt', 'action': 'runnable_timing', 'label': 'db672754-5948-4d3e-a4b0-3cc0731f2034', 'context': [<snowplow_tracker.self_describing_json.SelfDescribingJson object at 0x000001650655AB60>]}
[0m16:05:00.595107 [debug] [MainThread]: Using duckdb connection "master"
[0m16:05:00.595260 [debug] [MainThread]: On master: BEGIN
[0m16:05:00.595392 [debug] [MainThread]: Opening a new connection, currently in state init
[0m16:05:00.595679 [debug] [MainThread]: SQL status: OK in 0.000 seconds
[0m16:05:00.595842 [debug] [MainThread]: On master: COMMIT
[0m16:05:00.595975 [debug] [MainThread]: Using duckdb connection "master"
[0m16:05:00.596098 [debug] [MainThread]: On master: COMMIT
[0m16:05:00.596326 [debug] [MainThread]: SQL status: OK in 0.000 seconds
[0m16:05:00.596486 [debug] [MainThread]: On master: Close
[0m16:05:00.598701 [debug] [Thread-1 (]: Began running node snapshot.adtech.snap_advertisers
[0m16:05:00.598999 [info ] [Thread-1 (]: 1 of 1 START snapshot snapshots.snap_advertisers ............................... [RUN]
[0m16:05:00.599373 [debug] [Thread-1 (]: Acquiring new duckdb connection 'snapshot.adtech.snap_advertisers'
[0m16:05:00.599612 [debug] [Thread-1 (]: Began compiling node snapshot.adtech.snap_advertisers
[0m16:05:00.603915 [debug] [Thread-1 (]: Began executing node snapshot.adtech.snap_advertisers
[0m16:05:00.633930 [debug] [Thread-1 (]: Using duckdb connection "snapshot.adtech.snap_advertisers"
[0m16:05:00.634214 [debug] [Thread-1 (]: On snapshot.adtech.snap_advertisers: /* {"app": "dbt", "dbt_version": "1.11.11", "profile_name": "adtech", "target_name": "dev", "node_id": "snapshot.adtech.snap_advertisers"} */
select * from (
        select status from (
                



select * from "dev"."main"."stg_advertisers"

            ) subq
    ) as __dbt_sbq
    where false
    limit 0

    
[0m16:05:00.634395 [debug] [Thread-1 (]: Opening a new connection, currently in state init
[0m16:05:00.635658 [debug] [Thread-1 (]: SQL status: OK in 0.001 seconds
[0m16:05:00.639559 [debug] [Thread-1 (]: Using duckdb connection "snapshot.adtech.snap_advertisers"
[0m16:05:00.639783 [debug] [Thread-1 (]: On snapshot.adtech.snap_advertisers: BEGIN
[0m16:05:00.640126 [debug] [Thread-1 (]: SQL status: OK in 0.000 seconds
[0m16:05:00.640352 [debug] [Thread-1 (]: Using duckdb connection "snapshot.adtech.snap_advertisers"
[0m16:05:00.640550 [debug] [Thread-1 (]: On snapshot.adtech.snap_advertisers: /* {"app": "dbt", "dbt_version": "1.11.11", "profile_name": "adtech", "target_name": "dev", "node_id": "snapshot.adtech.snap_advertisers"} */

      select
          column_name,
          data_type,
          character_maximum_length,
          numeric_precision,
          numeric_scale

      from system.information_schema.columns
      where table_name = 'snap_advertisers'
      
      and lower(table_schema) = 'snapshots'
      
      
      and lower(table_catalog) = 'dev'
      
      order by ordinal_position

  
[0m16:05:00.647542 [debug] [Thread-1 (]: SQL status: OK in 0.007 seconds
[0m16:05:00.651936 [debug] [Thread-1 (]: Using duckdb connection "snapshot.adtech.snap_advertisers"
[0m16:05:00.652156 [debug] [Thread-1 (]: On snapshot.adtech.snap_advertisers: /* {"app": "dbt", "dbt_version": "1.11.11", "profile_name": "adtech", "target_name": "dev", "node_id": "snapshot.adtech.snap_advertisers"} */

      select
          column_name,
          data_type,
          character_maximum_length,
          numeric_precision,
          numeric_scale

      from system.information_schema.columns
      where table_name = 'snap_advertisers'
      
      and lower(table_schema) = 'snapshots'
      
      
      and lower(table_catalog) = 'dev'
      
      order by ordinal_position

  
[0m16:05:00.653990 [debug] [Thread-1 (]: SQL status: OK in 0.002 seconds
[0m16:05:00.680446 [debug] [Thread-1 (]: Using duckdb connection "snapshot.adtech.snap_advertisers"
[0m16:05:00.680752 [debug] [Thread-1 (]: On snapshot.adtech.snap_advertisers: /* {"app": "dbt", "dbt_version": "1.11.11", "profile_name": "adtech", "target_name": "dev", "node_id": "snapshot.adtech.snap_advertisers"} */

        
  
    
    

    create  table
      "snap_advertisers__dbt_tmp20260604160500675915"
  
    as (
      
    
    with snapshot_query as (

        



select * from "dev"."main"."stg_advertisers"


    ),

    snapshotted_data as (

        select *, 
    
        advertiser_id as dbt_unique_key
    

        from "dev"."snapshots"."snap_advertisers"
        where
            
                dbt_valid_to is null
            

    ),

    insertions_source_data as (

        select *, 
    
        advertiser_id as dbt_unique_key
    
,
            now()::timestamp as dbt_updated_at,
            now()::timestamp as dbt_valid_from,
            
  
  coalesce(nullif(now()::timestamp, now()::timestamp), null)
  as dbt_valid_to
,
            md5(coalesce(cast(advertiser_id as varchar ), '')
         || '|' || coalesce(cast(now()::timestamp as varchar ), '')
        ) as dbt_scd_id

        from snapshot_query
    ),

    updates_source_data as (

        select *, 
    
        advertiser_id as dbt_unique_key
    
,
            now()::timestamp as dbt_updated_at,
            now()::timestamp as dbt_valid_from,
            now()::timestamp as dbt_valid_to

        from snapshot_query
    ),

    insertions as (

        select
            'insert' as dbt_change_type,
            source_data.*

        from insertions_source_data as source_data
        left outer join snapshotted_data
            on 
    
        snapshotted_data.dbt_unique_key = source_data.dbt_unique_key
    

            where 
    
        snapshotted_data.dbt_unique_key is null
    

            or (
    
        snapshotted_data.dbt_unique_key is not null
    
 and (
               (snapshotted_data."status" != source_data."status"
        or
        (
            ((snapshotted_data."status" is null) and not (source_data."status" is null))
            or
            ((not snapshotted_data."status" is null) and (source_data."status" is null))
        ))
            )

        )

    ),

    updates as (

        select
            'update' as dbt_change_type,
            source_data.*,
            snapshotted_data.dbt_scd_id

        from updates_source_data as source_data
        join snapshotted_data
            on 
    
        snapshotted_data.dbt_unique_key = source_data.dbt_unique_key
    

        where (
            (snapshotted_data."status" != source_data."status"
        or
        (
            ((snapshotted_data."status" is null) and not (source_data."status" is null))
            or
            ((not snapshotted_data."status" is null) and (source_data."status" is null))
        ))
        )
    )

    select * from insertions
    union all
    select * from updates

    );
  
  
    
[0m16:05:00.685197 [debug] [Thread-1 (]: SQL status: OK in 0.004 seconds
[0m16:05:00.686594 [debug] [Thread-1 (]: Using duckdb connection "snapshot.adtech.snap_advertisers"
[0m16:05:00.686847 [debug] [Thread-1 (]: On snapshot.adtech.snap_advertisers: /* {"app": "dbt", "dbt_version": "1.11.11", "profile_name": "adtech", "target_name": "dev", "node_id": "snapshot.adtech.snap_advertisers"} */

      select
          column_name,
          data_type,
          character_maximum_length,
          numeric_precision,
          numeric_scale

      from system.information_schema.columns
      where table_name = 'snap_advertisers__dbt_tmp20260604160500675915'
      
      
      order by ordinal_position

  
[0m16:05:00.688529 [debug] [Thread-1 (]: SQL status: OK in 0.001 seconds
[0m16:05:00.690059 [debug] [Thread-1 (]: Using duckdb connection "snapshot.adtech.snap_advertisers"
[0m16:05:00.690271 [debug] [Thread-1 (]: On snapshot.adtech.snap_advertisers: /* {"app": "dbt", "dbt_version": "1.11.11", "profile_name": "adtech", "target_name": "dev", "node_id": "snapshot.adtech.snap_advertisers"} */

      select
          column_name,
          data_type,
          character_maximum_length,
          numeric_precision,
          numeric_scale

      from system.information_schema.columns
      where table_name = 'snap_advertisers'
      
      and lower(table_schema) = 'snapshots'
      
      
      and lower(table_catalog) = 'dev'
      
      order by ordinal_position

  
[0m16:05:00.691815 [debug] [Thread-1 (]: SQL status: OK in 0.001 seconds
[0m16:05:00.693285 [debug] [Thread-1 (]: Using duckdb connection "snapshot.adtech.snap_advertisers"
[0m16:05:00.693487 [debug] [Thread-1 (]: On snapshot.adtech.snap_advertisers: /* {"app": "dbt", "dbt_version": "1.11.11", "profile_name": "adtech", "target_name": "dev", "node_id": "snapshot.adtech.snap_advertisers"} */

      select
          column_name,
          data_type,
          character_maximum_length,
          numeric_precision,
          numeric_scale

      from system.information_schema.columns
      where table_name = 'snap_advertisers__dbt_tmp20260604160500675915'
      
      
      order by ordinal_position

  
[0m16:05:00.694921 [debug] [Thread-1 (]: SQL status: OK in 0.001 seconds
[0m16:05:00.696355 [debug] [Thread-1 (]: Using duckdb connection "snapshot.adtech.snap_advertisers"
[0m16:05:00.696558 [debug] [Thread-1 (]: On snapshot.adtech.snap_advertisers: /* {"app": "dbt", "dbt_version": "1.11.11", "profile_name": "adtech", "target_name": "dev", "node_id": "snapshot.adtech.snap_advertisers"} */

      select
          column_name,
          data_type,
          character_maximum_length,
          numeric_precision,
          numeric_scale

      from system.information_schema.columns
      where table_name = 'snap_advertisers'
      
      and lower(table_schema) = 'snapshots'
      
      
      and lower(table_catalog) = 'dev'
      
      order by ordinal_position

  
[0m16:05:00.698299 [debug] [Thread-1 (]: SQL status: OK in 0.002 seconds
[0m16:05:00.701775 [debug] [Thread-1 (]: Using duckdb connection "snapshot.adtech.snap_advertisers"
[0m16:05:00.701982 [debug] [Thread-1 (]: On snapshot.adtech.snap_advertisers: /* {"app": "dbt", "dbt_version": "1.11.11", "profile_name": "adtech", "target_name": "dev", "node_id": "snapshot.adtech.snap_advertisers"} */

      select
          column_name,
          data_type,
          character_maximum_length,
          numeric_precision,
          numeric_scale

      from system.information_schema.columns
      where table_name = 'snap_advertisers__dbt_tmp20260604160500675915'
      
      
      order by ordinal_position

  
[0m16:05:00.703511 [debug] [Thread-1 (]: SQL status: OK in 0.001 seconds
[0m16:05:00.711608 [debug] [Thread-1 (]: Using duckdb connection "snapshot.adtech.snap_advertisers"
[0m16:05:00.711872 [debug] [Thread-1 (]: On snapshot.adtech.snap_advertisers: /* {"app": "dbt", "dbt_version": "1.11.11", "profile_name": "adtech", "target_name": "dev", "node_id": "snapshot.adtech.snap_advertisers"} */
DESCRIBE (select * from (
        
    
    with snapshot_query as (

        



select * from "dev"."main"."stg_advertisers"


    ),

    snapshotted_data as (

        select *, 
    
        advertiser_id as dbt_unique_key
    

        from "dev"."snapshots"."snap_advertisers"
        where
            
                dbt_valid_to is null
            

    ),

    insertions_source_data as (

        select *, 
    
        advertiser_id as dbt_unique_key
    
,
            now()::timestamp as dbt_updated_at,
            now()::timestamp as dbt_valid_from,
            
  
  coalesce(nullif(now()::timestamp, now()::timestamp), null)
  as dbt_valid_to
,
            md5(coalesce(cast(advertiser_id as varchar ), '')
         || '|' || coalesce(cast(now()::timestamp as varchar ), '')
        ) as dbt_scd_id

        from snapshot_query
    ),

    updates_source_data as (

        select *, 
    
        advertiser_id as dbt_unique_key
    
,
            now()::timestamp as dbt_updated_at,
            now()::timestamp as dbt_valid_from,
            now()::timestamp as dbt_valid_to

        from snapshot_query
    ),

    insertions as (

        select
            'insert' as dbt_change_type,
            source_data.*

        from insertions_source_data as source_data
        left outer join snapshotted_data
            on 
    
        snapshotted_data.dbt_unique_key = source_data.dbt_unique_key
    

            where 
    
        snapshotted_data.dbt_unique_key is null
    

            or (
    
        snapshotted_data.dbt_unique_key is not null
    
 and (
               (snapshotted_data."status" != source_data."status"
        or
        (
            ((snapshotted_data."status" is null) and not (source_data."status" is null))
            or
            ((not snapshotted_data."status" is null) and (source_data."status" is null))
        ))
            )

        )

    ),

    updates as (

        select
            'update' as dbt_change_type,
            source_data.*,
            snapshotted_data.dbt_scd_id

        from updates_source_data as source_data
        join snapshotted_data
            on 
    
        snapshotted_data.dbt_unique_key = source_data.dbt_unique_key
    

        where (
            (snapshotted_data."status" != source_data."status"
        or
        (
            ((snapshotted_data."status" is null) and not (source_data."status" is null))
            or
            ((not snapshotted_data."status" is null) and (source_data."status" is null))
        ))
        )
    )

    select * from insertions
    union all
    select * from updates

    ) as __dbt_sbq
    where false
    limit 0
)
[0m16:05:00.713489 [debug] [Thread-1 (]: SQL status: OK in 0.001 seconds
[0m16:05:00.715242 [debug] [Thread-1 (]: Using duckdb connection "snapshot.adtech.snap_advertisers"
[0m16:05:00.715458 [debug] [Thread-1 (]: On snapshot.adtech.snap_advertisers: /* {"app": "dbt", "dbt_version": "1.11.11", "profile_name": "adtech", "target_name": "dev", "node_id": "snapshot.adtech.snap_advertisers"} */
DESCRIBE (select * from (
        select now()::timestamp as dbt_snapshot_time
    ) as __dbt_sbq
    where false
    limit 0
)
[0m16:05:00.715933 [debug] [Thread-1 (]: SQL status: OK in 0.000 seconds
[0m16:05:00.716260 [debug] [Thread-1 (]: Writing runtime sql for node "snapshot.adtech.snap_advertisers"
[0m16:05:00.716917 [debug] [Thread-1 (]: Using duckdb connection "snapshot.adtech.snap_advertisers"
[0m16:05:00.717142 [debug] [Thread-1 (]: On snapshot.adtech.snap_advertisers: /* {"app": "dbt", "dbt_version": "1.11.11", "profile_name": "adtech", "target_name": "dev", "node_id": "snapshot.adtech.snap_advertisers"} */

      update "dev"."snapshots"."snap_advertisers" as DBT_INTERNAL_TARGET
    set dbt_valid_to = DBT_INTERNAL_SOURCE.dbt_valid_to
    from "snap_advertisers__dbt_tmp20260604160500675915" as DBT_INTERNAL_SOURCE
    where DBT_INTERNAL_SOURCE.dbt_scd_id::text = DBT_INTERNAL_TARGET.dbt_scd_id::text
      and DBT_INTERNAL_SOURCE.dbt_change_type::text in ('update'::text, 'delete'::text)
      
        and DBT_INTERNAL_TARGET.dbt_valid_to is null;
      

    insert into "dev"."snapshots"."snap_advertisers" ("advertiser_id", "advertiser_name", "country", "status", "created_at", "dbt_updated_at", "dbt_valid_from", "dbt_valid_to", "dbt_scd_id")
    select DBT_INTERNAL_SOURCE."advertiser_id",DBT_INTERNAL_SOURCE."advertiser_name",DBT_INTERNAL_SOURCE."country",DBT_INTERNAL_SOURCE."status",DBT_INTERNAL_SOURCE."created_at",DBT_INTERNAL_SOURCE."dbt_updated_at",DBT_INTERNAL_SOURCE."dbt_valid_from",DBT_INTERNAL_SOURCE."dbt_valid_to",DBT_INTERNAL_SOURCE."dbt_scd_id"
    from "snap_advertisers__dbt_tmp20260604160500675915" as DBT_INTERNAL_SOURCE
    where DBT_INTERNAL_SOURCE.dbt_change_type::text = 'insert'::text;


  
[0m16:05:00.718698 [debug] [Thread-1 (]: SQL status: OK in 0.001 seconds
[0m16:05:00.725562 [debug] [Thread-1 (]: On snapshot.adtech.snap_advertisers: COMMIT
[0m16:05:00.725816 [debug] [Thread-1 (]: Using duckdb connection "snapshot.adtech.snap_advertisers"
[0m16:05:00.725987 [debug] [Thread-1 (]: On snapshot.adtech.snap_advertisers: COMMIT
[0m16:05:00.730117 [debug] [Thread-1 (]: SQL status: OK in 0.004 seconds
[0m16:05:00.733455 [debug] [Thread-1 (]: Using duckdb connection "snapshot.adtech.snap_advertisers"
[0m16:05:00.733668 [debug] [Thread-1 (]: On snapshot.adtech.snap_advertisers: /* {"app": "dbt", "dbt_version": "1.11.11", "profile_name": "adtech", "target_name": "dev", "node_id": "snapshot.adtech.snap_advertisers"} */

      drop table if exists "snap_advertisers__dbt_tmp20260604160500675915" cascade
    
[0m16:05:00.736132 [debug] [Thread-1 (]: SQL status: OK in 0.002 seconds
[0m16:05:00.737555 [debug] [Thread-1 (]: On snapshot.adtech.snap_advertisers: Close
[0m16:05:00.738852 [debug] [Thread-1 (]: Sending event: {'category': 'dbt', 'action': 'run_model', 'label': 'db672754-5948-4d3e-a4b0-3cc0731f2034', 'context': [<snowplow_tracker.self_describing_json.SelfDescribingJson object at 0x00000165063A3950>]}
[0m16:05:00.739329 [info ] [Thread-1 (]: 1 of 1 OK snapshotted snapshots.snap_advertisers ............................... [[32mOK[0m in 0.14s]
[0m16:05:00.739781 [debug] [Thread-1 (]: Finished running node snapshot.adtech.snap_advertisers
[0m16:05:00.740784 [debug] [MainThread]: Using duckdb connection "master"
[0m16:05:00.740967 [debug] [MainThread]: On master: BEGIN
[0m16:05:00.741109 [debug] [MainThread]: Opening a new connection, currently in state closed
[0m16:05:00.741422 [debug] [MainThread]: SQL status: OK in 0.000 seconds
[0m16:05:00.741583 [debug] [MainThread]: On master: COMMIT
[0m16:05:00.741720 [debug] [MainThread]: Using duckdb connection "master"
[0m16:05:00.741848 [debug] [MainThread]: On master: COMMIT
[0m16:05:00.742070 [debug] [MainThread]: SQL status: OK in 0.000 seconds
[0m16:05:00.742226 [debug] [MainThread]: On master: Close
[0m16:05:00.742420 [debug] [MainThread]: Connection 'master' was properly closed.
[0m16:05:00.742554 [debug] [MainThread]: Connection 'create_dev_snapshots' was properly closed.
[0m16:05:00.742669 [debug] [MainThread]: Connection 'list_dev_main' was properly closed.
[0m16:05:00.742779 [debug] [MainThread]: Connection 'list_dev_snapshots' was properly closed.
[0m16:05:00.742888 [debug] [MainThread]: Connection 'snapshot.adtech.snap_advertisers' was properly closed.
[0m16:05:00.743029 [info ] [MainThread]: 
[0m16:05:00.743297 [info ] [MainThread]: Finished running 1 snapshot in 0 hours 0 minutes and 0.25 seconds (0.25s).
[0m16:05:00.743741 [debug] [MainThread]: Command end result
[0m16:05:00.760345 [debug] [MainThread]: Wrote artifact WritableManifest to C:\Users\antoniou.athanasis\Desktop\adtech-analytics\target\manifest.json
[0m16:05:00.761950 [debug] [MainThread]: Wrote artifact SemanticManifest to C:\Users\antoniou.athanasis\Desktop\adtech-analytics\target\semantic_manifest.json
[0m16:05:00.766151 [debug] [MainThread]: Wrote artifact RunExecutionResult to C:\Users\antoniou.athanasis\Desktop\adtech-analytics\target\run_results.json
[0m16:05:00.766344 [info ] [MainThread]: 
[0m16:05:00.766669 [info ] [MainThread]: [32mCompleted successfully[0m
[0m16:05:00.766920 [info ] [MainThread]: 
[0m16:05:00.767192 [info ] [MainThread]: Done. PASS=1 WARN=0 ERROR=0 SKIP=0 NO-OP=0 TOTAL=1
[0m16:05:00.767751 [debug] [MainThread]: Command `dbt snapshot` succeeded at 16:05:00.767674 after 0.93 seconds
[0m16:05:00.767995 [debug] [MainThread]: Sending event: {'category': 'dbt', 'action': 'invocation', 'label': 'end', 'context': [<snowplow_tracker.self_describing_json.SelfDescribingJson object at 0x00000165078A3EE0>, <snowplow_tracker.self_describing_json.SelfDescribingJson object at 0x000001657F83DBD0>, <snowplow_tracker.self_describing_json.SelfDescribingJson object at 0x000001657DE9D8B0>]}
[0m16:05:00.768214 [debug] [MainThread]: Flushing usage events
[0m16:05:01.530405 [debug] [MainThread]: An error was encountered while trying to flush usage events
[0m16:05:35.829568 [debug] [MainThread]: Sending event: {'category': 'dbt', 'action': 'invocation', 'label': 'start', 'context': [<snowplow_tracker.self_describing_json.SelfDescribingJson object at 0x000001A6C84F9400>, <snowplow_tracker.self_describing_json.SelfDescribingJson object at 0x000001A6C5CD3D90>, <snowplow_tracker.self_describing_json.SelfDescribingJson object at 0x000001A6CA907C50>]}


============================== 16:05:35.832530 | 6f4f1d8e-0371-4fe6-a9bf-1431cc701aeb ==============================
[0m16:05:35.832530 [info ] [MainThread]: Running with dbt=1.11.11
[0m16:05:35.832942 [debug] [MainThread]: running dbt with arguments {'static_parser': 'True', 'no_print': 'None', 'version_check': 'True', 'warn_error_options': 'WarnErrorOptionsV2(error=[], warn=[], silence=[])', 'target_path': 'None', 'printer_width': '80', 'write_json': 'True', 'empty': 'None', 'log_cache_events': 'False', 'introspect': 'True', 'cache_selected_only': 'False', 'log_format': 'default', 'debug': 'False', 'fail_fast': 'False', 'partial_parse': 'True', 'send_anonymous_usage_stats': 'True', 'quiet': 'False', 'warn_error': 'None', 'profiles_dir': 'C:\\Users\\antoniou.athanasis\\Desktop\\adtech-analytics', 'indirect_selection': 'eager', 'use_colors': 'True', 'invocation_command': 'dbt show --inline select advertiser_id, status, dbt_valid_form,', 'use_experimental_parser': 'False', 'log_path': 'C:\\Users\\antoniou.athanasis\\Desktop\\adtech-analytics\\logs'}
[0m16:05:35.970431 [debug] [MainThread]: Sending event: {'category': 'dbt', 'action': 'project_id', 'label': '6f4f1d8e-0371-4fe6-a9bf-1431cc701aeb', 'context': [<snowplow_tracker.self_describing_json.SelfDescribingJson object at 0x000001A6CA9A35C0>]}
[0m16:05:36.013286 [debug] [MainThread]: Sending event: {'category': 'dbt', 'action': 'adapter_info', 'label': '6f4f1d8e-0371-4fe6-a9bf-1431cc701aeb', 'context': [<snowplow_tracker.self_describing_json.SelfDescribingJson object at 0x000001A6C8FE3BD0>]}
[0m16:05:36.020797 [info ] [MainThread]: Registered adapter: duckdb=1.10.1
[0m16:05:36.140661 [debug] [MainThread]: checksum: 30a8cc8fdcbf66701b0944d4ccce3fa46dd04b61e5df68b9f16d57b2e0e3f0be, vars: {}, profile: , target: , version: 1.11.11
[0m16:05:36.284450 [debug] [MainThread]: Partial parsing enabled: 0 files deleted, 0 files added, 0 files changed.
[0m16:05:36.284703 [debug] [MainThread]: Nothing changed, skipping partial parsing.
[0m16:05:36.284848 [debug] [MainThread]: Partial parsing enabled, no changes found, skipping parsing
[0m16:05:36.317820 [debug] [MainThread]: Sending event: {'category': 'dbt', 'action': 'load_project', 'label': '6f4f1d8e-0371-4fe6-a9bf-1431cc701aeb', 'context': [<snowplow_tracker.self_describing_json.SelfDescribingJson object at 0x000001A6CAFB7E50>]}
[0m16:05:36.378731 [debug] [MainThread]: Wrote artifact WritableManifest to C:\Users\antoniou.athanasis\Desktop\adtech-analytics\target\manifest.json
[0m16:05:36.380272 [debug] [MainThread]: Wrote artifact SemanticManifest to C:\Users\antoniou.athanasis\Desktop\adtech-analytics\target\semantic_manifest.json
[0m16:05:36.469282 [debug] [MainThread]: Sending event: {'category': 'dbt', 'action': 'resource_counts', 'label': '6f4f1d8e-0371-4fe6-a9bf-1431cc701aeb', 'context': [<snowplow_tracker.self_describing_json.SelfDescribingJson object at 0x000001A6CB1EEF30>]}
[0m16:05:36.469607 [info ] [MainThread]: Found 4 models, 10 data tests, 1 snapshot, 1 sql operation, 3 sources, 485 macros
[0m16:05:36.469930 [debug] [MainThread]: Sending event: {'category': 'dbt', 'action': 'runnable_timing', 'label': '6f4f1d8e-0371-4fe6-a9bf-1431cc701aeb', 'context': [<snowplow_tracker.self_describing_json.SelfDescribingJson object at 0x000001A6CB319470>]}
[0m16:05:36.471167 [info ] [MainThread]: 
[0m16:05:36.471417 [info ] [MainThread]: Concurrency: 4 threads (target='dev')
[0m16:05:36.471608 [info ] [MainThread]: 
[0m16:05:36.472020 [debug] [MainThread]: Acquiring new duckdb connection 'master'
[0m16:05:36.475257 [debug] [ThreadPool]: Acquiring new duckdb connection 'list_dev_main'
[0m16:05:36.491618 [debug] [ThreadPool]: Acquiring new duckdb connection 'list_dev_snapshots'
[0m16:05:36.526210 [debug] [ThreadPool]: Using duckdb connection "list_dev_main"
[0m16:05:36.526769 [debug] [ThreadPool]: On list_dev_main: BEGIN
[0m16:05:36.526935 [debug] [ThreadPool]: Opening a new connection, currently in state init
[0m16:05:36.526522 [debug] [ThreadPool]: Using duckdb connection "list_dev_snapshots"
[0m16:05:36.527161 [debug] [ThreadPool]: On list_dev_snapshots: BEGIN
[0m16:05:36.527322 [debug] [ThreadPool]: Opening a new connection, currently in state init
[0m16:05:36.542496 [debug] [ThreadPool]: SQL status: OK in 0.015 seconds
[0m16:05:36.542981 [debug] [ThreadPool]: Using duckdb connection "list_dev_main"
[0m16:05:36.543155 [debug] [ThreadPool]: On list_dev_main: /* {"app": "dbt", "dbt_version": "1.11.11", "profile_name": "adtech", "target_name": "dev", "connection_name": "list_dev_main"} */
select
      'dev' as database,
      table_name as name,
      table_schema as schema,
      CASE table_type
        WHEN 'BASE TABLE' THEN 'table'
        WHEN 'VIEW' THEN 'view'
        WHEN 'LOCAL TEMPORARY' THEN 'table'
        END as type
    from system.information_schema.tables
    where lower(table_schema) = 'main'
    and lower(table_catalog) = 'dev'
  
[0m16:05:36.542798 [debug] [ThreadPool]: SQL status: OK in 0.015 seconds
[0m16:05:36.543415 [debug] [ThreadPool]: Using duckdb connection "list_dev_snapshots"
[0m16:05:36.543578 [debug] [ThreadPool]: On list_dev_snapshots: /* {"app": "dbt", "dbt_version": "1.11.11", "profile_name": "adtech", "target_name": "dev", "connection_name": "list_dev_snapshots"} */
select
      'dev' as database,
      table_name as name,
      table_schema as schema,
      CASE table_type
        WHEN 'BASE TABLE' THEN 'table'
        WHEN 'VIEW' THEN 'view'
        WHEN 'LOCAL TEMPORARY' THEN 'table'
        END as type
    from system.information_schema.tables
    where lower(table_schema) = 'snapshots'
    and lower(table_catalog) = 'dev'
  
[0m16:05:36.545823 [debug] [ThreadPool]: SQL status: OK in 0.002 seconds
[0m16:05:36.546064 [debug] [ThreadPool]: SQL status: OK in 0.003 seconds
[0m16:05:36.546803 [debug] [ThreadPool]: On list_dev_snapshots: ROLLBACK
[0m16:05:36.547455 [debug] [ThreadPool]: On list_dev_main: ROLLBACK
[0m16:05:36.548057 [debug] [ThreadPool]: Failed to rollback 'list_dev_snapshots'
[0m16:05:36.548299 [debug] [ThreadPool]: On list_dev_snapshots: Close
[0m16:05:36.548574 [debug] [ThreadPool]: Failed to rollback 'list_dev_main'
[0m16:05:36.548891 [debug] [ThreadPool]: On list_dev_main: Close
[0m16:05:36.549757 [debug] [MainThread]: Sending event: {'category': 'dbt', 'action': 'runnable_timing', 'label': '6f4f1d8e-0371-4fe6-a9bf-1431cc701aeb', 'context': [<snowplow_tracker.self_describing_json.SelfDescribingJson object at 0x000001A6CB570D50>]}
[0m16:05:36.551866 [debug] [Thread-1 (]: Began running node sql_operation.adtech.inline_query
[0m16:05:36.552142 [debug] [Thread-1 (]: Acquiring new duckdb connection 'sql_operation.adtech.inline_query'
[0m16:05:36.552324 [debug] [Thread-1 (]: Began compiling node sql_operation.adtech.inline_query
[0m16:05:36.555675 [debug] [Thread-1 (]: Writing injected SQL for node "sql_operation.adtech.inline_query"
[0m16:05:36.556525 [debug] [Thread-1 (]: Began executing node sql_operation.adtech.inline_query
[0m16:05:36.560315 [debug] [Thread-1 (]: Using duckdb connection "sql_operation.adtech.inline_query"
[0m16:05:36.560549 [debug] [Thread-1 (]: On sql_operation.adtech.inline_query: /* {"app": "dbt", "dbt_version": "1.11.11", "profile_name": "adtech", "target_name": "dev", "node_id": "sql_operation.adtech.inline_query"} */

  
  select advertiser_id, status, dbt_valid_form,
  
  limit 5

[0m16:05:36.560727 [debug] [Thread-1 (]: Opening a new connection, currently in state init
[0m16:05:36.561547 [debug] [Thread-1 (]: DuckDB adapter: duckdb error: Binder Error: Referenced column "advertiser_id" was not found because the FROM clause is missing

LINE 4:   select advertiser_id, status, dbt_valid_form,
                 ^
[0m16:05:36.561754 [debug] [Thread-1 (]: DuckDB adapter: Error running SQL: /* {"app": "dbt", "dbt_version": "1.11.11", "profile_name": "adtech", "target_name": "dev", "node_id": "sql_operation.adtech.inline_query"} */

  
  select advertiser_id, status, dbt_valid_form,
  
  limit 5

[0m16:05:36.561938 [debug] [Thread-1 (]: DuckDB adapter: Rolling back transaction.
[0m16:05:36.562128 [debug] [Thread-1 (]: On sql_operation.adtech.inline_query: Close
[0m16:05:36.574476 [debug] [Thread-1 (]: Runtime Error in sql_operation inline_query (from remote system.sql)
  Binder Error: Referenced column "advertiser_id" was not found because the FROM clause is missing
  
  LINE 4:   select advertiser_id, status, dbt_valid_form,
                   ^
[0m16:05:36.574849 [debug] [Thread-1 (]: Finished running node sql_operation.adtech.inline_query
[0m16:05:36.575194 [debug] [Thread-7 (]: Marking all children of 'sql_operation.adtech.inline_query' to be skipped because of status 'error'.  Reason: Runtime Error in sql_operation inline_query (from remote system.sql)
  Binder Error: Referenced column "advertiser_id" was not found because the FROM clause is missing
  
  LINE 4:   select advertiser_id, status, dbt_valid_form,
                   ^.
[0m16:05:36.575777 [debug] [MainThread]: Connection 'master' was properly closed.
[0m16:05:36.575996 [debug] [MainThread]: Connection 'list_dev_main' was properly closed.
[0m16:05:36.576178 [debug] [MainThread]: Connection 'list_dev_snapshots' was properly closed.
[0m16:05:36.576325 [debug] [MainThread]: Connection 'sql_operation.adtech.inline_query' was properly closed.
[0m16:05:36.576592 [error] [MainThread]: Encountered an error:
Runtime Error
  Runtime Error in sql_operation inline_query (from remote system.sql)
    Binder Error: Referenced column "advertiser_id" was not found because the FROM clause is missing
    
    LINE 4:   select advertiser_id, status, dbt_valid_form,
                     ^
[0m16:05:36.577088 [debug] [MainThread]: Command `dbt show` failed at 16:05:36.577021 after 0.83 seconds
[0m16:05:36.577285 [debug] [MainThread]: Sending event: {'category': 'dbt', 'action': 'invocation', 'label': 'end', 'context': [<snowplow_tracker.self_describing_json.SelfDescribingJson object at 0x000001A6CB012ED0>, <snowplow_tracker.self_describing_json.SelfDescribingJson object at 0x000001A6CB6F6D00>, <snowplow_tracker.self_describing_json.SelfDescribingJson object at 0x000001A6CB6F68E0>]}
[0m16:05:36.577482 [debug] [MainThread]: Flushing usage events
[0m16:05:37.395165 [debug] [MainThread]: An error was encountered while trying to flush usage events
[0m16:06:50.536479 [debug] [MainThread]: Sending event: {'category': 'dbt', 'action': 'invocation', 'label': 'start', 'context': [<snowplow_tracker.self_describing_json.SelfDescribingJson object at 0x000001CE51279400>, <snowplow_tracker.self_describing_json.SelfDescribingJson object at 0x000001CE4EA53D90>, <snowplow_tracker.self_describing_json.SelfDescribingJson object at 0x000001CE53687C50>]}


============================== 16:06:50.539395 | d9256dc8-3b33-4c7e-9015-dedd8af43ea4 ==============================
[0m16:06:50.539395 [info ] [MainThread]: Running with dbt=1.11.11
[0m16:06:50.539799 [debug] [MainThread]: running dbt with arguments {'version_check': 'True', 'no_print': 'None', 'static_parser': 'True', 'target_path': 'None', 'warn_error_options': 'WarnErrorOptionsV2(error=[], warn=[], silence=[])', 'printer_width': '80', 'write_json': 'True', 'introspect': 'True', 'log_cache_events': 'False', 'empty': 'None', 'cache_selected_only': 'False', 'log_format': 'default', 'debug': 'False', 'fail_fast': 'False', 'partial_parse': 'True', 'send_anonymous_usage_stats': 'True', 'quiet': 'False', 'warn_error': 'None', 'profiles_dir': '.', 'invocation_command': 'dbt show --inline select advertiser_id, status, dbt_valid_from, dbt_valid_to from snapshots.snap_advertisers where advertiser_id = 1 order by dbt_valid_from --profiles-dir .', 'indirect_selection': 'eager', 'use_colors': 'True', 'use_experimental_parser': 'False', 'log_path': 'C:\\Users\\antoniou.athanasis\\Desktop\\adtech-analytics\\logs'}
[0m16:06:50.673582 [debug] [MainThread]: Sending event: {'category': 'dbt', 'action': 'project_id', 'label': 'd9256dc8-3b33-4c7e-9015-dedd8af43ea4', 'context': [<snowplow_tracker.self_describing_json.SelfDescribingJson object at 0x000001CE537235C0>]}
[0m16:06:50.715042 [debug] [MainThread]: Sending event: {'category': 'dbt', 'action': 'adapter_info', 'label': 'd9256dc8-3b33-4c7e-9015-dedd8af43ea4', 'context': [<snowplow_tracker.self_describing_json.SelfDescribingJson object at 0x000001CE51D63BD0>]}
[0m16:06:50.722284 [info ] [MainThread]: Registered adapter: duckdb=1.10.1
[0m16:06:50.848098 [debug] [MainThread]: checksum: 30a8cc8fdcbf66701b0944d4ccce3fa46dd04b61e5df68b9f16d57b2e0e3f0be, vars: {}, profile: , target: , version: 1.11.11
[0m16:06:50.990258 [debug] [MainThread]: Partial parsing enabled: 0 files deleted, 0 files added, 0 files changed.
[0m16:06:50.990510 [debug] [MainThread]: Nothing changed, skipping partial parsing.
[0m16:06:50.990657 [debug] [MainThread]: Partial parsing enabled, no changes found, skipping parsing
[0m16:06:51.023934 [debug] [MainThread]: Sending event: {'category': 'dbt', 'action': 'load_project', 'label': 'd9256dc8-3b33-4c7e-9015-dedd8af43ea4', 'context': [<snowplow_tracker.self_describing_json.SelfDescribingJson object at 0x000001CE53D07E50>]}
[0m16:06:51.084699 [debug] [MainThread]: Wrote artifact WritableManifest to C:\Users\antoniou.athanasis\Desktop\adtech-analytics\target\manifest.json
[0m16:06:51.086230 [debug] [MainThread]: Wrote artifact SemanticManifest to C:\Users\antoniou.athanasis\Desktop\adtech-analytics\target\semantic_manifest.json
[0m16:06:51.176813 [debug] [MainThread]: Sending event: {'category': 'dbt', 'action': 'resource_counts', 'label': 'd9256dc8-3b33-4c7e-9015-dedd8af43ea4', 'context': [<snowplow_tracker.self_describing_json.SelfDescribingJson object at 0x000001CE53F4AF30>]}
[0m16:06:51.177130 [info ] [MainThread]: Found 4 models, 10 data tests, 1 snapshot, 1 sql operation, 3 sources, 485 macros
[0m16:06:51.177394 [debug] [MainThread]: Sending event: {'category': 'dbt', 'action': 'runnable_timing', 'label': 'd9256dc8-3b33-4c7e-9015-dedd8af43ea4', 'context': [<snowplow_tracker.self_describing_json.SelfDescribingJson object at 0x000001CE54049550>]}
[0m16:06:51.178591 [info ] [MainThread]: 
[0m16:06:51.178834 [info ] [MainThread]: Concurrency: 4 threads (target='dev')
[0m16:06:51.179025 [info ] [MainThread]: 
[0m16:06:51.179307 [debug] [MainThread]: Acquiring new duckdb connection 'master'
[0m16:06:51.182088 [debug] [ThreadPool]: Acquiring new duckdb connection 'list_dev_snapshots'
[0m16:06:51.198296 [debug] [ThreadPool]: Acquiring new duckdb connection 'list_dev_main'
[0m16:06:51.233933 [debug] [ThreadPool]: Using duckdb connection "list_dev_snapshots"
[0m16:06:51.234421 [debug] [ThreadPool]: On list_dev_snapshots: BEGIN
[0m16:06:51.234613 [debug] [ThreadPool]: Opening a new connection, currently in state init
[0m16:06:51.234211 [debug] [ThreadPool]: Using duckdb connection "list_dev_main"
[0m16:06:51.234852 [debug] [ThreadPool]: On list_dev_main: BEGIN
[0m16:06:51.235020 [debug] [ThreadPool]: Opening a new connection, currently in state init
[0m16:06:51.244326 [debug] [ThreadPool]: SQL status: OK in 0.009 seconds
[0m16:06:51.244780 [debug] [ThreadPool]: Using duckdb connection "list_dev_main"
[0m16:06:51.244984 [debug] [ThreadPool]: On list_dev_main: /* {"app": "dbt", "dbt_version": "1.11.11", "profile_name": "adtech", "target_name": "dev", "connection_name": "list_dev_main"} */
select
      'dev' as database,
      table_name as name,
      table_schema as schema,
      CASE table_type
        WHEN 'BASE TABLE' THEN 'table'
        WHEN 'VIEW' THEN 'view'
        WHEN 'LOCAL TEMPORARY' THEN 'table'
        END as type
    from system.information_schema.tables
    where lower(table_schema) = 'main'
    and lower(table_catalog) = 'dev'
  
[0m16:06:51.244598 [debug] [ThreadPool]: SQL status: OK in 0.010 seconds
[0m16:06:51.245240 [debug] [ThreadPool]: Using duckdb connection "list_dev_snapshots"
[0m16:06:51.245400 [debug] [ThreadPool]: On list_dev_snapshots: /* {"app": "dbt", "dbt_version": "1.11.11", "profile_name": "adtech", "target_name": "dev", "connection_name": "list_dev_snapshots"} */
select
      'dev' as database,
      table_name as name,
      table_schema as schema,
      CASE table_type
        WHEN 'BASE TABLE' THEN 'table'
        WHEN 'VIEW' THEN 'view'
        WHEN 'LOCAL TEMPORARY' THEN 'table'
        END as type
    from system.information_schema.tables
    where lower(table_schema) = 'snapshots'
    and lower(table_catalog) = 'dev'
  
[0m16:06:51.247719 [debug] [ThreadPool]: SQL status: OK in 0.003 seconds
[0m16:06:51.247949 [debug] [ThreadPool]: SQL status: OK in 0.002 seconds
[0m16:06:51.248734 [debug] [ThreadPool]: On list_dev_main: ROLLBACK
[0m16:06:51.249284 [debug] [ThreadPool]: On list_dev_snapshots: ROLLBACK
[0m16:06:51.249963 [debug] [ThreadPool]: Failed to rollback 'list_dev_main'
[0m16:06:51.250620 [debug] [ThreadPool]: On list_dev_main: Close
[0m16:06:51.250350 [debug] [ThreadPool]: Failed to rollback 'list_dev_snapshots'
[0m16:06:51.250945 [debug] [ThreadPool]: On list_dev_snapshots: Close
[0m16:06:51.251792 [debug] [MainThread]: Sending event: {'category': 'dbt', 'action': 'runnable_timing', 'label': 'd9256dc8-3b33-4c7e-9015-dedd8af43ea4', 'context': [<snowplow_tracker.self_describing_json.SelfDescribingJson object at 0x000001CE542C4D50>]}
[0m16:06:51.253940 [debug] [Thread-1 (]: Began running node sql_operation.adtech.inline_query
[0m16:06:51.254220 [debug] [Thread-1 (]: Acquiring new duckdb connection 'sql_operation.adtech.inline_query'
[0m16:06:51.254399 [debug] [Thread-1 (]: Began compiling node sql_operation.adtech.inline_query
[0m16:06:51.257578 [debug] [Thread-1 (]: Writing injected SQL for node "sql_operation.adtech.inline_query"
[0m16:06:51.258082 [debug] [Thread-1 (]: Began executing node sql_operation.adtech.inline_query
[0m16:06:51.261801 [debug] [Thread-1 (]: Using duckdb connection "sql_operation.adtech.inline_query"
[0m16:06:51.262008 [debug] [Thread-1 (]: On sql_operation.adtech.inline_query: /* {"app": "dbt", "dbt_version": "1.11.11", "profile_name": "adtech", "target_name": "dev", "node_id": "sql_operation.adtech.inline_query"} */

  
  select advertiser_id, status, dbt_valid_from, dbt_valid_to from snapshots.snap_advertisers where advertiser_id = 1 order by dbt_valid_from
  
  limit 5

[0m16:06:51.262184 [debug] [Thread-1 (]: Opening a new connection, currently in state init
[0m16:06:51.263973 [debug] [Thread-1 (]: SQL status: OK in 0.002 seconds
[0m16:06:51.265233 [debug] [Thread-1 (]: On sql_operation.adtech.inline_query: Close
[0m16:06:51.265615 [debug] [Thread-1 (]: Finished running node sql_operation.adtech.inline_query
[0m16:06:51.266359 [debug] [MainThread]: Connection 'master' was properly closed.
[0m16:06:51.266524 [debug] [MainThread]: Connection 'list_dev_snapshots' was properly closed.
[0m16:06:51.266653 [debug] [MainThread]: Connection 'list_dev_main' was properly closed.
[0m16:06:51.266774 [debug] [MainThread]: Connection 'sql_operation.adtech.inline_query' was properly closed.
[0m16:06:51.267092 [debug] [MainThread]: Command end result
[0m16:06:51.283735 [debug] [MainThread]: Wrote artifact WritableManifest to C:\Users\antoniou.athanasis\Desktop\adtech-analytics\target\manifest.json
[0m16:06:51.285181 [debug] [MainThread]: Wrote artifact SemanticManifest to C:\Users\antoniou.athanasis\Desktop\adtech-analytics\target\semantic_manifest.json
[0m16:06:51.289303 [debug] [MainThread]: Wrote artifact RunExecutionResult to C:\Users\antoniou.athanasis\Desktop\adtech-analytics\target\run_results.json
[0m16:06:51.289546 [info ] [MainThread]: Previewing inline node:
| advertiser_id | status |       dbt_valid_from |         dbt_valid_to |
| ------------- | ------ | -------------------- | -------------------- |
|             1 | active | 2026-06-04 16:04:... | 2026-06-04 16:05:... |
|             1 | paused | 2026-06-04 16:05:... |                      |

[0m16:06:51.290085 [debug] [MainThread]: Command `dbt show` succeeded at 16:06:51.290018 after 0.83 seconds
[0m16:06:51.290296 [debug] [MainThread]: Sending event: {'category': 'dbt', 'action': 'invocation', 'label': 'end', 'context': [<snowplow_tracker.self_describing_json.SelfDescribingJson object at 0x000001CE53D4F410>, <snowplow_tracker.self_describing_json.SelfDescribingJson object at 0x000001CE54325F40>, <snowplow_tracker.self_describing_json.SelfDescribingJson object at 0x000001CE54326360>]}
[0m16:06:51.290490 [debug] [MainThread]: Flushing usage events
[0m16:06:52.125782 [debug] [MainThread]: An error was encountered while trying to flush usage events
[0m16:21:25.177922 [debug] [MainThread]: Sending event: {'category': 'dbt', 'action': 'invocation', 'label': 'start', 'context': [<snowplow_tracker.self_describing_json.SelfDescribingJson object at 0x0000022C19039400>, <snowplow_tracker.self_describing_json.SelfDescribingJson object at 0x0000022C16823D90>, <snowplow_tracker.self_describing_json.SelfDescribingJson object at 0x0000022C1B443C50>]}


============================== 16:21:25.180884 | 2acbf95f-9fed-4806-ad80-2cf3c620ac8f ==============================
[0m16:21:25.180884 [info ] [MainThread]: Running with dbt=1.11.11
[0m16:21:25.181385 [debug] [MainThread]: running dbt with arguments {'static_parser': 'True', 'no_print': 'None', 'version_check': 'True', 'warn_error_options': 'WarnErrorOptionsV2(error=[], warn=[], silence=[])', 'target_path': 'None', 'printer_width': '80', 'write_json': 'True', 'introspect': 'True', 'log_cache_events': 'False', 'empty': 'False', 'cache_selected_only': 'False', 'fail_fast': 'False', 'debug': 'False', 'log_format': 'default', 'profiles_dir': '.', 'send_anonymous_usage_stats': 'True', 'quiet': 'False', 'warn_error': 'None', 'partial_parse': 'True', 'invocation_command': 'dbt snapshot --profiles-dir .', 'indirect_selection': 'eager', 'use_colors': 'True', 'use_experimental_parser': 'False', 'log_path': 'C:\\Users\\antoniou.athanasis\\Desktop\\adtech-analytics\\logs'}
[0m16:21:25.316718 [debug] [MainThread]: Sending event: {'category': 'dbt', 'action': 'project_id', 'label': '2acbf95f-9fed-4806-ad80-2cf3c620ac8f', 'context': [<snowplow_tracker.self_describing_json.SelfDescribingJson object at 0x0000022C1B4C35C0>]}
[0m16:21:25.357772 [debug] [MainThread]: Sending event: {'category': 'dbt', 'action': 'adapter_info', 'label': '2acbf95f-9fed-4806-ad80-2cf3c620ac8f', 'context': [<snowplow_tracker.self_describing_json.SelfDescribingJson object at 0x0000022C19B1FBD0>]}
[0m16:21:25.359251 [info ] [MainThread]: Registered adapter: duckdb=1.10.1
[0m16:21:25.482850 [debug] [MainThread]: checksum: 30a8cc8fdcbf66701b0944d4ccce3fa46dd04b61e5df68b9f16d57b2e0e3f0be, vars: {}, profile: , target: , version: 1.11.11
[0m16:21:25.625796 [debug] [MainThread]: Partial parsing enabled: 0 files deleted, 0 files added, 0 files changed.
[0m16:21:25.626106 [debug] [MainThread]: Nothing changed, skipping partial parsing.
[0m16:21:25.626265 [debug] [MainThread]: Partial parsing enabled, no changes found, skipping parsing
[0m16:21:25.660173 [debug] [MainThread]: Sending event: {'category': 'dbt', 'action': 'load_project', 'label': '2acbf95f-9fed-4806-ad80-2cf3c620ac8f', 'context': [<snowplow_tracker.self_describing_json.SelfDescribingJson object at 0x0000022C1BABB650>]}
[0m16:21:25.721868 [debug] [MainThread]: Wrote artifact WritableManifest to C:\Users\antoniou.athanasis\Desktop\adtech-analytics\target\manifest.json
[0m16:21:25.723346 [debug] [MainThread]: Wrote artifact SemanticManifest to C:\Users\antoniou.athanasis\Desktop\adtech-analytics\target\semantic_manifest.json
[0m16:21:25.730662 [debug] [MainThread]: Sending event: {'category': 'dbt', 'action': 'resource_counts', 'label': '2acbf95f-9fed-4806-ad80-2cf3c620ac8f', 'context': [<snowplow_tracker.self_describing_json.SelfDescribingJson object at 0x0000022C1BB33200>]}
[0m16:21:25.730929 [info ] [MainThread]: Found 4 models, 10 data tests, 1 snapshot, 3 sources, 485 macros
[0m16:21:25.731190 [debug] [MainThread]: Sending event: {'category': 'dbt', 'action': 'runnable_timing', 'label': '2acbf95f-9fed-4806-ad80-2cf3c620ac8f', 'context': [<snowplow_tracker.self_describing_json.SelfDescribingJson object at 0x0000022C1BC4F850>]}
[0m16:21:25.732398 [info ] [MainThread]: 
[0m16:21:25.732638 [info ] [MainThread]: Concurrency: 4 threads (target='dev')
[0m16:21:25.732832 [info ] [MainThread]: 
[0m16:21:25.733146 [debug] [MainThread]: Acquiring new duckdb connection 'master'
[0m16:21:25.733748 [debug] [ThreadPool]: Acquiring new duckdb connection 'list_dev'
[0m16:21:25.787258 [debug] [ThreadPool]: Using duckdb connection "list_dev"
[0m16:21:25.787525 [debug] [ThreadPool]: On list_dev: /* {"app": "dbt", "dbt_version": "1.11.11", "profile_name": "adtech", "target_name": "dev", "connection_name": "list_dev"} */

    
    select schema_name
    from system.information_schema.schemata
    
    where lower(catalog_name) = '"dev"'
    
  
  
[0m16:21:25.787681 [debug] [ThreadPool]: Opening a new connection, currently in state init
[0m16:21:25.797958 [debug] [ThreadPool]: SQL status: OK in 0.010 seconds
[0m16:21:25.798678 [debug] [ThreadPool]: On list_dev: Close
[0m16:21:25.799093 [debug] [ThreadPool]: Re-using an available connection from the pool (formerly list_dev, now create_dev_snapshots)
[0m16:21:25.799352 [debug] [ThreadPool]: Creating schema "database: "dev"
schema: "snapshots"
"
[0m16:21:25.802976 [debug] [ThreadPool]: Using duckdb connection "create_dev_snapshots"
[0m16:21:25.803180 [debug] [ThreadPool]: On create_dev_snapshots: /* {"app": "dbt", "dbt_version": "1.11.11", "profile_name": "adtech", "target_name": "dev", "connection_name": "create_dev_snapshots"} */

    
        select type from duckdb_databases()
        where lower(database_name)='dev'
        and type='sqlite'
    
  
[0m16:21:25.803330 [debug] [ThreadPool]: Opening a new connection, currently in state closed
[0m16:21:25.803902 [debug] [ThreadPool]: SQL status: OK in 0.001 seconds
[0m16:21:25.804581 [debug] [ThreadPool]: Using duckdb connection "create_dev_snapshots"
[0m16:21:25.804746 [debug] [ThreadPool]: On create_dev_snapshots: BEGIN
[0m16:21:25.804996 [debug] [ThreadPool]: SQL status: OK in 0.000 seconds
[0m16:21:25.805153 [debug] [ThreadPool]: Using duckdb connection "create_dev_snapshots"
[0m16:21:25.805293 [debug] [ThreadPool]: On create_dev_snapshots: /* {"app": "dbt", "dbt_version": "1.11.11", "profile_name": "adtech", "target_name": "dev", "connection_name": "create_dev_snapshots"} */

    
    
        create schema if not exists "dev"."snapshots"
    
[0m16:21:25.805575 [debug] [ThreadPool]: SQL status: OK in 0.000 seconds
[0m16:21:25.805972 [debug] [ThreadPool]: On create_dev_snapshots: COMMIT
[0m16:21:25.806124 [debug] [ThreadPool]: Using duckdb connection "create_dev_snapshots"
[0m16:21:25.806256 [debug] [ThreadPool]: On create_dev_snapshots: COMMIT
[0m16:21:25.806482 [debug] [ThreadPool]: SQL status: OK in 0.000 seconds
[0m16:21:25.806641 [debug] [ThreadPool]: On create_dev_snapshots: Close
[0m16:21:25.809662 [debug] [ThreadPool]: Acquiring new duckdb connection 'list_dev_main'
[0m16:21:25.812648 [debug] [ThreadPool]: Using duckdb connection "list_dev_main"
[0m16:21:25.813248 [debug] [ThreadPool]: On list_dev_main: BEGIN
[0m16:21:25.813457 [debug] [ThreadPool]: Opening a new connection, currently in state init
[0m16:21:25.813001 [debug] [ThreadPool]: Acquiring new duckdb connection 'list_dev_snapshots'
[0m16:21:25.814413 [debug] [ThreadPool]: Using duckdb connection "list_dev_snapshots"
[0m16:21:25.814584 [debug] [ThreadPool]: On list_dev_snapshots: BEGIN
[0m16:21:25.814899 [debug] [ThreadPool]: Opening a new connection, currently in state init
[0m16:21:25.814738 [debug] [ThreadPool]: SQL status: OK in 0.001 seconds
[0m16:21:25.815129 [debug] [ThreadPool]: Using duckdb connection "list_dev_main"
[0m16:21:25.815286 [debug] [ThreadPool]: On list_dev_main: /* {"app": "dbt", "dbt_version": "1.11.11", "profile_name": "adtech", "target_name": "dev", "connection_name": "list_dev_main"} */
select
      'dev' as database,
      table_name as name,
      table_schema as schema,
      CASE table_type
        WHEN 'BASE TABLE' THEN 'table'
        WHEN 'VIEW' THEN 'view'
        WHEN 'LOCAL TEMPORARY' THEN 'table'
        END as type
    from system.information_schema.tables
    where lower(table_schema) = 'main'
    and lower(table_catalog) = 'dev'
  
[0m16:21:25.815449 [debug] [ThreadPool]: SQL status: OK in 0.001 seconds
[0m16:21:25.815702 [debug] [ThreadPool]: Using duckdb connection "list_dev_snapshots"
[0m16:21:25.815858 [debug] [ThreadPool]: On list_dev_snapshots: /* {"app": "dbt", "dbt_version": "1.11.11", "profile_name": "adtech", "target_name": "dev", "connection_name": "list_dev_snapshots"} */
select
      'dev' as database,
      table_name as name,
      table_schema as schema,
      CASE table_type
        WHEN 'BASE TABLE' THEN 'table'
        WHEN 'VIEW' THEN 'view'
        WHEN 'LOCAL TEMPORARY' THEN 'table'
        END as type
    from system.information_schema.tables
    where lower(table_schema) = 'snapshots'
    and lower(table_catalog) = 'dev'
  
[0m16:21:25.817853 [debug] [ThreadPool]: SQL status: OK in 0.002 seconds
[0m16:21:25.818083 [debug] [ThreadPool]: SQL status: OK in 0.002 seconds
[0m16:21:25.818690 [debug] [ThreadPool]: On list_dev_snapshots: ROLLBACK
[0m16:21:25.819308 [debug] [ThreadPool]: On list_dev_main: ROLLBACK
[0m16:21:25.819903 [debug] [ThreadPool]: Failed to rollback 'list_dev_snapshots'
[0m16:21:25.820367 [debug] [ThreadPool]: On list_dev_snapshots: Close
[0m16:21:25.820192 [debug] [ThreadPool]: Failed to rollback 'list_dev_main'
[0m16:21:25.820620 [debug] [ThreadPool]: On list_dev_main: Close
[0m16:21:25.821406 [debug] [MainThread]: Sending event: {'category': 'dbt', 'action': 'runnable_timing', 'label': '2acbf95f-9fed-4806-ad80-2cf3c620ac8f', 'context': [<snowplow_tracker.self_describing_json.SelfDescribingJson object at 0x0000022C1BE6AB60>]}
[0m16:21:25.821659 [debug] [MainThread]: Using duckdb connection "master"
[0m16:21:25.821807 [debug] [MainThread]: On master: BEGIN
[0m16:21:25.821934 [debug] [MainThread]: Opening a new connection, currently in state init
[0m16:21:25.822191 [debug] [MainThread]: SQL status: OK in 0.000 seconds
[0m16:21:25.822349 [debug] [MainThread]: On master: COMMIT
[0m16:21:25.822483 [debug] [MainThread]: Using duckdb connection "master"
[0m16:21:25.822607 [debug] [MainThread]: On master: COMMIT
[0m16:21:25.822827 [debug] [MainThread]: SQL status: OK in 0.000 seconds
[0m16:21:25.822983 [debug] [MainThread]: On master: Close
[0m16:21:25.825070 [debug] [Thread-1 (]: Began running node snapshot.adtech.snap_advertisers
[0m16:21:25.825348 [info ] [Thread-1 (]: 1 of 1 START snapshot snapshots.snap_advertisers ............................... [RUN]
[0m16:21:25.825707 [debug] [Thread-1 (]: Acquiring new duckdb connection 'snapshot.adtech.snap_advertisers'
[0m16:21:25.825901 [debug] [Thread-1 (]: Began compiling node snapshot.adtech.snap_advertisers
[0m16:21:25.830149 [debug] [Thread-1 (]: Began executing node snapshot.adtech.snap_advertisers
[0m16:21:25.860067 [debug] [Thread-1 (]: Using duckdb connection "snapshot.adtech.snap_advertisers"
[0m16:21:25.860326 [debug] [Thread-1 (]: On snapshot.adtech.snap_advertisers: /* {"app": "dbt", "dbt_version": "1.11.11", "profile_name": "adtech", "target_name": "dev", "node_id": "snapshot.adtech.snap_advertisers"} */
select * from (
        select status from (
                



select * from "dev"."main"."stg_advertisers"

            ) subq
    ) as __dbt_sbq
    where false
    limit 0

    
[0m16:21:25.860520 [debug] [Thread-1 (]: Opening a new connection, currently in state init
[0m16:21:25.861691 [debug] [Thread-1 (]: SQL status: OK in 0.001 seconds
[0m16:21:25.865470 [debug] [Thread-1 (]: Using duckdb connection "snapshot.adtech.snap_advertisers"
[0m16:21:25.865693 [debug] [Thread-1 (]: On snapshot.adtech.snap_advertisers: BEGIN
[0m16:21:25.866002 [debug] [Thread-1 (]: SQL status: OK in 0.000 seconds
[0m16:21:25.866202 [debug] [Thread-1 (]: Using duckdb connection "snapshot.adtech.snap_advertisers"
[0m16:21:25.866387 [debug] [Thread-1 (]: On snapshot.adtech.snap_advertisers: /* {"app": "dbt", "dbt_version": "1.11.11", "profile_name": "adtech", "target_name": "dev", "node_id": "snapshot.adtech.snap_advertisers"} */

      select
          column_name,
          data_type,
          character_maximum_length,
          numeric_precision,
          numeric_scale

      from system.information_schema.columns
      where table_name = 'snap_advertisers'
      
      and lower(table_schema) = 'snapshots'
      
      
      and lower(table_catalog) = 'dev'
      
      order by ordinal_position

  
[0m16:21:25.872731 [debug] [Thread-1 (]: SQL status: OK in 0.006 seconds
[0m16:21:25.876751 [debug] [Thread-1 (]: Using duckdb connection "snapshot.adtech.snap_advertisers"
[0m16:21:25.876953 [debug] [Thread-1 (]: On snapshot.adtech.snap_advertisers: /* {"app": "dbt", "dbt_version": "1.11.11", "profile_name": "adtech", "target_name": "dev", "node_id": "snapshot.adtech.snap_advertisers"} */

      select
          column_name,
          data_type,
          character_maximum_length,
          numeric_precision,
          numeric_scale

      from system.information_schema.columns
      where table_name = 'snap_advertisers'
      
      and lower(table_schema) = 'snapshots'
      
      
      and lower(table_catalog) = 'dev'
      
      order by ordinal_position

  
[0m16:21:25.878725 [debug] [Thread-1 (]: SQL status: OK in 0.002 seconds
[0m16:21:25.905182 [debug] [Thread-1 (]: Using duckdb connection "snapshot.adtech.snap_advertisers"
[0m16:21:25.905446 [debug] [Thread-1 (]: On snapshot.adtech.snap_advertisers: /* {"app": "dbt", "dbt_version": "1.11.11", "profile_name": "adtech", "target_name": "dev", "node_id": "snapshot.adtech.snap_advertisers"} */

        
  
    
    

    create  table
      "snap_advertisers__dbt_tmp20260604162125900734"
  
    as (
      
    
    with snapshot_query as (

        



select * from "dev"."main"."stg_advertisers"


    ),

    snapshotted_data as (

        select *, 
    
        advertiser_id as dbt_unique_key
    

        from "dev"."snapshots"."snap_advertisers"
        where
            
                dbt_valid_to is null
            

    ),

    insertions_source_data as (

        select *, 
    
        advertiser_id as dbt_unique_key
    
,
            now()::timestamp as dbt_updated_at,
            now()::timestamp as dbt_valid_from,
            
  
  coalesce(nullif(now()::timestamp, now()::timestamp), null)
  as dbt_valid_to
,
            md5(coalesce(cast(advertiser_id as varchar ), '')
         || '|' || coalesce(cast(now()::timestamp as varchar ), '')
        ) as dbt_scd_id

        from snapshot_query
    ),

    updates_source_data as (

        select *, 
    
        advertiser_id as dbt_unique_key
    
,
            now()::timestamp as dbt_updated_at,
            now()::timestamp as dbt_valid_from,
            now()::timestamp as dbt_valid_to

        from snapshot_query
    ),

    insertions as (

        select
            'insert' as dbt_change_type,
            source_data.*

        from insertions_source_data as source_data
        left outer join snapshotted_data
            on 
    
        snapshotted_data.dbt_unique_key = source_data.dbt_unique_key
    

            where 
    
        snapshotted_data.dbt_unique_key is null
    

            or (
    
        snapshotted_data.dbt_unique_key is not null
    
 and (
               (snapshotted_data."status" != source_data."status"
        or
        (
            ((snapshotted_data."status" is null) and not (source_data."status" is null))
            or
            ((not snapshotted_data."status" is null) and (source_data."status" is null))
        ))
            )

        )

    ),

    updates as (

        select
            'update' as dbt_change_type,
            source_data.*,
            snapshotted_data.dbt_scd_id

        from updates_source_data as source_data
        join snapshotted_data
            on 
    
        snapshotted_data.dbt_unique_key = source_data.dbt_unique_key
    

        where (
            (snapshotted_data."status" != source_data."status"
        or
        (
            ((snapshotted_data."status" is null) and not (source_data."status" is null))
            or
            ((not snapshotted_data."status" is null) and (source_data."status" is null))
        ))
        )
    )

    select * from insertions
    union all
    select * from updates

    );
  
  
    
[0m16:21:25.909179 [debug] [Thread-1 (]: SQL status: OK in 0.003 seconds
[0m16:21:25.910418 [debug] [Thread-1 (]: Using duckdb connection "snapshot.adtech.snap_advertisers"
[0m16:21:25.910619 [debug] [Thread-1 (]: On snapshot.adtech.snap_advertisers: /* {"app": "dbt", "dbt_version": "1.11.11", "profile_name": "adtech", "target_name": "dev", "node_id": "snapshot.adtech.snap_advertisers"} */

      select
          column_name,
          data_type,
          character_maximum_length,
          numeric_precision,
          numeric_scale

      from system.information_schema.columns
      where table_name = 'snap_advertisers__dbt_tmp20260604162125900734'
      
      
      order by ordinal_position

  
[0m16:21:25.912080 [debug] [Thread-1 (]: SQL status: OK in 0.001 seconds
[0m16:21:25.913538 [debug] [Thread-1 (]: Using duckdb connection "snapshot.adtech.snap_advertisers"
[0m16:21:25.913738 [debug] [Thread-1 (]: On snapshot.adtech.snap_advertisers: /* {"app": "dbt", "dbt_version": "1.11.11", "profile_name": "adtech", "target_name": "dev", "node_id": "snapshot.adtech.snap_advertisers"} */

      select
          column_name,
          data_type,
          character_maximum_length,
          numeric_precision,
          numeric_scale

      from system.information_schema.columns
      where table_name = 'snap_advertisers'
      
      and lower(table_schema) = 'snapshots'
      
      
      and lower(table_catalog) = 'dev'
      
      order by ordinal_position

  
[0m16:21:25.915256 [debug] [Thread-1 (]: SQL status: OK in 0.001 seconds
[0m16:21:25.916657 [debug] [Thread-1 (]: Using duckdb connection "snapshot.adtech.snap_advertisers"
[0m16:21:25.916854 [debug] [Thread-1 (]: On snapshot.adtech.snap_advertisers: /* {"app": "dbt", "dbt_version": "1.11.11", "profile_name": "adtech", "target_name": "dev", "node_id": "snapshot.adtech.snap_advertisers"} */

      select
          column_name,
          data_type,
          character_maximum_length,
          numeric_precision,
          numeric_scale

      from system.information_schema.columns
      where table_name = 'snap_advertisers__dbt_tmp20260604162125900734'
      
      
      order by ordinal_position

  
[0m16:21:25.918378 [debug] [Thread-1 (]: SQL status: OK in 0.001 seconds
[0m16:21:25.919781 [debug] [Thread-1 (]: Using duckdb connection "snapshot.adtech.snap_advertisers"
[0m16:21:25.919981 [debug] [Thread-1 (]: On snapshot.adtech.snap_advertisers: /* {"app": "dbt", "dbt_version": "1.11.11", "profile_name": "adtech", "target_name": "dev", "node_id": "snapshot.adtech.snap_advertisers"} */

      select
          column_name,
          data_type,
          character_maximum_length,
          numeric_precision,
          numeric_scale

      from system.information_schema.columns
      where table_name = 'snap_advertisers'
      
      and lower(table_schema) = 'snapshots'
      
      
      and lower(table_catalog) = 'dev'
      
      order by ordinal_position

  
[0m16:21:25.921494 [debug] [Thread-1 (]: SQL status: OK in 0.001 seconds
[0m16:21:25.924878 [debug] [Thread-1 (]: Using duckdb connection "snapshot.adtech.snap_advertisers"
[0m16:21:25.925084 [debug] [Thread-1 (]: On snapshot.adtech.snap_advertisers: /* {"app": "dbt", "dbt_version": "1.11.11", "profile_name": "adtech", "target_name": "dev", "node_id": "snapshot.adtech.snap_advertisers"} */

      select
          column_name,
          data_type,
          character_maximum_length,
          numeric_precision,
          numeric_scale

      from system.information_schema.columns
      where table_name = 'snap_advertisers__dbt_tmp20260604162125900734'
      
      
      order by ordinal_position

  
[0m16:21:25.926554 [debug] [Thread-1 (]: SQL status: OK in 0.001 seconds
[0m16:21:25.934627 [debug] [Thread-1 (]: Using duckdb connection "snapshot.adtech.snap_advertisers"
[0m16:21:25.934879 [debug] [Thread-1 (]: On snapshot.adtech.snap_advertisers: /* {"app": "dbt", "dbt_version": "1.11.11", "profile_name": "adtech", "target_name": "dev", "node_id": "snapshot.adtech.snap_advertisers"} */
DESCRIBE (select * from (
        
    
    with snapshot_query as (

        



select * from "dev"."main"."stg_advertisers"


    ),

    snapshotted_data as (

        select *, 
    
        advertiser_id as dbt_unique_key
    

        from "dev"."snapshots"."snap_advertisers"
        where
            
                dbt_valid_to is null
            

    ),

    insertions_source_data as (

        select *, 
    
        advertiser_id as dbt_unique_key
    
,
            now()::timestamp as dbt_updated_at,
            now()::timestamp as dbt_valid_from,
            
  
  coalesce(nullif(now()::timestamp, now()::timestamp), null)
  as dbt_valid_to
,
            md5(coalesce(cast(advertiser_id as varchar ), '')
         || '|' || coalesce(cast(now()::timestamp as varchar ), '')
        ) as dbt_scd_id

        from snapshot_query
    ),

    updates_source_data as (

        select *, 
    
        advertiser_id as dbt_unique_key
    
,
            now()::timestamp as dbt_updated_at,
            now()::timestamp as dbt_valid_from,
            now()::timestamp as dbt_valid_to

        from snapshot_query
    ),

    insertions as (

        select
            'insert' as dbt_change_type,
            source_data.*

        from insertions_source_data as source_data
        left outer join snapshotted_data
            on 
    
        snapshotted_data.dbt_unique_key = source_data.dbt_unique_key
    

            where 
    
        snapshotted_data.dbt_unique_key is null
    

            or (
    
        snapshotted_data.dbt_unique_key is not null
    
 and (
               (snapshotted_data."status" != source_data."status"
        or
        (
            ((snapshotted_data."status" is null) and not (source_data."status" is null))
            or
            ((not snapshotted_data."status" is null) and (source_data."status" is null))
        ))
            )

        )

    ),

    updates as (

        select
            'update' as dbt_change_type,
            source_data.*,
            snapshotted_data.dbt_scd_id

        from updates_source_data as source_data
        join snapshotted_data
            on 
    
        snapshotted_data.dbt_unique_key = source_data.dbt_unique_key
    

        where (
            (snapshotted_data."status" != source_data."status"
        or
        (
            ((snapshotted_data."status" is null) and not (source_data."status" is null))
            or
            ((not snapshotted_data."status" is null) and (source_data."status" is null))
        ))
        )
    )

    select * from insertions
    union all
    select * from updates

    ) as __dbt_sbq
    where false
    limit 0
)
[0m16:21:25.936595 [debug] [Thread-1 (]: SQL status: OK in 0.001 seconds
[0m16:21:25.938614 [debug] [Thread-1 (]: Using duckdb connection "snapshot.adtech.snap_advertisers"
[0m16:21:25.938855 [debug] [Thread-1 (]: On snapshot.adtech.snap_advertisers: /* {"app": "dbt", "dbt_version": "1.11.11", "profile_name": "adtech", "target_name": "dev", "node_id": "snapshot.adtech.snap_advertisers"} */
DESCRIBE (select * from (
        select now()::timestamp as dbt_snapshot_time
    ) as __dbt_sbq
    where false
    limit 0
)
[0m16:21:25.939285 [debug] [Thread-1 (]: SQL status: OK in 0.000 seconds
[0m16:21:25.939592 [debug] [Thread-1 (]: Writing runtime sql for node "snapshot.adtech.snap_advertisers"
[0m16:21:25.940183 [debug] [Thread-1 (]: Using duckdb connection "snapshot.adtech.snap_advertisers"
[0m16:21:25.940404 [debug] [Thread-1 (]: On snapshot.adtech.snap_advertisers: /* {"app": "dbt", "dbt_version": "1.11.11", "profile_name": "adtech", "target_name": "dev", "node_id": "snapshot.adtech.snap_advertisers"} */

      update "dev"."snapshots"."snap_advertisers" as DBT_INTERNAL_TARGET
    set dbt_valid_to = DBT_INTERNAL_SOURCE.dbt_valid_to
    from "snap_advertisers__dbt_tmp20260604162125900734" as DBT_INTERNAL_SOURCE
    where DBT_INTERNAL_SOURCE.dbt_scd_id::text = DBT_INTERNAL_TARGET.dbt_scd_id::text
      and DBT_INTERNAL_SOURCE.dbt_change_type::text in ('update'::text, 'delete'::text)
      
        and DBT_INTERNAL_TARGET.dbt_valid_to is null;
      

    insert into "dev"."snapshots"."snap_advertisers" ("advertiser_id", "advertiser_name", "country", "status", "created_at", "dbt_updated_at", "dbt_valid_from", "dbt_valid_to", "dbt_scd_id")
    select DBT_INTERNAL_SOURCE."advertiser_id",DBT_INTERNAL_SOURCE."advertiser_name",DBT_INTERNAL_SOURCE."country",DBT_INTERNAL_SOURCE."status",DBT_INTERNAL_SOURCE."created_at",DBT_INTERNAL_SOURCE."dbt_updated_at",DBT_INTERNAL_SOURCE."dbt_valid_from",DBT_INTERNAL_SOURCE."dbt_valid_to",DBT_INTERNAL_SOURCE."dbt_scd_id"
    from "snap_advertisers__dbt_tmp20260604162125900734" as DBT_INTERNAL_SOURCE
    where DBT_INTERNAL_SOURCE.dbt_change_type::text = 'insert'::text;


  
[0m16:21:25.941605 [debug] [Thread-1 (]: SQL status: OK in 0.001 seconds
[0m16:21:25.948025 [debug] [Thread-1 (]: On snapshot.adtech.snap_advertisers: COMMIT
[0m16:21:25.948235 [debug] [Thread-1 (]: Using duckdb connection "snapshot.adtech.snap_advertisers"
[0m16:21:25.948408 [debug] [Thread-1 (]: On snapshot.adtech.snap_advertisers: COMMIT
[0m16:21:25.953747 [debug] [Thread-1 (]: SQL status: OK in 0.005 seconds
[0m16:21:25.957242 [debug] [Thread-1 (]: Using duckdb connection "snapshot.adtech.snap_advertisers"
[0m16:21:25.957443 [debug] [Thread-1 (]: On snapshot.adtech.snap_advertisers: /* {"app": "dbt", "dbt_version": "1.11.11", "profile_name": "adtech", "target_name": "dev", "node_id": "snapshot.adtech.snap_advertisers"} */

      drop table if exists "snap_advertisers__dbt_tmp20260604162125900734" cascade
    
[0m16:21:25.961580 [debug] [Thread-1 (]: SQL status: OK in 0.004 seconds
[0m16:21:25.963156 [debug] [Thread-1 (]: On snapshot.adtech.snap_advertisers: Close
[0m16:21:25.964349 [debug] [Thread-1 (]: Sending event: {'category': 'dbt', 'action': 'run_model', 'label': '2acbf95f-9fed-4806-ad80-2cf3c620ac8f', 'context': [<snowplow_tracker.self_describing_json.SelfDescribingJson object at 0x0000022C1BCAF950>]}
[0m16:21:25.964792 [info ] [Thread-1 (]: 1 of 1 OK snapshotted snapshots.snap_advertisers ............................... [[32mOK[0m in 0.14s]
[0m16:21:25.965317 [debug] [Thread-1 (]: Finished running node snapshot.adtech.snap_advertisers
[0m16:21:25.966279 [debug] [MainThread]: Using duckdb connection "master"
[0m16:21:25.966448 [debug] [MainThread]: On master: BEGIN
[0m16:21:25.966625 [debug] [MainThread]: Opening a new connection, currently in state closed
[0m16:21:25.966910 [debug] [MainThread]: SQL status: OK in 0.000 seconds
[0m16:21:25.967070 [debug] [MainThread]: On master: COMMIT
[0m16:21:25.967205 [debug] [MainThread]: Using duckdb connection "master"
[0m16:21:25.967329 [debug] [MainThread]: On master: COMMIT
[0m16:21:25.967551 [debug] [MainThread]: SQL status: OK in 0.000 seconds
[0m16:21:25.967704 [debug] [MainThread]: On master: Close
[0m16:21:25.967895 [debug] [MainThread]: Connection 'master' was properly closed.
[0m16:21:25.968028 [debug] [MainThread]: Connection 'create_dev_snapshots' was properly closed.
[0m16:21:25.968144 [debug] [MainThread]: Connection 'list_dev_main' was properly closed.
[0m16:21:25.968256 [debug] [MainThread]: Connection 'list_dev_snapshots' was properly closed.
[0m16:21:25.968362 [debug] [MainThread]: Connection 'snapshot.adtech.snap_advertisers' was properly closed.
[0m16:21:25.968506 [info ] [MainThread]: 
[0m16:21:25.968712 [info ] [MainThread]: Finished running 1 snapshot in 0 hours 0 minutes and 0.24 seconds (0.24s).
[0m16:21:25.969093 [debug] [MainThread]: Command end result
[0m16:21:25.985484 [debug] [MainThread]: Wrote artifact WritableManifest to C:\Users\antoniou.athanasis\Desktop\adtech-analytics\target\manifest.json
[0m16:21:25.986910 [debug] [MainThread]: Wrote artifact SemanticManifest to C:\Users\antoniou.athanasis\Desktop\adtech-analytics\target\semantic_manifest.json
[0m16:21:25.990783 [debug] [MainThread]: Wrote artifact RunExecutionResult to C:\Users\antoniou.athanasis\Desktop\adtech-analytics\target\run_results.json
[0m16:21:25.990958 [info ] [MainThread]: 
[0m16:21:25.991223 [info ] [MainThread]: [32mCompleted successfully[0m
[0m16:21:25.991504 [info ] [MainThread]: 
[0m16:21:25.991749 [info ] [MainThread]: Done. PASS=1 WARN=0 ERROR=0 SKIP=0 NO-OP=0 TOTAL=1
[0m16:21:25.992187 [debug] [MainThread]: Command `dbt snapshot` succeeded at 16:21:25.992126 after 0.90 seconds
[0m16:21:25.992386 [debug] [MainThread]: Sending event: {'category': 'dbt', 'action': 'invocation', 'label': 'end', 'context': [<snowplow_tracker.self_describing_json.SelfDescribingJson object at 0x0000022C1D1B3EE0>, <snowplow_tracker.self_describing_json.SelfDescribingJson object at 0x0000022C1517DBD0>, <snowplow_tracker.self_describing_json.SelfDescribingJson object at 0x0000022C1383D8B0>]}
[0m16:21:25.992580 [debug] [MainThread]: Flushing usage events
[0m16:21:26.812167 [debug] [MainThread]: An error was encountered while trying to flush usage events
[0m16:21:43.858283 [debug] [MainThread]: Sending event: {'category': 'dbt', 'action': 'invocation', 'label': 'start', 'context': [<snowplow_tracker.self_describing_json.SelfDescribingJson object at 0x00000256AB6D9400>, <snowplow_tracker.self_describing_json.SelfDescribingJson object at 0x00000256A8EC3ED0>, <snowplow_tracker.self_describing_json.SelfDescribingJson object at 0x00000256ADAE7C50>]}


============================== 16:21:43.861076 | 3c95813f-2009-45be-87d5-b344e7b950fb ==============================
[0m16:21:43.861076 [info ] [MainThread]: Running with dbt=1.11.11
[0m16:21:43.861471 [debug] [MainThread]: running dbt with arguments {'version_check': 'True', 'no_print': 'None', 'static_parser': 'True', 'warn_error_options': 'WarnErrorOptionsV2(error=[], warn=[], silence=[])', 'target_path': 'None', 'printer_width': '80', 'write_json': 'True', 'introspect': 'True', 'log_cache_events': 'False', 'empty': 'None', 'cache_selected_only': 'False', 'log_format': 'default', 'debug': 'False', 'fail_fast': 'False', 'partial_parse': 'True', 'send_anonymous_usage_stats': 'True', 'quiet': 'False', 'warn_error': 'None', 'profiles_dir': '.', 'use_colors': 'True', 'invocation_command': 'dbt show --inline select advertiser_id, status, dbt_valid_from, dbt_valid_to from snapshots.snap_advertisers where advertiser_id = 1 order by dbt_valid_from --profiles-dir .', 'indirect_selection': 'eager', 'use_experimental_parser': 'False', 'log_path': 'C:\\Users\\antoniou.athanasis\\Desktop\\adtech-analytics\\logs'}
[0m16:21:43.995873 [debug] [MainThread]: Sending event: {'category': 'dbt', 'action': 'project_id', 'label': '3c95813f-2009-45be-87d5-b344e7b950fb', 'context': [<snowplow_tracker.self_describing_json.SelfDescribingJson object at 0x00000256ADB835C0>]}
[0m16:21:44.036828 [debug] [MainThread]: Sending event: {'category': 'dbt', 'action': 'adapter_info', 'label': '3c95813f-2009-45be-87d5-b344e7b950fb', 'context': [<snowplow_tracker.self_describing_json.SelfDescribingJson object at 0x00000256AC1C3BD0>]}
[0m16:21:44.043914 [info ] [MainThread]: Registered adapter: duckdb=1.10.1
[0m16:21:44.162193 [debug] [MainThread]: checksum: 30a8cc8fdcbf66701b0944d4ccce3fa46dd04b61e5df68b9f16d57b2e0e3f0be, vars: {}, profile: , target: , version: 1.11.11
[0m16:21:44.304250 [debug] [MainThread]: Partial parsing enabled: 0 files deleted, 0 files added, 0 files changed.
[0m16:21:44.304493 [debug] [MainThread]: Nothing changed, skipping partial parsing.
[0m16:21:44.304641 [debug] [MainThread]: Partial parsing enabled, no changes found, skipping parsing
[0m16:21:44.337280 [debug] [MainThread]: Sending event: {'category': 'dbt', 'action': 'load_project', 'label': '3c95813f-2009-45be-87d5-b344e7b950fb', 'context': [<snowplow_tracker.self_describing_json.SelfDescribingJson object at 0x00000256AE157E50>]}
[0m16:21:44.397984 [debug] [MainThread]: Wrote artifact WritableManifest to C:\Users\antoniou.athanasis\Desktop\adtech-analytics\target\manifest.json
[0m16:21:44.399375 [debug] [MainThread]: Wrote artifact SemanticManifest to C:\Users\antoniou.athanasis\Desktop\adtech-analytics\target\semantic_manifest.json
[0m16:21:44.486859 [debug] [MainThread]: Sending event: {'category': 'dbt', 'action': 'resource_counts', 'label': '3c95813f-2009-45be-87d5-b344e7b950fb', 'context': [<snowplow_tracker.self_describing_json.SelfDescribingJson object at 0x00000256AE38EF30>]}
[0m16:21:44.487182 [info ] [MainThread]: Found 4 models, 10 data tests, 1 snapshot, 1 sql operation, 3 sources, 485 macros
[0m16:21:44.487450 [debug] [MainThread]: Sending event: {'category': 'dbt', 'action': 'runnable_timing', 'label': '3c95813f-2009-45be-87d5-b344e7b950fb', 'context': [<snowplow_tracker.self_describing_json.SelfDescribingJson object at 0x00000256AE499550>]}
[0m16:21:44.488695 [info ] [MainThread]: 
[0m16:21:44.488931 [info ] [MainThread]: Concurrency: 4 threads (target='dev')
[0m16:21:44.489120 [info ] [MainThread]: 
[0m16:21:44.489417 [debug] [MainThread]: Acquiring new duckdb connection 'master'
[0m16:21:44.492250 [debug] [ThreadPool]: Acquiring new duckdb connection 'list_dev_snapshots'
[0m16:21:44.508654 [debug] [ThreadPool]: Acquiring new duckdb connection 'list_dev_main'
[0m16:21:44.543159 [debug] [ThreadPool]: Using duckdb connection "list_dev_snapshots"
[0m16:21:44.543676 [debug] [ThreadPool]: On list_dev_snapshots: BEGIN
[0m16:21:44.543868 [debug] [ThreadPool]: Opening a new connection, currently in state init
[0m16:21:44.543433 [debug] [ThreadPool]: Using duckdb connection "list_dev_main"
[0m16:21:44.544110 [debug] [ThreadPool]: On list_dev_main: BEGIN
[0m16:21:44.544278 [debug] [ThreadPool]: Opening a new connection, currently in state init
[0m16:21:44.559132 [debug] [ThreadPool]: SQL status: OK in 0.015 seconds
[0m16:21:44.559353 [debug] [ThreadPool]: Using duckdb connection "list_dev_snapshots"
[0m16:21:44.559522 [debug] [ThreadPool]: On list_dev_snapshots: /* {"app": "dbt", "dbt_version": "1.11.11", "profile_name": "adtech", "target_name": "dev", "connection_name": "list_dev_snapshots"} */
select
      'dev' as database,
      table_name as name,
      table_schema as schema,
      CASE table_type
        WHEN 'BASE TABLE' THEN 'table'
        WHEN 'VIEW' THEN 'view'
        WHEN 'LOCAL TEMPORARY' THEN 'table'
        END as type
    from system.information_schema.tables
    where lower(table_schema) = 'snapshots'
    and lower(table_catalog) = 'dev'
  
[0m16:21:44.559721 [debug] [ThreadPool]: SQL status: OK in 0.015 seconds
[0m16:21:44.560025 [debug] [ThreadPool]: Using duckdb connection "list_dev_main"
[0m16:21:44.560234 [debug] [ThreadPool]: On list_dev_main: /* {"app": "dbt", "dbt_version": "1.11.11", "profile_name": "adtech", "target_name": "dev", "connection_name": "list_dev_main"} */
select
      'dev' as database,
      table_name as name,
      table_schema as schema,
      CASE table_type
        WHEN 'BASE TABLE' THEN 'table'
        WHEN 'VIEW' THEN 'view'
        WHEN 'LOCAL TEMPORARY' THEN 'table'
        END as type
    from system.information_schema.tables
    where lower(table_schema) = 'main'
    and lower(table_catalog) = 'dev'
  
[0m16:21:44.562551 [debug] [ThreadPool]: SQL status: OK in 0.003 seconds
[0m16:21:44.562787 [debug] [ThreadPool]: SQL status: OK in 0.002 seconds
[0m16:21:44.563528 [debug] [ThreadPool]: On list_dev_snapshots: ROLLBACK
[0m16:21:44.564195 [debug] [ThreadPool]: On list_dev_main: ROLLBACK
[0m16:21:44.564707 [debug] [ThreadPool]: Failed to rollback 'list_dev_snapshots'
[0m16:21:44.564883 [debug] [ThreadPool]: On list_dev_snapshots: Close
[0m16:21:44.565569 [debug] [ThreadPool]: Failed to rollback 'list_dev_main'
[0m16:21:44.565738 [debug] [ThreadPool]: On list_dev_main: Close
[0m16:21:44.566498 [debug] [MainThread]: Sending event: {'category': 'dbt', 'action': 'runnable_timing', 'label': '3c95813f-2009-45be-87d5-b344e7b950fb', 'context': [<snowplow_tracker.self_describing_json.SelfDescribingJson object at 0x00000256AE714D50>]}
[0m16:21:44.568670 [debug] [Thread-1 (]: Began running node sql_operation.adtech.inline_query
[0m16:21:44.568946 [debug] [Thread-1 (]: Acquiring new duckdb connection 'sql_operation.adtech.inline_query'
[0m16:21:44.569127 [debug] [Thread-1 (]: Began compiling node sql_operation.adtech.inline_query
[0m16:21:44.572317 [debug] [Thread-1 (]: Writing injected SQL for node "sql_operation.adtech.inline_query"
[0m16:21:44.572808 [debug] [Thread-1 (]: Began executing node sql_operation.adtech.inline_query
[0m16:21:44.576589 [debug] [Thread-1 (]: Using duckdb connection "sql_operation.adtech.inline_query"
[0m16:21:44.576790 [debug] [Thread-1 (]: On sql_operation.adtech.inline_query: /* {"app": "dbt", "dbt_version": "1.11.11", "profile_name": "adtech", "target_name": "dev", "node_id": "sql_operation.adtech.inline_query"} */

  
  select advertiser_id, status, dbt_valid_from, dbt_valid_to from snapshots.snap_advertisers where advertiser_id = 1 order by dbt_valid_from
  
  limit 5

[0m16:21:44.576962 [debug] [Thread-1 (]: Opening a new connection, currently in state init
[0m16:21:44.578668 [debug] [Thread-1 (]: SQL status: OK in 0.002 seconds
[0m16:21:44.579932 [debug] [Thread-1 (]: On sql_operation.adtech.inline_query: Close
[0m16:21:44.580317 [debug] [Thread-1 (]: Finished running node sql_operation.adtech.inline_query
[0m16:21:44.581137 [debug] [MainThread]: Connection 'master' was properly closed.
[0m16:21:44.581302 [debug] [MainThread]: Connection 'list_dev_snapshots' was properly closed.
[0m16:21:44.581434 [debug] [MainThread]: Connection 'list_dev_main' was properly closed.
[0m16:21:44.581552 [debug] [MainThread]: Connection 'sql_operation.adtech.inline_query' was properly closed.
[0m16:21:44.581870 [debug] [MainThread]: Command end result
[0m16:21:44.597535 [debug] [MainThread]: Wrote artifact WritableManifest to C:\Users\antoniou.athanasis\Desktop\adtech-analytics\target\manifest.json
[0m16:21:44.598858 [debug] [MainThread]: Wrote artifact SemanticManifest to C:\Users\antoniou.athanasis\Desktop\adtech-analytics\target\semantic_manifest.json
[0m16:21:44.602985 [debug] [MainThread]: Wrote artifact RunExecutionResult to C:\Users\antoniou.athanasis\Desktop\adtech-analytics\target\run_results.json
[0m16:21:44.603226 [info ] [MainThread]: Previewing inline node:
| advertiser_id | status |       dbt_valid_from |         dbt_valid_to |
| ------------- | ------ | -------------------- | -------------------- |
|             1 | active | 2026-06-04 16:04:... | 2026-06-04 16:05:... |
|             1 | paused | 2026-06-04 16:05:... |                      |

[0m16:21:44.603777 [debug] [MainThread]: Command `dbt show` succeeded at 16:21:44.603704 after 0.82 seconds
[0m16:21:44.603984 [debug] [MainThread]: Sending event: {'category': 'dbt', 'action': 'invocation', 'label': 'end', 'context': [<snowplow_tracker.self_describing_json.SelfDescribingJson object at 0x00000256AE19F410>, <snowplow_tracker.self_describing_json.SelfDescribingJson object at 0x00000256AE775F40>, <snowplow_tracker.self_describing_json.SelfDescribingJson object at 0x00000256AE776360>]}
[0m16:21:44.604180 [debug] [MainThread]: Flushing usage events
[0m16:21:45.342850 [debug] [MainThread]: An error was encountered while trying to flush usage events
[0m16:39:01.925653 [debug] [MainThread]: Sending event: {'category': 'dbt', 'action': 'invocation', 'label': 'start', 'context': [<snowplow_tracker.self_describing_json.SelfDescribingJson object at 0x000001C8E0DC9400>, <snowplow_tracker.self_describing_json.SelfDescribingJson object at 0x000001C8DE5DFD90>, <snowplow_tracker.self_describing_json.SelfDescribingJson object at 0x000001C8E31D3B10>]}


============================== 16:39:01.928511 | 006bf39e-5ca3-4866-b108-6d9ecb71a183 ==============================
[0m16:39:01.928511 [info ] [MainThread]: Running with dbt=1.11.11
[0m16:39:01.928892 [debug] [MainThread]: running dbt with arguments {'version_check': 'True', 'no_print': 'None', 'static_parser': 'True', 'target_path': 'None', 'warn_error_options': 'WarnErrorOptionsV2(error=[], warn=[], silence=[])', 'printer_width': '80', 'write_json': 'True', 'introspect': 'True', 'log_cache_events': 'False', 'empty': 'None', 'cache_selected_only': 'False', 'fail_fast': 'False', 'debug': 'False', 'log_format': 'default', 'partial_parse': 'True', 'send_anonymous_usage_stats': 'True', 'quiet': 'False', 'warn_error': 'None', 'profiles_dir': '.', 'use_colors': 'True', 'invocation_command': 'dbt docs generate --profiles-dir .', 'indirect_selection': 'eager', 'use_experimental_parser': 'False', 'log_path': 'C:\\Users\\antoniou.athanasis\\Desktop\\adtech-analytics\\logs'}
[0m16:39:02.066261 [debug] [MainThread]: Sending event: {'category': 'dbt', 'action': 'project_id', 'label': '006bf39e-5ca3-4866-b108-6d9ecb71a183', 'context': [<snowplow_tracker.self_describing_json.SelfDescribingJson object at 0x000001C8E32536F0>]}
[0m16:39:02.108129 [debug] [MainThread]: Sending event: {'category': 'dbt', 'action': 'adapter_info', 'label': '006bf39e-5ca3-4866-b108-6d9ecb71a183', 'context': [<snowplow_tracker.self_describing_json.SelfDescribingJson object at 0x000001C8E18B3BD0>]}
[0m16:39:02.109796 [info ] [MainThread]: Registered adapter: duckdb=1.10.1
[0m16:39:02.231595 [debug] [MainThread]: checksum: 30a8cc8fdcbf66701b0944d4ccce3fa46dd04b61e5df68b9f16d57b2e0e3f0be, vars: {}, profile: , target: , version: 1.11.11
[0m16:39:02.376193 [debug] [MainThread]: Partial parsing enabled: 0 files deleted, 0 files added, 0 files changed.
[0m16:39:02.376449 [debug] [MainThread]: Nothing changed, skipping partial parsing.
[0m16:39:02.376596 [debug] [MainThread]: Partial parsing enabled, no changes found, skipping parsing
[0m16:39:02.409162 [debug] [MainThread]: Sending event: {'category': 'dbt', 'action': 'load_project', 'label': '006bf39e-5ca3-4866-b108-6d9ecb71a183', 'context': [<snowplow_tracker.self_describing_json.SelfDescribingJson object at 0x000001C8E3837550>]}
[0m16:39:02.416768 [debug] [MainThread]: Sending event: {'category': 'dbt', 'action': 'resource_counts', 'label': '006bf39e-5ca3-4866-b108-6d9ecb71a183', 'context': [<snowplow_tracker.self_describing_json.SelfDescribingJson object at 0x000001C8E36F8230>]}
[0m16:39:02.417015 [info ] [MainThread]: Found 4 models, 10 data tests, 1 snapshot, 3 sources, 485 macros
[0m16:39:02.417296 [debug] [MainThread]: Sending event: {'category': 'dbt', 'action': 'runnable_timing', 'label': '006bf39e-5ca3-4866-b108-6d9ecb71a183', 'context': [<snowplow_tracker.self_describing_json.SelfDescribingJson object at 0x000001C8E3A267B0>]}
[0m16:39:02.418613 [info ] [MainThread]: 
[0m16:39:02.418851 [info ] [MainThread]: Concurrency: 4 threads (target='dev')
[0m16:39:02.419087 [info ] [MainThread]: 
[0m16:39:02.419380 [debug] [MainThread]: Acquiring new duckdb connection 'master'
[0m16:39:02.422139 [debug] [ThreadPool]: Acquiring new duckdb connection 'list_dev_snapshots'
[0m16:39:02.430561 [debug] [ThreadPool]: Acquiring new duckdb connection 'list_dev_main'
[0m16:39:02.461946 [debug] [ThreadPool]: Using duckdb connection "list_dev_snapshots"
[0m16:39:02.462625 [debug] [ThreadPool]: On list_dev_snapshots: BEGIN
[0m16:39:02.462834 [debug] [ThreadPool]: Opening a new connection, currently in state init
[0m16:39:02.462273 [debug] [ThreadPool]: Using duckdb connection "list_dev_main"
[0m16:39:02.463084 [debug] [ThreadPool]: On list_dev_main: BEGIN
[0m16:39:02.463283 [debug] [ThreadPool]: Opening a new connection, currently in state init
[0m16:39:02.472633 [debug] [ThreadPool]: SQL status: OK in 0.010 seconds
[0m16:39:02.472900 [debug] [ThreadPool]: Using duckdb connection "list_dev_snapshots"
[0m16:39:02.473375 [debug] [ThreadPool]: On list_dev_snapshots: /* {"app": "dbt", "dbt_version": "1.11.11", "profile_name": "adtech", "target_name": "dev", "connection_name": "list_dev_snapshots"} */
select
      'dev' as database,
      table_name as name,
      table_schema as schema,
      CASE table_type
        WHEN 'BASE TABLE' THEN 'table'
        WHEN 'VIEW' THEN 'view'
        WHEN 'LOCAL TEMPORARY' THEN 'table'
        END as type
    from system.information_schema.tables
    where lower(table_schema) = 'snapshots'
    and lower(table_catalog) = 'dev'
  
[0m16:39:02.473136 [debug] [ThreadPool]: SQL status: OK in 0.010 seconds
[0m16:39:02.473765 [debug] [ThreadPool]: Using duckdb connection "list_dev_main"
[0m16:39:02.473944 [debug] [ThreadPool]: On list_dev_main: /* {"app": "dbt", "dbt_version": "1.11.11", "profile_name": "adtech", "target_name": "dev", "connection_name": "list_dev_main"} */
select
      'dev' as database,
      table_name as name,
      table_schema as schema,
      CASE table_type
        WHEN 'BASE TABLE' THEN 'table'
        WHEN 'VIEW' THEN 'view'
        WHEN 'LOCAL TEMPORARY' THEN 'table'
        END as type
    from system.information_schema.tables
    where lower(table_schema) = 'main'
    and lower(table_catalog) = 'dev'
  
[0m16:39:02.476390 [debug] [ThreadPool]: SQL status: OK in 0.002 seconds
[0m16:39:02.476591 [debug] [ThreadPool]: SQL status: OK in 0.003 seconds
[0m16:39:02.477454 [debug] [ThreadPool]: On list_dev_snapshots: ROLLBACK
[0m16:39:02.478059 [debug] [ThreadPool]: On list_dev_main: ROLLBACK
[0m16:39:02.478781 [debug] [ThreadPool]: Failed to rollback 'list_dev_snapshots'
[0m16:39:02.479253 [debug] [ThreadPool]: On list_dev_snapshots: Close
[0m16:39:02.479079 [debug] [ThreadPool]: Failed to rollback 'list_dev_main'
[0m16:39:02.479617 [debug] [ThreadPool]: On list_dev_main: Close
[0m16:39:02.480517 [debug] [MainThread]: Sending event: {'category': 'dbt', 'action': 'runnable_timing', 'label': '006bf39e-5ca3-4866-b108-6d9ecb71a183', 'context': [<snowplow_tracker.self_describing_json.SelfDescribingJson object at 0x000001C8E37DBE10>]}
[0m16:39:02.482726 [debug] [Thread-1 (]: Began running node model.adtech.stg_ad_events
[0m16:39:02.483455 [debug] [Thread-1 (]: Acquiring new duckdb connection 'model.adtech.stg_ad_events'
[0m16:39:02.483659 [debug] [Thread-1 (]: Began compiling node model.adtech.stg_ad_events
[0m16:39:02.487546 [debug] [Thread-1 (]: Writing injected SQL for node "model.adtech.stg_ad_events"
[0m16:39:02.483187 [debug] [Thread-2 (]: Began running node model.adtech.stg_advertisers
[0m16:39:02.482967 [debug] [Thread-3 (]: Began running node model.adtech.stg_campaigns
[0m16:39:02.488171 [debug] [Thread-3 (]: Acquiring new duckdb connection 'model.adtech.stg_campaigns'
[0m16:39:02.488399 [debug] [Thread-3 (]: Began compiling node model.adtech.stg_campaigns
[0m16:39:02.489950 [debug] [Thread-3 (]: Writing injected SQL for node "model.adtech.stg_campaigns"
[0m16:39:02.487889 [debug] [Thread-2 (]: Acquiring new duckdb connection 'model.adtech.stg_advertisers'
[0m16:39:02.490262 [debug] [Thread-2 (]: Began compiling node model.adtech.stg_advertisers
[0m16:39:02.491524 [debug] [Thread-2 (]: Writing injected SQL for node "model.adtech.stg_advertisers"
[0m16:39:02.491829 [debug] [Thread-1 (]: Began executing node model.adtech.stg_ad_events
[0m16:39:02.492468 [debug] [Thread-1 (]: Finished running node model.adtech.stg_ad_events
[0m16:39:02.492070 [debug] [Thread-3 (]: Began executing node model.adtech.stg_campaigns
[0m16:39:02.492998 [debug] [Thread-3 (]: Finished running node model.adtech.stg_campaigns
[0m16:39:02.493437 [debug] [Thread-3 (]: Began running node test.adtech.unique_stg_ad_events_event_id.a6189a6044
[0m16:39:02.493896 [debug] [Thread-3 (]: Re-using an available connection from the pool (formerly model.adtech.stg_campaigns, now test.adtech.unique_stg_ad_events_event_id.a6189a6044)
[0m16:39:02.494091 [debug] [Thread-3 (]: Began compiling node test.adtech.unique_stg_ad_events_event_id.a6189a6044
[0m16:39:02.499691 [debug] [Thread-3 (]: Writing injected SQL for node "test.adtech.unique_stg_ad_events_event_id.a6189a6044"
[0m16:39:02.494270 [debug] [Thread-2 (]: Began executing node model.adtech.stg_advertisers
[0m16:39:02.493222 [debug] [Thread-4 (]: Began running node test.adtech.accepted_values_stg_ad_events_event_type__impression__click__conversion.8fd3c92052
[0m16:39:02.493633 [debug] [Thread-1 (]: Began running node test.adtech.not_null_stg_ad_events_event_id.39843db2ec
[0m16:39:02.500800 [debug] [Thread-1 (]: Re-using an available connection from the pool (formerly model.adtech.stg_ad_events, now test.adtech.not_null_stg_ad_events_event_id.39843db2ec)
[0m16:39:02.500989 [debug] [Thread-1 (]: Began compiling node test.adtech.not_null_stg_ad_events_event_id.39843db2ec
[0m16:39:02.506322 [debug] [Thread-1 (]: Writing injected SQL for node "test.adtech.not_null_stg_ad_events_event_id.39843db2ec"
[0m16:39:02.501185 [debug] [Thread-3 (]: Began executing node test.adtech.unique_stg_ad_events_event_id.a6189a6044
[0m16:39:02.500226 [debug] [Thread-2 (]: Finished running node model.adtech.stg_advertisers
[0m16:39:02.500548 [debug] [Thread-4 (]: Acquiring new duckdb connection 'test.adtech.accepted_values_stg_ad_events_event_type__impression__click__conversion.8fd3c92052'
[0m16:39:02.507542 [debug] [Thread-4 (]: Began compiling node test.adtech.accepted_values_stg_ad_events_event_type__impression__click__conversion.8fd3c92052
[0m16:39:02.512958 [debug] [Thread-4 (]: Writing injected SQL for node "test.adtech.accepted_values_stg_ad_events_event_type__impression__click__conversion.8fd3c92052"
[0m16:39:02.507148 [debug] [Thread-2 (]: Began running node model.adtech.fct_campaign_performance
[0m16:39:02.506844 [debug] [Thread-3 (]: Finished running node test.adtech.unique_stg_ad_events_event_id.a6189a6044
[0m16:39:02.513949 [debug] [Thread-3 (]: Began running node test.adtech.not_null_stg_campaigns_campaign_id.644b49426a
[0m16:39:02.514194 [debug] [Thread-3 (]: Re-using an available connection from the pool (formerly test.adtech.unique_stg_ad_events_event_id.a6189a6044, now test.adtech.not_null_stg_campaigns_campaign_id.644b49426a)
[0m16:39:02.514377 [debug] [Thread-3 (]: Began compiling node test.adtech.not_null_stg_campaigns_campaign_id.644b49426a
[0m16:39:02.516255 [debug] [Thread-3 (]: Writing injected SQL for node "test.adtech.not_null_stg_campaigns_campaign_id.644b49426a"
[0m16:39:02.513404 [debug] [Thread-2 (]: Re-using an available connection from the pool (formerly model.adtech.stg_advertisers, now model.adtech.fct_campaign_performance)
[0m16:39:02.513685 [debug] [Thread-1 (]: Began executing node test.adtech.not_null_stg_ad_events_event_id.39843db2ec
[0m16:39:02.517158 [debug] [Thread-1 (]: Finished running node test.adtech.not_null_stg_ad_events_event_id.39843db2ec
[0m16:39:02.517359 [debug] [Thread-1 (]: Began running node test.adtech.relationships_stg_ad_events_campaign_id__campaign_id__ref_stg_campaigns_.72ab2f2b6f
[0m16:39:02.517551 [debug] [Thread-1 (]: Re-using an available connection from the pool (formerly test.adtech.not_null_stg_ad_events_event_id.39843db2ec, now test.adtech.relationships_stg_ad_events_campaign_id__campaign_id__ref_stg_campaigns_.72ab2f2b6f)
[0m16:39:02.517737 [debug] [Thread-1 (]: Began compiling node test.adtech.relationships_stg_ad_events_campaign_id__campaign_id__ref_stg_campaigns_.72ab2f2b6f
[0m16:39:02.523578 [debug] [Thread-1 (]: Writing injected SQL for node "test.adtech.relationships_stg_ad_events_campaign_id__campaign_id__ref_stg_campaigns_.72ab2f2b6f"
[0m16:39:02.516536 [debug] [Thread-4 (]: Began executing node test.adtech.accepted_values_stg_ad_events_event_type__impression__click__conversion.8fd3c92052
[0m16:39:02.516772 [debug] [Thread-2 (]: Began compiling node model.adtech.fct_campaign_performance
[0m16:39:02.525993 [debug] [Thread-2 (]: Writing injected SQL for node "model.adtech.fct_campaign_performance"
[0m16:39:02.524527 [debug] [Thread-3 (]: Began executing node test.adtech.not_null_stg_campaigns_campaign_id.644b49426a
[0m16:39:02.524218 [debug] [Thread-4 (]: Finished running node test.adtech.accepted_values_stg_ad_events_event_type__impression__click__conversion.8fd3c92052
[0m16:39:02.526890 [debug] [Thread-4 (]: Began running node test.adtech.unique_stg_campaigns_campaign_id.72679b60d0
[0m16:39:02.527099 [debug] [Thread-4 (]: Re-using an available connection from the pool (formerly test.adtech.accepted_values_stg_ad_events_event_type__impression__click__conversion.8fd3c92052, now test.adtech.unique_stg_campaigns_campaign_id.72679b60d0)
[0m16:39:02.527284 [debug] [Thread-4 (]: Began compiling node test.adtech.unique_stg_campaigns_campaign_id.72679b60d0
[0m16:39:02.526654 [debug] [Thread-3 (]: Finished running node test.adtech.not_null_stg_campaigns_campaign_id.644b49426a
[0m16:39:02.545133 [debug] [Thread-3 (]: Began running node snapshot.adtech.snap_advertisers
[0m16:39:02.526276 [debug] [Thread-1 (]: Began executing node test.adtech.relationships_stg_ad_events_campaign_id__campaign_id__ref_stg_campaigns_.72ab2f2b6f
[0m16:39:02.546153 [debug] [Thread-1 (]: Finished running node test.adtech.relationships_stg_ad_events_campaign_id__campaign_id__ref_stg_campaigns_.72ab2f2b6f
[0m16:39:02.546343 [debug] [Thread-1 (]: Began running node test.adtech.accepted_values_stg_advertisers_status__active__paused.b7cce8e0e2
[0m16:39:02.546530 [debug] [Thread-1 (]: Re-using an available connection from the pool (formerly test.adtech.relationships_stg_ad_events_campaign_id__campaign_id__ref_stg_campaigns_.72ab2f2b6f, now test.adtech.accepted_values_stg_advertisers_status__active__paused.b7cce8e0e2)
[0m16:39:02.544774 [debug] [Thread-4 (]: Writing injected SQL for node "test.adtech.unique_stg_campaigns_campaign_id.72679b60d0"
[0m16:39:02.545759 [debug] [Thread-2 (]: Began executing node model.adtech.fct_campaign_performance
[0m16:39:02.547116 [debug] [Thread-2 (]: Finished running node model.adtech.fct_campaign_performance
[0m16:39:02.545480 [debug] [Thread-3 (]: Re-using an available connection from the pool (formerly test.adtech.not_null_stg_campaigns_campaign_id.644b49426a, now snapshot.adtech.snap_advertisers)
[0m16:39:02.547541 [debug] [Thread-3 (]: Began compiling node snapshot.adtech.snap_advertisers
[0m16:39:02.549123 [debug] [Thread-3 (]: Began executing node snapshot.adtech.snap_advertisers
[0m16:39:02.549472 [debug] [Thread-3 (]: Finished running node snapshot.adtech.snap_advertisers
[0m16:39:02.547297 [debug] [Thread-2 (]: Began running node test.adtech.not_null_stg_advertisers_advertiser_id.74304c67ed
[0m16:39:02.549929 [debug] [Thread-2 (]: Re-using an available connection from the pool (formerly model.adtech.fct_campaign_performance, now test.adtech.not_null_stg_advertisers_advertiser_id.74304c67ed)
[0m16:39:02.546712 [debug] [Thread-1 (]: Began compiling node test.adtech.accepted_values_stg_advertisers_status__active__paused.b7cce8e0e2
[0m16:39:02.552956 [debug] [Thread-1 (]: Writing injected SQL for node "test.adtech.accepted_values_stg_advertisers_status__active__paused.b7cce8e0e2"
[0m16:39:02.549665 [debug] [Thread-3 (]: Began running node test.adtech.relationships_stg_campaigns_advertiser_id__advertiser_id__ref_stg_advertisers_.c9e35b8644
[0m16:39:02.550348 [debug] [Thread-4 (]: Began executing node test.adtech.unique_stg_campaigns_campaign_id.72679b60d0
[0m16:39:02.550136 [debug] [Thread-2 (]: Began compiling node test.adtech.not_null_stg_advertisers_advertiser_id.74304c67ed
[0m16:39:02.555787 [debug] [Thread-2 (]: Writing injected SQL for node "test.adtech.not_null_stg_advertisers_advertiser_id.74304c67ed"
[0m16:39:02.553840 [debug] [Thread-4 (]: Finished running node test.adtech.unique_stg_campaigns_campaign_id.72679b60d0
[0m16:39:02.553330 [debug] [Thread-3 (]: Re-using an available connection from the pool (formerly snapshot.adtech.snap_advertisers, now test.adtech.relationships_stg_campaigns_advertiser_id__advertiser_id__ref_stg_advertisers_.c9e35b8644)
[0m16:39:02.556404 [debug] [Thread-3 (]: Began compiling node test.adtech.relationships_stg_campaigns_advertiser_id__advertiser_id__ref_stg_advertisers_.c9e35b8644
[0m16:39:02.559187 [debug] [Thread-3 (]: Writing injected SQL for node "test.adtech.relationships_stg_campaigns_advertiser_id__advertiser_id__ref_stg_advertisers_.c9e35b8644"
[0m16:39:02.556118 [debug] [Thread-4 (]: Began running node test.adtech.unique_stg_advertisers_advertiser_id.4e29160c92
[0m16:39:02.559762 [debug] [Thread-4 (]: Re-using an available connection from the pool (formerly test.adtech.unique_stg_campaigns_campaign_id.72679b60d0, now test.adtech.unique_stg_advertisers_advertiser_id.4e29160c92)
[0m16:39:02.559961 [debug] [Thread-4 (]: Began compiling node test.adtech.unique_stg_advertisers_advertiser_id.4e29160c92
[0m16:39:02.561857 [debug] [Thread-4 (]: Writing injected SQL for node "test.adtech.unique_stg_advertisers_advertiser_id.4e29160c92"
[0m16:39:02.559461 [debug] [Thread-1 (]: Began executing node test.adtech.accepted_values_stg_advertisers_status__active__paused.b7cce8e0e2
[0m16:39:02.562790 [debug] [Thread-1 (]: Finished running node test.adtech.accepted_values_stg_advertisers_status__active__paused.b7cce8e0e2
[0m16:39:02.562970 [debug] [Thread-2 (]: Began executing node test.adtech.not_null_stg_advertisers_advertiser_id.74304c67ed
[0m16:39:02.563363 [debug] [Thread-2 (]: Finished running node test.adtech.not_null_stg_advertisers_advertiser_id.74304c67ed
[0m16:39:02.562265 [debug] [Thread-3 (]: Began executing node test.adtech.relationships_stg_campaigns_advertiser_id__advertiser_id__ref_stg_advertisers_.c9e35b8644
[0m16:39:02.563734 [debug] [Thread-3 (]: Finished running node test.adtech.relationships_stg_campaigns_advertiser_id__advertiser_id__ref_stg_advertisers_.c9e35b8644
[0m16:39:02.563979 [debug] [Thread-4 (]: Began executing node test.adtech.unique_stg_advertisers_advertiser_id.4e29160c92
[0m16:39:02.564325 [debug] [Thread-4 (]: Finished running node test.adtech.unique_stg_advertisers_advertiser_id.4e29160c92
[0m16:39:02.565144 [debug] [MainThread]: Connection 'master' was properly closed.
[0m16:39:02.565315 [debug] [MainThread]: Connection 'list_dev_snapshots' was properly closed.
[0m16:39:02.565447 [debug] [MainThread]: Connection 'list_dev_main' was properly closed.
[0m16:39:02.565567 [debug] [MainThread]: Connection 'test.adtech.accepted_values_stg_advertisers_status__active__paused.b7cce8e0e2' was properly closed.
[0m16:39:02.565684 [debug] [MainThread]: Connection 'test.adtech.not_null_stg_advertisers_advertiser_id.74304c67ed' was properly closed.
[0m16:39:02.565803 [debug] [MainThread]: Connection 'test.adtech.relationships_stg_campaigns_advertiser_id__advertiser_id__ref_stg_advertisers_.c9e35b8644' was properly closed.
[0m16:39:02.565915 [debug] [MainThread]: Connection 'test.adtech.unique_stg_advertisers_advertiser_id.4e29160c92' was properly closed.
[0m16:39:02.566973 [debug] [MainThread]: Command end result
[0m16:39:02.626951 [debug] [MainThread]: Wrote artifact WritableManifest to C:\Users\antoniou.athanasis\Desktop\adtech-analytics\target\manifest.json
[0m16:39:02.628390 [debug] [MainThread]: Wrote artifact SemanticManifest to C:\Users\antoniou.athanasis\Desktop\adtech-analytics\target\semantic_manifest.json
[0m16:39:02.632776 [debug] [MainThread]: Wrote artifact RunExecutionResult to C:\Users\antoniou.athanasis\Desktop\adtech-analytics\target\run_results.json
[0m16:39:02.718716 [debug] [MainThread]: Acquiring new duckdb connection 'generate_catalog'
[0m16:39:02.718975 [info ] [MainThread]: Building catalog
[0m16:39:02.724866 [debug] [ThreadPool]: Acquiring new duckdb connection 'dev.information_schema'
[0m16:39:02.728497 [debug] [ThreadPool]: Using duckdb connection "dev.information_schema"
[0m16:39:02.728757 [debug] [ThreadPool]: On dev.information_schema: BEGIN
[0m16:39:02.728897 [debug] [ThreadPool]: Opening a new connection, currently in state init
[0m16:39:02.729405 [debug] [ThreadPool]: SQL status: OK in 0.000 seconds
[0m16:39:02.729589 [debug] [ThreadPool]: Using duckdb connection "dev.information_schema"
[0m16:39:02.729745 [debug] [ThreadPool]: On dev.information_schema: /* {"app": "dbt", "dbt_version": "1.11.11", "profile_name": "adtech", "target_name": "dev", "connection_name": "dev.information_schema"} */
with relations AS (
      select
        t.table_name
        , t.database_name
        , t.schema_name
        , 'BASE TABLE' as table_type
        , t.comment as table_comment
      from duckdb_tables() t
      WHERE t.database_name = 'dev'
      UNION ALL
      SELECT v.view_name as table_name
      , v.database_name
      , v.schema_name
      , 'VIEW' as table_type
      , v.comment as table_comment
      from duckdb_views() v
      WHERE v.database_name = 'dev'
    )
    select
        'dev' as table_database,
        r.schema_name as table_schema,
        r.table_name,
        r.table_type,
        r.table_comment,
        c.column_name,
        c.column_index as column_index,
        c.data_type as column_type,
        c.comment as column_comment,
        NULL as table_owner
    FROM relations r JOIN duckdb_columns() c ON r.schema_name = c.schema_name AND r.table_name = c.table_name
    WHERE (upper(r.schema_name) = upper('snapshots') or upper(r.schema_name) = upper('main'))
    ORDER BY
        r.schema_name,
        r.table_name,
        c.column_index
[0m16:39:02.737734 [debug] [ThreadPool]: SQL status: OK in 0.008 seconds
[0m16:39:02.739730 [debug] [ThreadPool]: On dev.information_schema: ROLLBACK
[0m16:39:02.740129 [debug] [ThreadPool]: Failed to rollback 'dev.information_schema'
[0m16:39:02.740288 [debug] [ThreadPool]: On dev.information_schema: Close
[0m16:39:02.747073 [debug] [MainThread]: Wrote artifact CatalogArtifact to C:\Users\antoniou.athanasis\Desktop\adtech-analytics\target\catalog.json
[0m16:39:02.762573 [debug] [MainThread]: Wrote artifact WritableManifest to C:\Users\antoniou.athanasis\Desktop\adtech-analytics\target\manifest.json
[0m16:39:02.763849 [debug] [MainThread]: Wrote artifact SemanticManifest to C:\Users\antoniou.athanasis\Desktop\adtech-analytics\target\semantic_manifest.json
[0m16:39:02.764032 [info ] [MainThread]: Catalog written to C:\Users\antoniou.athanasis\Desktop\adtech-analytics\target\catalog.json
[0m16:39:02.764652 [debug] [MainThread]: Command `dbt docs generate` succeeded at 16:39:02.764565 after 0.92 seconds
[0m16:39:02.764831 [debug] [MainThread]: Connection 'generate_catalog' was properly closed.
[0m16:39:02.764967 [debug] [MainThread]: Connection 'dev.information_schema' was properly closed.
[0m16:39:02.765126 [debug] [MainThread]: Sending event: {'category': 'dbt', 'action': 'invocation', 'label': 'end', 'context': [<snowplow_tracker.self_describing_json.SelfDescribingJson object at 0x000001C8E393BB90>, <snowplow_tracker.self_describing_json.SelfDescribingJson object at 0x000001C8E39F8520>, <snowplow_tracker.self_describing_json.SelfDescribingJson object at 0x000001C8E4F212E0>]}
[0m16:39:02.765316 [debug] [MainThread]: Flushing usage events
[0m16:39:03.626569 [debug] [MainThread]: An error was encountered while trying to flush usage events
[0m16:39:16.643026 [debug] [MainThread]: Sending event: {'category': 'dbt', 'action': 'invocation', 'label': 'start', 'context': [<snowplow_tracker.self_describing_json.SelfDescribingJson object at 0x0000018D26E59400>, <snowplow_tracker.self_describing_json.SelfDescribingJson object at 0x0000018D24643D90>, <snowplow_tracker.self_describing_json.SelfDescribingJson object at 0x0000018D2921B890>]}


============================== 16:39:16.645976 | 50dff21a-d3b6-47d6-9318-9bfda6071ccd ==============================
[0m16:39:16.645976 [info ] [MainThread]: Running with dbt=1.11.11
[0m16:39:16.646389 [debug] [MainThread]: running dbt with arguments {'static_parser': 'True', 'no_print': 'None', 'version_check': 'True', 'warn_error_options': 'WarnErrorOptionsV2(error=[], warn=[], silence=[])', 'target_path': 'None', 'printer_width': '80', 'write_json': 'True', 'introspect': 'True', 'log_cache_events': 'False', 'empty': 'None', 'cache_selected_only': 'False', 'log_format': 'default', 'debug': 'False', 'fail_fast': 'False', 'profiles_dir': '.', 'send_anonymous_usage_stats': 'True', 'quiet': 'False', 'warn_error': 'None', 'partial_parse': 'True', 'invocation_command': 'dbt docs serve --profiles-dir .', 'indirect_selection': 'eager', 'use_colors': 'True', 'use_experimental_parser': 'False', 'log_path': 'C:\\Users\\antoniou.athanasis\\Desktop\\adtech-analytics\\logs'}
[0m16:39:16.779945 [debug] [MainThread]: Sending event: {'category': 'dbt', 'action': 'project_id', 'label': '50dff21a-d3b6-47d6-9318-9bfda6071ccd', 'context': [<snowplow_tracker.self_describing_json.SelfDescribingJson object at 0x0000018D292FDCD0>]}
[0m16:39:16.821349 [debug] [MainThread]: Sending event: {'category': 'dbt', 'action': 'adapter_info', 'label': '50dff21a-d3b6-47d6-9318-9bfda6071ccd', 'context': [<snowplow_tracker.self_describing_json.SelfDescribingJson object at 0x0000018D2793FBD0>]}
[0m16:40:49.095200 [error] [MainThread]: Encountered an error:

[0m16:40:49.115214 [error] [MainThread]: Traceback (most recent call last):
  File "C:\Users\antoniou.athanasis\Desktop\adtech-analytics\.venv\Lib\site-packages\dbt\cli\requires.py", line 182, in wrapper
    result, success = func(*args, **kwargs)
                      ~~~~^^^^^^^^^^^^^^^^^
  File "C:\Users\antoniou.athanasis\Desktop\adtech-analytics\.venv\Lib\site-packages\dbt\cli\requires.py", line 128, in wrapper
    return func(*args, **kwargs)
  File "C:\Users\antoniou.athanasis\Desktop\adtech-analytics\.venv\Lib\site-packages\dbt\cli\requires.py", line 276, in wrapper
    return func(*args, **kwargs)
  File "C:\Users\antoniou.athanasis\Desktop\adtech-analytics\.venv\Lib\site-packages\dbt\cli\requires.py", line 321, in wrapper
    return func(*args, **kwargs)
  File "C:\Users\antoniou.athanasis\Desktop\adtech-analytics\.venv\Lib\site-packages\dbt\cli\requires.py", line 368, in wrapper
    return func(*args, **kwargs)
  File "C:\Users\antoniou.athanasis\Desktop\adtech-analytics\.venv\Lib\site-packages\dbt\cli\main.py", line 309, in docs_serve
    results = task.run()
  File "C:\Users\antoniou.athanasis\Desktop\adtech-analytics\.venv\Lib\site-packages\dbt\task\docs\serve.py", line 29, in run
    httpd.serve_forever()
    ~~~~~~~~~~~~~~~~~~~^^
  File "C:\Users\antoniou.athanasis\AppData\Local\Python\pythoncore-3.14-64\Lib\socketserver.py", line 235, in serve_forever
    ready = selector.select(poll_interval)
  File "C:\Users\antoniou.athanasis\AppData\Local\Python\pythoncore-3.14-64\Lib\selectors.py", line 314, in select
    r, w, _ = self._select(self._readers, self._writers, [], timeout)
              ~~~~~~~~~~~~^^^^^^^^^^^^^^^^^^^^^^^^^^^^^^^^^^^^^^^^^^^
  File "C:\Users\antoniou.athanasis\AppData\Local\Python\pythoncore-3.14-64\Lib\selectors.py", line 305, in _select
    r, w, x = select.select(r, w, w, timeout)
              ~~~~~~~~~~~~~^^^^^^^^^^^^^^^^^^
KeyboardInterrupt

[0m16:40:49.115934 [debug] [MainThread]: Command `dbt docs serve` failed at 16:40:49.115849 after 92.55 seconds
[0m16:40:49.116207 [debug] [MainThread]: Sending event: {'category': 'dbt', 'action': 'invocation', 'label': 'end', 'context': [<snowplow_tracker.self_describing_json.SelfDescribingJson object at 0x0000018D29714C50>, <snowplow_tracker.self_describing_json.SelfDescribingJson object at 0x0000018D29714F50>, <snowplow_tracker.self_describing_json.SelfDescribingJson object at 0x0000018D297317C0>]}
[0m16:40:49.116463 [debug] [MainThread]: Flushing usage events
[0m16:40:49.978154 [debug] [MainThread]: An error was encountered while trying to flush usage events
